Using pre-set license
Built from '2022.3/china_unity/release' branch; Version is '2022.3.55f1c1 (06b99830297d) revision 440728'; Using compiler version '192829333'; Build Type 'Release'
OS: 'Windows 11  (10.0.22631) 64bit Professional' Language: 'zh' Physical Memory: 32542 MB
BatchMode: 1, IsHumanControllingUs: 0, StartBugReporterOnCrash: 0, Is64bit: 1, IsPro: 1

COMMAND LINE ARGUMENTS:
C:\Program Files\Unity\Hub\Editor\2022.3.55f1c1\Editor\Unity.exe
-adb2
-batchMode
-noUpm
-name
AssetImportWorker1
-projectPath
D:/UnityWork/PointPointPoint/PointPointPoint/Point
-logFile
Logs/AssetImportWorker1.log
-srvPort
64148
Successfully changed project path to: D:/UnityWork/PointPointPoint/PointPointPoint/Point
D:/UnityWork/PointPointPoint/PointPointPoint/Point
[UnityMemory] Configuration Parameters - Can be set up in boot.config
    "memorysetup-bucket-allocator-granularity=16"
    "memorysetup-bucket-allocator-bucket-count=8"
    "memorysetup-bucket-allocator-block-size=33554432"
    "memorysetup-bucket-allocator-block-count=8"
    "memorysetup-main-allocator-block-size=16777216"
    "memorysetup-thread-allocator-block-size=16777216"
    "memorysetup-gfx-main-allocator-block-size=16777216"
    "memorysetup-gfx-thread-allocator-block-size=16777216"
    "memorysetup-cache-allocator-block-size=4194304"
    "memorysetup-typetree-allocator-block-size=2097152"
    "memorysetup-profiler-bucket-allocator-granularity=16"
    "memorysetup-profiler-bucket-allocator-bucket-count=8"
    "memorysetup-profiler-bucket-allocator-block-size=33554432"
    "memorysetup-profiler-bucket-allocator-block-count=8"
    "memorysetup-profiler-allocator-block-size=16777216"
    "memorysetup-profiler-editor-allocator-block-size=1048576"
    "memorysetup-temp-allocator-size-main=16777216"
    "memorysetup-job-temp-allocator-block-size=2097152"
    "memorysetup-job-temp-allocator-block-size-background=1048576"
    "memorysetup-job-temp-allocator-reduction-small-platforms=262144"
    "memorysetup-allocator-temp-initial-block-size-main=262144"
    "memorysetup-allocator-temp-initial-block-size-worker=262144"
    "memorysetup-temp-allocator-size-background-worker=32768"
    "memorysetup-temp-allocator-size-job-worker=262144"
    "memorysetup-temp-allocator-size-preload-manager=33554432"
    "memorysetup-temp-allocator-size-nav-mesh-worker=65536"
    "memorysetup-temp-allocator-size-audio-worker=65536"
    "memorysetup-temp-allocator-size-cloud-worker=32768"
    "memorysetup-temp-allocator-size-gi-baking-worker=262144"
    "memorysetup-temp-allocator-size-gfx=262144"
Player connection [27060]  Target information:

Player connection [27060]  * "[IP] 10.98.246.23 [Port] 0 [Flags] 2 [Guid] 3961007295 [EditorId] 3961007295 [Version] 1048832 [Id] WindowsEditor(7,V_ZRAYCHEN-PCO8) [Debug] 1 [PackageName] WindowsEditor [ProjectName] Editor" 

Player connection [27060]  * "[IP] 192.168.255.10 [Port] 0 [Flags] 2 [Guid] 3961007295 [EditorId] 3961007295 [Version] 1048832 [Id] WindowsEditor(7,V_ZRAYCHEN-PCO8) [Debug] 1 [PackageName] WindowsEditor [ProjectName] Editor" 

Player connection [27060] Host joined multi-casting on [225.0.0.222:54997]...
Player connection [27060] Host joined alternative multi-casting on [225.0.0.222:34997]...
[PhysX] Initialized MultithreadedTaskDispatcher with 8 workers.
Refreshing native plugins compatible for Editor in 9.82 ms, found 3 plugins.
Preloading 0 native plugins for Editor in 0.00 ms.
Initialize engine version: 2022.3.55f1c1 (06b99830297d)
[Subsystems] Discovering subsystems at path C:/Program Files/Unity/Hub/Editor/2022.3.55f1c1/Editor/Data/Resources/UnitySubsystems
[Subsystems] Discovering subsystems at path D:/UnityWork/PointPointPoint/PointPointPoint/Point/Assets
GfxDevice: creating device client; threaded=0; jobified=0
Direct3D:
    Version:  Direct3D 11.0 [level 11.1]
    Renderer: NVIDIA GeForce RTX 2060 (ID=0x1f08)
    Vendor:   NVIDIA
    VRAM:     5955 MB
    Driver:   32.0.15.5635
Initialize mono
Mono path[0] = 'C:/Program Files/Unity/Hub/Editor/2022.3.55f1c1/Editor/Data/Managed'
Mono path[1] = 'C:/Program Files/Unity/Hub/Editor/2022.3.55f1c1/Editor/Data/MonoBleedingEdge/lib/mono/unityjit-win32'
Mono config path = 'C:/Program Files/Unity/Hub/Editor/2022.3.55f1c1/Editor/Data/MonoBleedingEdge/etc'
Using monoOptions --debugger-agent=transport=dt_socket,embedding=1,server=y,suspend=n,address=127.0.0.1:56520
Begin MonoManager ReloadAssembly
Registering precompiled unity dll's ...
Register platform support module: C:/Program Files/Unity/Hub/Editor/2022.3.55f1c1/Editor/Data/PlaybackEngines/WebGLSupport/UnityEditor.WebGL.Extensions.dll
Register platform support module: C:/Program Files/Unity/Hub/Editor/2022.3.55f1c1/Editor/Data/PlaybackEngines/WindowsStandaloneSupport/UnityEditor.WindowsStandalone.Extensions.dll
Registered in 0.004403 seconds.
- Loaded All Assemblies, in  0.380 seconds
Native extension for WindowsStandalone target not found
Native extension for WebGL target not found
Mono: successfully reloaded assembly
- Finished resetting the current domain, in  0.302 seconds
Domain Reload Profiling: 683ms
	BeginReloadAssembly (113ms)
		ExecutionOrderSort (0ms)
		DisableScriptedObjects (0ms)
		BackupInstance (0ms)
		ReleaseScriptingObjects (0ms)
		CreateAndSetChildDomain (1ms)
	RebuildCommonClasses (37ms)
	RebuildNativeTypeToScriptingClass (11ms)
	initialDomainReloadingComplete (60ms)
	LoadAllAssembliesAndSetupDomain (159ms)
		LoadAssemblies (112ms)
		RebuildTransferFunctionScriptingTraits (0ms)
		AnalyzeDomain (157ms)
			TypeCache.Refresh (156ms)
				TypeCache.ScanAssembly (142ms)
			ScanForSourceGeneratedMonoScriptInfo (0ms)
			ResolveRequiredComponents (0ms)
	FinalizeReload (303ms)
		ReleaseScriptCaches (0ms)
		RebuildScriptCaches (0ms)
		SetupLoadedEditorAssemblies (239ms)
			LogAssemblyErrors (0ms)
			InitializePlatformSupportModulesInManaged (10ms)
			SetLoadedEditorAssemblies (7ms)
			RefreshPlugins (0ms)
			BeforeProcessingInitializeOnLoad (2ms)
			ProcessInitializeOnLoadAttributes (164ms)
			ProcessInitializeOnLoadMethodAttributes (55ms)
			AfterProcessingInitializeOnLoad (0ms)
			EditorAssembliesLoaded (0ms)
		ExecutionOrderSort2 (0ms)
		AwakeInstancesAfterBackupRestoration (0ms)
========================================================================
Worker process is ready to serve import requests
Caller must complete domain reload
Begin MonoManager ReloadAssembly
- Loaded All Assemblies, in  0.650 seconds
Native extension for WindowsStandalone target not found
Native extension for WebGL target not found
Mono: successfully reloaded assembly
- Finished resetting the current domain, in  0.614 seconds
Domain Reload Profiling: 1264ms
	BeginReloadAssembly (162ms)
		ExecutionOrderSort (0ms)
		DisableScriptedObjects (6ms)
		BackupInstance (0ms)
		ReleaseScriptingObjects (0ms)
		CreateAndSetChildDomain (22ms)
	RebuildCommonClasses (37ms)
	RebuildNativeTypeToScriptingClass (12ms)
	initialDomainReloadingComplete (39ms)
	LoadAllAssembliesAndSetupDomain (399ms)
		LoadAssemblies (286ms)
		RebuildTransferFunctionScriptingTraits (0ms)
		AnalyzeDomain (212ms)
			TypeCache.Refresh (189ms)
				TypeCache.ScanAssembly (172ms)
			ScanForSourceGeneratedMonoScriptInfo (17ms)
			ResolveRequiredComponents (6ms)
	FinalizeReload (615ms)
		ReleaseScriptCaches (0ms)
		RebuildScriptCaches (0ms)
		SetupLoadedEditorAssemblies (464ms)
			LogAssemblyErrors (0ms)
			InitializePlatformSupportModulesInManaged (7ms)
			SetLoadedEditorAssemblies (3ms)
			RefreshPlugins (0ms)
			BeforeProcessingInitializeOnLoad (60ms)
			ProcessInitializeOnLoadAttributes (369ms)
			ProcessInitializeOnLoadMethodAttributes (22ms)
			AfterProcessingInitializeOnLoad (2ms)
			EditorAssembliesLoaded (0ms)
		ExecutionOrderSort2 (0ms)
		AwakeInstancesAfterBackupRestoration (11ms)
Launched and connected shader compiler UnityShaderCompiler.exe after 0.07 seconds
Refreshing native plugins compatible for Editor in 4.02 ms, found 3 plugins.
Preloading 0 native plugins for Editor in 0.00 ms.
Unloading 3135 Unused Serialized files (Serialized files now loaded: 0)
Unloading 19 unused Assets / (54.5 KB). Loaded Objects now: 3601.
Memory consumption went from 119.0 MB to 118.9 MB.
Total: 2.757800 ms (FindLiveObjects: 0.237700 ms CreateObjectMapping: 0.208400 ms MarkObjects: 2.218300 ms  DeleteObjects: 0.092500 ms)

AssetImportParameters requested are different than current active one (requested -> active):
  custom:container-demuxer-ogg: 62fdf1f143b41e24485cea50d1cbac27 -> 
  custom:video-codec-MediaFoundation-h265: 746d11721c4dcdbdad8f713fa42b33f4 -> 
  custom:video-decoder-ogg-theora: a1e56fd34408186e4bbccfd4996cb3dc -> 
  custom:framework-win-MediaFoundation: 216162199b28c13a410421893ffa2e32 -> 
  custom:CustomObjectIndexerAttribute: 9a22284fe3817be447336de3de66b15e -> 
  custom:container-demuxer-webm: 4f35f7cbe854078d1ac9338744f61a02 -> 
  custom:container-muxer-webm: aa71ff27fc2769a1b78a27578f13a17b -> 
  custom:video-decoder-webm-vp8: 9c59270c3fd7afecdb556c50c9e8de78 -> 
  custom:SearchIndexIgnoredProperties: e643bd26f0fe6173181afceb89e7c659 -> 
  custom:AudioImporter_EditorPlatform: d09bf68614088b80899f8185d706f6e7 -> 
  custom:video-encoder-webm-vp8: eb34c28f22e8b96e1ab97ce403110664 -> 
  custom:audio-decoder-ogg-vorbis: bf7c407c2cedff20999df2af8eb42d56 -> 
  custom:audio-encoder-webm-vorbis: bf7c407c2cedff20999df2af8eb42d56 -> 
========================================================================
Received Prepare
Caller must complete domain reload
Begin MonoManager ReloadAssembly
- Loaded All Assemblies, in  0.485 seconds
Native extension for WindowsStandalone target not found
Native extension for WebGL target not found
Mono: successfully reloaded assembly
- Finished resetting the current domain, in  3.883 seconds
Domain Reload Profiling: 4367ms
	BeginReloadAssembly (176ms)
		ExecutionOrderSort (0ms)
		DisableScriptedObjects (5ms)
		BackupInstance (0ms)
		ReleaseScriptingObjects (0ms)
		CreateAndSetChildDomain (36ms)
	RebuildCommonClasses (35ms)
	RebuildNativeTypeToScriptingClass (12ms)
	initialDomainReloadingComplete (26ms)
	LoadAllAssembliesAndSetupDomain (235ms)
		LoadAssemblies (305ms)
		RebuildTransferFunctionScriptingTraits (0ms)
		AnalyzeDomain (25ms)
			TypeCache.Refresh (10ms)
				TypeCache.ScanAssembly (2ms)
			ScanForSourceGeneratedMonoScriptInfo (7ms)
			ResolveRequiredComponents (7ms)
	FinalizeReload (3883ms)
		ReleaseScriptCaches (0ms)
		RebuildScriptCaches (0ms)
		SetupLoadedEditorAssemblies (397ms)
			LogAssemblyErrors (0ms)
			InitializePlatformSupportModulesInManaged (7ms)
			SetLoadedEditorAssemblies (3ms)
			RefreshPlugins (0ms)
			BeforeProcessingInitializeOnLoad (57ms)
			ProcessInitializeOnLoadAttributes (300ms)
			ProcessInitializeOnLoadMethodAttributes (25ms)
			AfterProcessingInitializeOnLoad (5ms)
			EditorAssembliesLoaded (0ms)
		ExecutionOrderSort2 (0ms)
		AwakeInstancesAfterBackupRestoration (17ms)
Refreshing native plugins compatible for Editor in 4.93 ms, found 3 plugins.
Preloading 0 native plugins for Editor in 0.00 ms.
Unloading 3173 Unused Serialized files (Serialized files now loaded: 0)
Unloading 14 unused Assets / (28.5 KB). Loaded Objects now: 3649.
Memory consumption went from 118.9 MB to 118.9 MB.
Total: 2.649700 ms (FindLiveObjects: 0.275000 ms CreateObjectMapping: 0.292500 ms MarkObjects: 2.041100 ms  DeleteObjects: 0.039700 ms)

Prepare: number of updated asset objects reloaded= 0
AssetImportParameters requested are different than current active one (requested -> active):
  custom:scripting/monoscript/fileName/UdpSocket.cs: 5c2b80a042c65f789ef7f3c889fd101f -> 7555d065f81d23e6604acb91cf79ddd6
  custom:scripting/monoscript/fileName/Image.cs: 31ff8141403f4cb357eb7bf7e9ffdaeb -> f32195bbbc1ca9edcb6c8c6185597e40
  custom:scripting/monoscript/fileName/Cli.cs: 3c2ed0c881a657a6a8d1cec2a5d27e18 -> d287e08b50f2cb135aa4d7f8e01b7ef9
  custom:scripting/monoscript/fileName/KnownAssemblies.cs: 5a9878fa8cd33efc58225a4622d3c409 -> 286bea9f8fcee5e392f6fc0f0cd541c8
  custom:scripting/monoscript/fileName/SimpleJSON.cs: 2249b1d8736d53bdbb860984e9900714 -> 70c028a07c79c166db015acda1282d86
  custom:container-demuxer-ogg: 62fdf1f143b41e24485cea50d1cbac27 -> 
  custom:scripting/monoscript/fileName/SolutionProjectEntry.cs: 2cdbeb47f8763ac80d7836f6135300a9 -> 68cea09e9af09443edf61e18806ac1c2
  custom:scripting/monoscript/fileName/TcpListener.cs: 61afd6a8605bfd0084b595d2a15e8b2e -> 940bfdac0e91ad2884e6359468f2782a
  custom:scripting/monoscript/fileName/TcpClient.cs: 55a65447af3e4d6ecee8fd6d8f8731bd -> a949cfd4c46427829913ee0195fa0103
  custom:video-codec-MediaFoundation-h265: 746d11721c4dcdbdad8f713fa42b33f4 -> 
  custom:scripting/monoscript/fileName/LegacyStyleProjectGeneration.cs: 8aa3d3f0dc4d59c1ad013b88ff81a18d -> 4858a0ab74312ccaa3ff27a510a9d575
  custom:scripting/monoscript/fileName/FileUtility.cs: ce7e1c41f3666e04a20e8ab169333163 -> 2d70b80c72be1fb3b2b89ce0939e8cef
  custom:video-decoder-ogg-theora: a1e56fd34408186e4bbccfd4996cb3dc -> 
  custom:framework-win-MediaFoundation: 216162199b28c13a410421893ffa2e32 -> 
  custom:scripting/monoscript/fileName/VisualStudioCursorInstallation.cs: 95dc478876e6707a7e0d3e4422a08b22 -> 
  custom:scripting/monoscript/fileName/Messenger.cs: e1a29b4f8717764c5ff32215b741de2c -> f4ebc46d09b2b4de489946914db2aae0
  custom:scripting/monoscript/fileName/ProcessRunner.cs: 9913dac524d7fba7e53010bd3e109769 -> 932a2a80cb9a3539199f645deff3c585
  custom:scripting/monoscript/fileName/ExceptionEventArgs.cs: c1fb418063f3fe95153ce19939c50281 -> 27cb4c00a4137b184e01164606c88685
  custom:scripting/monoscript/fileName/ProjectGeneration.cs: 9ecb66398cf426136e1427db129d71bc -> 5d892aecaaa9b5c9f4162e2ae2b374ef
  custom:scripting/monoscript/fileName/Symbols.cs: 37055ad381792899bea2e26647ce5ae9 -> 27613575e8bda8a6448f80ff27c488f9
  custom:scripting/monoscript/fileName/VersionPair.cs: 219dda7a75299c084fd265cf8d4d22ac -> 88b4a0b7e953537f26ded0a68cf4c238
  custom:CustomObjectIndexerAttribute: 9a22284fe3817be447336de3de66b15e -> 
  custom:scripting/monoscript/fileName/TestResultAdaptor.cs: 9b1d3d6bb50f08d85d0c8ba1d01b312d -> fb4db3971d5379750cda884e7e44e3e4
  custom:scripting/monoscript/fileName/VisualStudioEditor.cs: edffea2b56ff2fcda30202ca00e6de62 -> 21e59f688ad500ab61aca318850ec505
  custom:scripting/monoscript/fileName/VisualStudioInstallation.cs: d9bdf8280241f81cb63321a50b4ad2cb -> 41612f13db7783c8635801ab159c1079
  custom:container-demuxer-webm: 4f35f7cbe854078d1ac9338744f61a02 -> 
  custom:scripting/monoscript/fileName/Solution.cs: 6f57345c5a9c03cd9de52e226d588ae1 -> 8bc97d0abd509f39b67b3a5bbac1b9a1
  custom:scripting/monoscript/fileName/VisualStudioCodiumInstallation.cs: 8ee758ce837648e8a493211c15ac775a -> 
  custom:scripting/precompiled-assembly-types:Unity.Cursor.Editor: c4135f52e7ee32dfaf93d3e70b9c4e0a -> 
  custom:scripting/monoscript/fileName/GUIDProvider.cs: cb8edf978faeabcee864dce1a906a291 -> cdd3f47e4fe593d2dfdf9915fa537e3f
  custom:container-muxer-webm: aa71ff27fc2769a1b78a27578f13a17b -> 
  custom:video-decoder-webm-vp8: 9c59270c3fd7afecdb556c50c9e8de78 -> 
  custom:scripting/monoscript/fileName/MessageEventArgs.cs: 1019688f506e4394820040d9795c0a7d -> 528473bbcee3623fe954627c6bfadd2e
  custom:SearchIndexIgnoredProperties: e643bd26f0fe6173181afceb89e7c659 -> 
  custom:scripting/monoscript/fileName/ProjectProperties.cs: 2d74649e53a223aa9cd860921346e9bd -> 407063898a13eaad2cd100e43551c6b5
  custom:AudioImporter_EditorPlatform: d09bf68614088b80899f8185d706f6e7 -> 
  custom:scripting/monoscript/fileName/UnityInstallation.cs: e77a4cd80130bf9635eda265c59fc585 -> 0ba30d4545f2c34a9323456723b5dbfe
  custom:scripting/monoscript/fileName/SolutionParser.cs: 28362f3ad5ff471d352dad937c4f46f0 -> 240a75b5fc2682997268aa77e6a1dd86
  custom:scripting/monoscript/fileName/TestAdaptor.cs: 5be3b7fc797cbdb67976ea5fdb904de5 -> 486cec8559bad7c56adc699f165feb67
  custom:scripting/monoscript/fileName/Discovery.cs: 43295ac1709a058ba3ec01d8585e170c -> 2b1006b9be47307c73378eaafc98b6fb
  custom:scripting/monoscript/fileName/VisualStudioIntegration.cs: f837b233b752d741f76e0990c5fad160 -> f9e623c49f9f20ea97a4519aa48d72d4
  custom:scripting/monoscript/fileName/FileIOProvider.cs: 081176a77b8b51898d4a1d6cfbab48ce -> 304525d180d2b661ce338fc8a3225752
  custom:scripting/monoscript/fileName/SdkStyleProjectGeneration.cs: 0d12ba8b4cce4103aedd4f5c89736364 -> bbd8a39d16aad1a0b8d5240b1f43f4a4
  custom:video-encoder-webm-vp8: eb34c28f22e8b96e1ab97ce403110664 -> 
  custom:audio-decoder-ogg-vorbis: bf7c407c2cedff20999df2af8eb42d56 -> 
  custom:scripting/monoscript/fileName/SolutionProperties.cs: 0b7dbd9dc0e3af7f872e6112fa6f596e -> ab8751e49ae2f3d9994444a0a38619bd
  custom:scripting/monoscript/fileName/TestRunnerApiListener.cs: 9b7ed325f86e08c020c1bdc783d9bb51 -> cc17cec8825a8f933d6ecbd68d51f1de
  custom:scripting/monoscript/fileName/AssemblyNameProvider.cs: 06c09785a9ef49a49b329ed384758248 -> 170b0fd934f78f2e6a09342014bfa1fc
  custom:scripting/monoscript/fileName/Serializer.cs: 44df498e13906e45a2828923a7f89ac6 -> d7df1b97d0a3bd0bb98fd4d2d5bf5d29
  custom:scripting/monoscript/fileName/Message.cs: 3d319f70d9870482a245157c25577c4e -> 671a789acb2c7a93d0b620fe02979957
  custom:scripting/monoscript/fileName/Deserializer.cs: 7a4843246f0d5a1b063e9a6fef778397 -> 1cc72e9ed2428cc6d6ce2d4d2ad7b02b
  custom:audio-encoder-webm-vorbis: bf7c407c2cedff20999df2af8eb42d56 -> 
  custom:scripting/monoscript/fileName/TestRunnerCallbacks.cs: 901a1f98c6fdb76be420d56e91fe540d -> 5627cb9f4ed769fba607b0cab8e9e63d
  custom:scripting/monoscript/fileName/AsyncOperation.cs: 8f6297df34271fdb1ce2d9607ec6261d -> 90647cc400823b41df847a6cbfc29026
  custom:scripting/monoscript/fileName/UsageUtility.cs: 3f044a4563e8e23515be1e6c9e7e0fc7 -> 5ed3d13206b2b96245ce59a5c83beed1
========================================================================
Received Prepare
Caller must complete domain reload
Begin MonoManager ReloadAssembly
- Loaded All Assemblies, in  1.283 seconds
Native extension for WindowsStandalone target not found
Native extension for WebGL target not found
Mono: successfully reloaded assembly
- Finished resetting the current domain, in  2.013 seconds
Domain Reload Profiling: 3296ms
	BeginReloadAssembly (604ms)
		ExecutionOrderSort (0ms)
		DisableScriptedObjects (15ms)
		BackupInstance (0ms)
		ReleaseScriptingObjects (0ms)
		CreateAndSetChildDomain (182ms)
	RebuildCommonClasses (103ms)
	RebuildNativeTypeToScriptingClass (42ms)
	initialDomainReloadingComplete (70ms)
	LoadAllAssembliesAndSetupDomain (465ms)
		LoadAssemblies (772ms)
		RebuildTransferFunctionScriptingTraits (0ms)
		AnalyzeDomain (34ms)
			TypeCache.Refresh (15ms)
				TypeCache.ScanAssembly (0ms)
			ScanForSourceGeneratedMonoScriptInfo (11ms)
			ResolveRequiredComponents (7ms)
	FinalizeReload (2014ms)
		ReleaseScriptCaches (0ms)
		RebuildScriptCaches (0ms)
		SetupLoadedEditorAssemblies (823ms)
			LogAssemblyErrors (0ms)
			InitializePlatformSupportModulesInManaged (17ms)
			SetLoadedEditorAssemblies (7ms)
			RefreshPlugins (0ms)
			BeforeProcessingInitializeOnLoad (146ms)
			ProcessInitializeOnLoadAttributes (607ms)
			ProcessInitializeOnLoadMethodAttributes (42ms)
			AfterProcessingInitializeOnLoad (3ms)
			EditorAssembliesLoaded (0ms)
		ExecutionOrderSort2 (0ms)
		AwakeInstancesAfterBackupRestoration (14ms)
Refreshing native plugins compatible for Editor in 6.07 ms, found 3 plugins.
Preloading 0 native plugins for Editor in 0.00 ms.
Unloading 3174 Unused Serialized files (Serialized files now loaded: 0)
Unloading 14 unused Assets / (28.5 KB). Loaded Objects now: 3653.
Memory consumption went from 119.0 MB to 118.9 MB.
Total: 2.868800 ms (FindLiveObjects: 0.267400 ms CreateObjectMapping: 0.216300 ms MarkObjects: 2.334600 ms  DeleteObjects: 0.049100 ms)

Prepare: number of updated asset objects reloaded= 0
AssetImportParameters requested are different than current active one (requested -> active):
  custom:scripting/monoscript/fileName/UdpSocket.cs: 5c2b80a042c65f789ef7f3c889fd101f -> 7555d065f81d23e6604acb91cf79ddd6
  custom:scripting/monoscript/fileName/Image.cs: 31ff8141403f4cb357eb7bf7e9ffdaeb -> f32195bbbc1ca9edcb6c8c6185597e40
  custom:scripting/monoscript/fileName/Cli.cs: 3c2ed0c881a657a6a8d1cec2a5d27e18 -> d287e08b50f2cb135aa4d7f8e01b7ef9
  custom:scripting/monoscript/fileName/KnownAssemblies.cs: 5a9878fa8cd33efc58225a4622d3c409 -> 286bea9f8fcee5e392f6fc0f0cd541c8
  custom:scripting/monoscript/fileName/SimpleJSON.cs: 2249b1d8736d53bdbb860984e9900714 -> 70c028a07c79c166db015acda1282d86
  custom:container-demuxer-ogg: 62fdf1f143b41e24485cea50d1cbac27 -> 
  custom:scripting/monoscript/fileName/SolutionProjectEntry.cs: 2cdbeb47f8763ac80d7836f6135300a9 -> 68cea09e9af09443edf61e18806ac1c2
  custom:scripting/monoscript/fileName/TcpListener.cs: 61afd6a8605bfd0084b595d2a15e8b2e -> 940bfdac0e91ad2884e6359468f2782a
  custom:scripting/monoscript/fileName/TcpClient.cs: 55a65447af3e4d6ecee8fd6d8f8731bd -> a949cfd4c46427829913ee0195fa0103
  custom:video-codec-MediaFoundation-h265: 746d11721c4dcdbdad8f713fa42b33f4 -> 
  custom:scripting/monoscript/fileName/LegacyStyleProjectGeneration.cs: 8aa3d3f0dc4d59c1ad013b88ff81a18d -> 4858a0ab74312ccaa3ff27a510a9d575
  custom:scripting/monoscript/fileName/FileUtility.cs: ce7e1c41f3666e04a20e8ab169333163 -> 2d70b80c72be1fb3b2b89ce0939e8cef
  custom:video-decoder-ogg-theora: a1e56fd34408186e4bbccfd4996cb3dc -> 
  custom:framework-win-MediaFoundation: 216162199b28c13a410421893ffa2e32 -> 
  custom:scripting/monoscript/fileName/VisualStudioCursorInstallation.cs: 95dc478876e6707a7e0d3e4422a08b22 -> 
  custom:scripting/monoscript/fileName/Messenger.cs: e1a29b4f8717764c5ff32215b741de2c -> f4ebc46d09b2b4de489946914db2aae0
  custom:scripting/monoscript/fileName/ProcessRunner.cs: 9913dac524d7fba7e53010bd3e109769 -> 932a2a80cb9a3539199f645deff3c585
  custom:scripting/monoscript/fileName/ExceptionEventArgs.cs: c1fb418063f3fe95153ce19939c50281 -> 27cb4c00a4137b184e01164606c88685
  custom:scripting/monoscript/fileName/ProjectGeneration.cs: 9ecb66398cf426136e1427db129d71bc -> 5d892aecaaa9b5c9f4162e2ae2b374ef
  custom:scripting/monoscript/fileName/Symbols.cs: 37055ad381792899bea2e26647ce5ae9 -> 27613575e8bda8a6448f80ff27c488f9
  custom:scripting/monoscript/fileName/VersionPair.cs: 219dda7a75299c084fd265cf8d4d22ac -> 88b4a0b7e953537f26ded0a68cf4c238
  custom:CustomObjectIndexerAttribute: 9a22284fe3817be447336de3de66b15e -> 
  custom:scripting/monoscript/fileName/TestResultAdaptor.cs: 9b1d3d6bb50f08d85d0c8ba1d01b312d -> fb4db3971d5379750cda884e7e44e3e4
  custom:scripting/monoscript/fileName/VisualStudioEditor.cs: edffea2b56ff2fcda30202ca00e6de62 -> 21e59f688ad500ab61aca318850ec505
  custom:scripting/monoscript/fileName/VisualStudioInstallation.cs: d9bdf8280241f81cb63321a50b4ad2cb -> 41612f13db7783c8635801ab159c1079
  custom:container-demuxer-webm: 4f35f7cbe854078d1ac9338744f61a02 -> 
  custom:scripting/monoscript/fileName/Solution.cs: 6f57345c5a9c03cd9de52e226d588ae1 -> 8bc97d0abd509f39b67b3a5bbac1b9a1
  custom:scripting/monoscript/fileName/VisualStudioCodiumInstallation.cs: 8ee758ce837648e8a493211c15ac775a -> 
  custom:scripting/precompiled-assembly-types:Unity.Cursor.Editor: c4135f52e7ee32dfaf93d3e70b9c4e0a -> 
  custom:scripting/monoscript/fileName/GUIDProvider.cs: cb8edf978faeabcee864dce1a906a291 -> cdd3f47e4fe593d2dfdf9915fa537e3f
  custom:container-muxer-webm: aa71ff27fc2769a1b78a27578f13a17b -> 
  custom:video-decoder-webm-vp8: 9c59270c3fd7afecdb556c50c9e8de78 -> 
  custom:scripting/monoscript/fileName/MessageEventArgs.cs: 1019688f506e4394820040d9795c0a7d -> 528473bbcee3623fe954627c6bfadd2e
  custom:SearchIndexIgnoredProperties: e643bd26f0fe6173181afceb89e7c659 -> 
  custom:scripting/monoscript/fileName/ProjectProperties.cs: 2d74649e53a223aa9cd860921346e9bd -> 407063898a13eaad2cd100e43551c6b5
  custom:AudioImporter_EditorPlatform: d09bf68614088b80899f8185d706f6e7 -> 
  custom:scripting/monoscript/fileName/UnityInstallation.cs: e77a4cd80130bf9635eda265c59fc585 -> 0ba30d4545f2c34a9323456723b5dbfe
  custom:scripting/monoscript/fileName/SolutionParser.cs: 28362f3ad5ff471d352dad937c4f46f0 -> 240a75b5fc2682997268aa77e6a1dd86
  custom:scripting/monoscript/fileName/TestAdaptor.cs: 5be3b7fc797cbdb67976ea5fdb904de5 -> 486cec8559bad7c56adc699f165feb67
  custom:scripting/monoscript/fileName/Discovery.cs: 43295ac1709a058ba3ec01d8585e170c -> 2b1006b9be47307c73378eaafc98b6fb
  custom:scripting/monoscript/fileName/VisualStudioIntegration.cs: f837b233b752d741f76e0990c5fad160 -> f9e623c49f9f20ea97a4519aa48d72d4
  custom:scripting/monoscript/fileName/FileIOProvider.cs: 081176a77b8b51898d4a1d6cfbab48ce -> 304525d180d2b661ce338fc8a3225752
  custom:scripting/monoscript/fileName/SdkStyleProjectGeneration.cs: 0d12ba8b4cce4103aedd4f5c89736364 -> bbd8a39d16aad1a0b8d5240b1f43f4a4
  custom:video-encoder-webm-vp8: eb34c28f22e8b96e1ab97ce403110664 -> 
  custom:audio-decoder-ogg-vorbis: bf7c407c2cedff20999df2af8eb42d56 -> 
  custom:scripting/monoscript/fileName/SolutionProperties.cs: 0b7dbd9dc0e3af7f872e6112fa6f596e -> ab8751e49ae2f3d9994444a0a38619bd
  custom:scripting/monoscript/fileName/TestRunnerApiListener.cs: 9b7ed325f86e08c020c1bdc783d9bb51 -> cc17cec8825a8f933d6ecbd68d51f1de
  custom:scripting/monoscript/fileName/AssemblyNameProvider.cs: 06c09785a9ef49a49b329ed384758248 -> 170b0fd934f78f2e6a09342014bfa1fc
  custom:scripting/monoscript/fileName/Serializer.cs: 44df498e13906e45a2828923a7f89ac6 -> d7df1b97d0a3bd0bb98fd4d2d5bf5d29
  custom:scripting/monoscript/fileName/Message.cs: 3d319f70d9870482a245157c25577c4e -> 671a789acb2c7a93d0b620fe02979957
  custom:scripting/monoscript/fileName/Deserializer.cs: 7a4843246f0d5a1b063e9a6fef778397 -> 1cc72e9ed2428cc6d6ce2d4d2ad7b02b
  custom:scripting/monoscript/fileName/Test.cs: 8289d0398bd9a051035a87365428a0e7 -> 
  custom:audio-encoder-webm-vorbis: bf7c407c2cedff20999df2af8eb42d56 -> 
  custom:scripting/monoscript/fileName/TestRunnerCallbacks.cs: 901a1f98c6fdb76be420d56e91fe540d -> 5627cb9f4ed769fba607b0cab8e9e63d
  custom:scripting/monoscript/fileName/AsyncOperation.cs: 8f6297df34271fdb1ce2d9607ec6261d -> 90647cc400823b41df847a6cbfc29026
  custom:scripting/precompiled-assembly-types:Assembly-CSharp: cad87785f746702e2b4f6866c3aeaa28 -> 
  custom:scripting/monoscript/fileName/UsageUtility.cs: 3f044a4563e8e23515be1e6c9e7e0fc7 -> 5ed3d13206b2b96245ce59a5c83beed1
========================================================================
Received Prepare
Caller must complete domain reload
Begin MonoManager ReloadAssembly
- Loaded All Assemblies, in  0.647 seconds
Native extension for WindowsStandalone target not found
Native extension for WebGL target not found
Mono: successfully reloaded assembly
- Finished resetting the current domain, in  1.247 seconds
Domain Reload Profiling: 1893ms
	BeginReloadAssembly (255ms)
		ExecutionOrderSort (0ms)
		DisableScriptedObjects (6ms)
		BackupInstance (0ms)
		ReleaseScriptingObjects (0ms)
		CreateAndSetChildDomain (46ms)
	RebuildCommonClasses (39ms)
	RebuildNativeTypeToScriptingClass (14ms)
	initialDomainReloadingComplete (30ms)
	LoadAllAssembliesAndSetupDomain (309ms)
		LoadAssemblies (368ms)
		RebuildTransferFunctionScriptingTraits (0ms)
		AnalyzeDomain (106ms)
			TypeCache.Refresh (83ms)
				TypeCache.ScanAssembly (70ms)
			ScanForSourceGeneratedMonoScriptInfo (16ms)
			ResolveRequiredComponents (6ms)
	FinalizeReload (1247ms)
		ReleaseScriptCaches (0ms)
		RebuildScriptCaches (0ms)
		SetupLoadedEditorAssemblies (458ms)
			LogAssemblyErrors (0ms)
			InitializePlatformSupportModulesInManaged (6ms)
			SetLoadedEditorAssemblies (4ms)
			RefreshPlugins (0ms)
			BeforeProcessingInitializeOnLoad (58ms)
			ProcessInitializeOnLoadAttributes (327ms)
			ProcessInitializeOnLoadMethodAttributes (48ms)
			AfterProcessingInitializeOnLoad (5ms)
			EditorAssembliesLoaded (10ms)
		ExecutionOrderSort2 (0ms)
		AwakeInstancesAfterBackupRestoration (30ms)
Refreshing native plugins compatible for Editor in 3.90 ms, found 3 plugins.
Preloading 0 native plugins for Editor in 0.00 ms.
Unloading 3174 Unused Serialized files (Serialized files now loaded: 0)
Unloading 14 unused Assets / (28.5 KB). Loaded Objects now: 3656.
Memory consumption went from 119.0 MB to 119.0 MB.
Total: 2.539000 ms (FindLiveObjects: 0.231800 ms CreateObjectMapping: 0.192000 ms MarkObjects: 2.081400 ms  DeleteObjects: 0.033000 ms)

Prepare: number of updated asset objects reloaded= 0
AssetImportParameters requested are different than current active one (requested -> active):
  custom:scripting/monoscript/fileName/UdpSocket.cs: 5c2b80a042c65f789ef7f3c889fd101f -> 7555d065f81d23e6604acb91cf79ddd6
  custom:scripting/monoscript/fileName/Image.cs: 31ff8141403f4cb357eb7bf7e9ffdaeb -> f32195bbbc1ca9edcb6c8c6185597e40
  custom:scripting/monoscript/fileName/Cli.cs: 3c2ed0c881a657a6a8d1cec2a5d27e18 -> d287e08b50f2cb135aa4d7f8e01b7ef9
  custom:scripting/monoscript/fileName/KnownAssemblies.cs: 5a9878fa8cd33efc58225a4622d3c409 -> 286bea9f8fcee5e392f6fc0f0cd541c8
  custom:scripting/monoscript/fileName/SimpleJSON.cs: 2249b1d8736d53bdbb860984e9900714 -> 70c028a07c79c166db015acda1282d86
  custom:container-demuxer-ogg: 62fdf1f143b41e24485cea50d1cbac27 -> 
  custom:scripting/precompiled-assembly-types:Unity.PlasticSCM.Editor: 72a23a7a65cae48dae511b6579c293e4 -> 7e4e003063ee77e81fbf11080919f8e6
  custom:scripting/monoscript/fileName/SolutionProjectEntry.cs: 2cdbeb47f8763ac80d7836f6135300a9 -> 68cea09e9af09443edf61e18806ac1c2
  custom:scripting/monoscript/fileName/TcpListener.cs: 61afd6a8605bfd0084b595d2a15e8b2e -> 940bfdac0e91ad2884e6359468f2782a
  custom:scripting/monoscript/fileName/TcpClient.cs: 55a65447af3e4d6ecee8fd6d8f8731bd -> a949cfd4c46427829913ee0195fa0103
  custom:video-codec-MediaFoundation-h265: 746d11721c4dcdbdad8f713fa42b33f4 -> 
  custom:scripting/monoscript/fileName/LegacyStyleProjectGeneration.cs: 8aa3d3f0dc4d59c1ad013b88ff81a18d -> 4858a0ab74312ccaa3ff27a510a9d575
  custom:scripting/monoscript/fileName/FileUtility.cs: ce7e1c41f3666e04a20e8ab169333163 -> 2d70b80c72be1fb3b2b89ce0939e8cef
  custom:video-decoder-ogg-theora: a1e56fd34408186e4bbccfd4996cb3dc -> 
  custom:framework-win-MediaFoundation: 216162199b28c13a410421893ffa2e32 -> 
  custom:scripting/monoscript/fileName/VisualStudioCursorInstallation.cs: 95dc478876e6707a7e0d3e4422a08b22 -> 
  custom:scripting/monoscript/fileName/Messenger.cs: e1a29b4f8717764c5ff32215b741de2c -> f4ebc46d09b2b4de489946914db2aae0
  custom:scripting/monoscript/fileName/ProcessRunner.cs: 9913dac524d7fba7e53010bd3e109769 -> 932a2a80cb9a3539199f645deff3c585
  custom:scripting/monoscript/fileName/ExceptionEventArgs.cs: c1fb418063f3fe95153ce19939c50281 -> 27cb4c00a4137b184e01164606c88685
  custom:scripting/monoscript/fileName/ProjectGeneration.cs: 9ecb66398cf426136e1427db129d71bc -> 5d892aecaaa9b5c9f4162e2ae2b374ef
  custom:scripting/monoscript/fileName/Symbols.cs: 37055ad381792899bea2e26647ce5ae9 -> 27613575e8bda8a6448f80ff27c488f9
  custom:scripting/monoscript/fileName/VersionPair.cs: 219dda7a75299c084fd265cf8d4d22ac -> 88b4a0b7e953537f26ded0a68cf4c238
  custom:scripting/precompiled-assembly-types:Unity.Timeline.Editor: b4313fba5652ee5a8449f3ec85f31ae4 -> 534d7c71c4dd9147ea00599cede121e1
  custom:CustomObjectIndexerAttribute: 9a22284fe3817be447336de3de66b15e -> 
  custom:scripting/monoscript/fileName/TestResultAdaptor.cs: 9b1d3d6bb50f08d85d0c8ba1d01b312d -> fb4db3971d5379750cda884e7e44e3e4
  custom:scripting/monoscript/fileName/VisualStudioEditor.cs: edffea2b56ff2fcda30202ca00e6de62 -> 21e59f688ad500ab61aca318850ec505
  custom:scripting/monoscript/fileName/VisualStudioInstallation.cs: d9bdf8280241f81cb63321a50b4ad2cb -> 41612f13db7783c8635801ab159c1079
  custom:container-demuxer-webm: 4f35f7cbe854078d1ac9338744f61a02 -> 
  custom:scripting/monoscript/fileName/Solution.cs: 6f57345c5a9c03cd9de52e226d588ae1 -> 8bc97d0abd509f39b67b3a5bbac1b9a1
  custom:scripting/monoscript/fileName/VisualStudioCodiumInstallation.cs: 8ee758ce837648e8a493211c15ac775a -> 
  custom:scripting/precompiled-assembly-types:Unity.Cursor.Editor: c4135f52e7ee32dfaf93d3e70b9c4e0a -> 
  custom:scripting/monoscript/fileName/GUIDProvider.cs: cb8edf978faeabcee864dce1a906a291 -> cdd3f47e4fe593d2dfdf9915fa537e3f
  custom:container-muxer-webm: aa71ff27fc2769a1b78a27578f13a17b -> 
  custom:video-decoder-webm-vp8: 9c59270c3fd7afecdb556c50c9e8de78 -> 
  custom:scripting/monoscript/fileName/MessageEventArgs.cs: 1019688f506e4394820040d9795c0a7d -> 528473bbcee3623fe954627c6bfadd2e
  custom:SearchIndexIgnoredProperties: e643bd26f0fe6173181afceb89e7c659 -> 
  custom:scripting/monoscript/fileName/ProjectProperties.cs: 2d74649e53a223aa9cd860921346e9bd -> 407063898a13eaad2cd100e43551c6b5
  custom:AudioImporter_EditorPlatform: d09bf68614088b80899f8185d706f6e7 -> 
  custom:scripting/monoscript/fileName/UnityInstallation.cs: e77a4cd80130bf9635eda265c59fc585 -> 0ba30d4545f2c34a9323456723b5dbfe
  custom:scripting/precompiled-assembly-types:Unity.VisualScripting.Core.Editor: 1ac958119c4ad755d50390246b13522a -> 39597c0f3a76e24d87d64afa59c5f88d
  custom:scripting/monoscript/fileName/SolutionParser.cs: 28362f3ad5ff471d352dad937c4f46f0 -> 240a75b5fc2682997268aa77e6a1dd86
  custom:scripting/monoscript/fileName/TestAdaptor.cs: 5be3b7fc797cbdb67976ea5fdb904de5 -> 486cec8559bad7c56adc699f165feb67
  custom:scripting/precompiled-assembly-types:UnityEngine.TestRunner: 7a4d96a0696e29157328c6996c3b82c5 -> f5758234275f5346968d00e3b1a1c0e4
  custom:scripting/monoscript/fileName/Discovery.cs: 43295ac1709a058ba3ec01d8585e170c -> 2b1006b9be47307c73378eaafc98b6fb
  custom:scripting/monoscript/fileName/VisualStudioIntegration.cs: f837b233b752d741f76e0990c5fad160 -> f9e623c49f9f20ea97a4519aa48d72d4
  custom:scripting/monoscript/fileName/FileIOProvider.cs: 081176a77b8b51898d4a1d6cfbab48ce -> 304525d180d2b661ce338fc8a3225752
  custom:scripting/monoscript/fileName/SdkStyleProjectGeneration.cs: 0d12ba8b4cce4103aedd4f5c89736364 -> bbd8a39d16aad1a0b8d5240b1f43f4a4
  custom:video-encoder-webm-vp8: eb34c28f22e8b96e1ab97ce403110664 -> 
  custom:audio-decoder-ogg-vorbis: bf7c407c2cedff20999df2af8eb42d56 -> 
  custom:scripting/monoscript/fileName/SolutionProperties.cs: 0b7dbd9dc0e3af7f872e6112fa6f596e -> ab8751e49ae2f3d9994444a0a38619bd
  custom:scripting/monoscript/fileName/TestRunnerApiListener.cs: 9b7ed325f86e08c020c1bdc783d9bb51 -> cc17cec8825a8f933d6ecbd68d51f1de
  custom:scripting/monoscript/fileName/AssemblyNameProvider.cs: 06c09785a9ef49a49b329ed384758248 -> 170b0fd934f78f2e6a09342014bfa1fc
  custom:scripting/monoscript/fileName/Serializer.cs: 44df498e13906e45a2828923a7f89ac6 -> d7df1b97d0a3bd0bb98fd4d2d5bf5d29
  custom:scripting/monoscript/fileName/Message.cs: 3d319f70d9870482a245157c25577c4e -> 671a789acb2c7a93d0b620fe02979957
  custom:scripting/monoscript/fileName/Deserializer.cs: 7a4843246f0d5a1b063e9a6fef778397 -> 1cc72e9ed2428cc6d6ce2d4d2ad7b02b
  custom:scripting/monoscript/fileName/Test.cs: 8289d0398bd9a051035a87365428a0e7 -> 
  custom:audio-encoder-webm-vorbis: bf7c407c2cedff20999df2af8eb42d56 -> 
  custom:scripting/monoscript/fileName/TestRunnerCallbacks.cs: 901a1f98c6fdb76be420d56e91fe540d -> 5627cb9f4ed769fba607b0cab8e9e63d
  custom:scripting/monoscript/fileName/AsyncOperation.cs: 8f6297df34271fdb1ce2d9607ec6261d -> 90647cc400823b41df847a6cbfc29026
  custom:scripting/precompiled-assembly-types:Assembly-CSharp: cad87785f746702e2b4f6866c3aeaa28 -> 
  custom:scripting/monoscript/fileName/UsageUtility.cs: 3f044a4563e8e23515be1e6c9e7e0fc7 -> 5ed3d13206b2b96245ce59a5c83beed1
========================================================================
Received Prepare
Caller must complete domain reload
Begin MonoManager ReloadAssembly
- Loaded All Assemblies, in  0.451 seconds
Native extension for WindowsStandalone target not found
Native extension for WebGL target not found
Mono: successfully reloaded assembly
- Finished resetting the current domain, in  1.015 seconds
Domain Reload Profiling: 1466ms
	BeginReloadAssembly (171ms)
		ExecutionOrderSort (0ms)
		DisableScriptedObjects (8ms)
		BackupInstance (0ms)
		ReleaseScriptingObjects (0ms)
		CreateAndSetChildDomain (30ms)
	RebuildCommonClasses (36ms)
	RebuildNativeTypeToScriptingClass (14ms)
	initialDomainReloadingComplete (27ms)
	LoadAllAssembliesAndSetupDomain (202ms)
		LoadAssemblies (289ms)
		RebuildTransferFunctionScriptingTraits (0ms)
		AnalyzeDomain (14ms)
			TypeCache.Refresh (7ms)
				TypeCache.ScanAssembly (0ms)
			ScanForSourceGeneratedMonoScriptInfo (0ms)
			ResolveRequiredComponents (6ms)
	FinalizeReload (1015ms)
		ReleaseScriptCaches (0ms)
		RebuildScriptCaches (0ms)
		SetupLoadedEditorAssemblies (417ms)
			LogAssemblyErrors (0ms)
			InitializePlatformSupportModulesInManaged (9ms)
			SetLoadedEditorAssemblies (4ms)
			RefreshPlugins (0ms)
			BeforeProcessingInitializeOnLoad (63ms)
			ProcessInitializeOnLoadAttributes (316ms)
			ProcessInitializeOnLoadMethodAttributes (22ms)
			AfterProcessingInitializeOnLoad (3ms)
			EditorAssembliesLoaded (0ms)
		ExecutionOrderSort2 (0ms)
		AwakeInstancesAfterBackupRestoration (14ms)
Refreshing native plugins compatible for Editor in 3.94 ms, found 3 plugins.
Preloading 0 native plugins for Editor in 0.00 ms.
Unloading 3174 Unused Serialized files (Serialized files now loaded: 0)
Unloading 14 unused Assets / (28.5 KB). Loaded Objects now: 3659.
Memory consumption went from 119.0 MB to 119.0 MB.
Total: 2.588600 ms (FindLiveObjects: 0.235800 ms CreateObjectMapping: 0.212800 ms MarkObjects: 2.100200 ms  DeleteObjects: 0.038600 ms)

Prepare: number of updated asset objects reloaded= 0
AssetImportParameters requested are different than current active one (requested -> active):
  custom:scripting/monoscript/fileName/UdpSocket.cs: 5c2b80a042c65f789ef7f3c889fd101f -> 7555d065f81d23e6604acb91cf79ddd6
  custom:scripting/monoscript/fileName/Image.cs: 31ff8141403f4cb357eb7bf7e9ffdaeb -> f32195bbbc1ca9edcb6c8c6185597e40
  custom:scripting/monoscript/fileName/Cli.cs: 3c2ed0c881a657a6a8d1cec2a5d27e18 -> d287e08b50f2cb135aa4d7f8e01b7ef9
  custom:scripting/monoscript/fileName/KnownAssemblies.cs: 5a9878fa8cd33efc58225a4622d3c409 -> 286bea9f8fcee5e392f6fc0f0cd541c8
  custom:scripting/monoscript/fileName/SimpleJSON.cs: 2249b1d8736d53bdbb860984e9900714 -> 70c028a07c79c166db015acda1282d86
  custom:container-demuxer-ogg: 62fdf1f143b41e24485cea50d1cbac27 -> 
  custom:scripting/precompiled-assembly-types:Unity.PlasticSCM.Editor: 72a23a7a65cae48dae511b6579c293e4 -> 7e4e003063ee77e81fbf11080919f8e6
  custom:scripting/monoscript/fileName/SolutionProjectEntry.cs: 2cdbeb47f8763ac80d7836f6135300a9 -> 68cea09e9af09443edf61e18806ac1c2
  custom:scripting/monoscript/fileName/TcpListener.cs: 61afd6a8605bfd0084b595d2a15e8b2e -> 940bfdac0e91ad2884e6359468f2782a
  custom:scripting/monoscript/fileName/TcpClient.cs: 55a65447af3e4d6ecee8fd6d8f8731bd -> a949cfd4c46427829913ee0195fa0103
  custom:video-codec-MediaFoundation-h265: 746d11721c4dcdbdad8f713fa42b33f4 -> 
  custom:scripting/monoscript/fileName/LegacyStyleProjectGeneration.cs: 8aa3d3f0dc4d59c1ad013b88ff81a18d -> 4858a0ab74312ccaa3ff27a510a9d575
  custom:scripting/monoscript/fileName/FileUtility.cs: ce7e1c41f3666e04a20e8ab169333163 -> 2d70b80c72be1fb3b2b89ce0939e8cef
  custom:video-decoder-ogg-theora: a1e56fd34408186e4bbccfd4996cb3dc -> 
  custom:framework-win-MediaFoundation: 216162199b28c13a410421893ffa2e32 -> 
  custom:scripting/monoscript/fileName/VisualStudioCursorInstallation.cs: 95dc478876e6707a7e0d3e4422a08b22 -> 
  custom:scripting/monoscript/fileName/Messenger.cs: e1a29b4f8717764c5ff32215b741de2c -> f4ebc46d09b2b4de489946914db2aae0
  custom:scripting/monoscript/fileName/ProcessRunner.cs: 9913dac524d7fba7e53010bd3e109769 -> 932a2a80cb9a3539199f645deff3c585
  custom:scripting/monoscript/fileName/ExceptionEventArgs.cs: c1fb418063f3fe95153ce19939c50281 -> 27cb4c00a4137b184e01164606c88685
  custom:scripting/monoscript/fileName/ProjectGeneration.cs: 9ecb66398cf426136e1427db129d71bc -> 5d892aecaaa9b5c9f4162e2ae2b374ef
  custom:scripting/monoscript/fileName/Symbols.cs: 37055ad381792899bea2e26647ce5ae9 -> 27613575e8bda8a6448f80ff27c488f9
  custom:scripting/monoscript/fileName/VersionPair.cs: 219dda7a75299c084fd265cf8d4d22ac -> 88b4a0b7e953537f26ded0a68cf4c238
  custom:scripting/precompiled-assembly-types:Unity.Timeline.Editor: b4313fba5652ee5a8449f3ec85f31ae4 -> 534d7c71c4dd9147ea00599cede121e1
  custom:CustomObjectIndexerAttribute: 9a22284fe3817be447336de3de66b15e -> 
  custom:scripting/monoscript/fileName/TestResultAdaptor.cs: 9b1d3d6bb50f08d85d0c8ba1d01b312d -> fb4db3971d5379750cda884e7e44e3e4
  custom:scripting/monoscript/fileName/VisualStudioEditor.cs: edffea2b56ff2fcda30202ca00e6de62 -> 21e59f688ad500ab61aca318850ec505
  custom:scripting/monoscript/fileName/VisualStudioInstallation.cs: d9bdf8280241f81cb63321a50b4ad2cb -> 41612f13db7783c8635801ab159c1079
  custom:container-demuxer-webm: 4f35f7cbe854078d1ac9338744f61a02 -> 
  custom:scripting/monoscript/fileName/Solution.cs: 6f57345c5a9c03cd9de52e226d588ae1 -> 8bc97d0abd509f39b67b3a5bbac1b9a1
  custom:scripting/monoscript/fileName/VisualStudioCodiumInstallation.cs: 8ee758ce837648e8a493211c15ac775a -> 
  custom:scripting/precompiled-assembly-types:Unity.Cursor.Editor: c4135f52e7ee32dfaf93d3e70b9c4e0a -> 
  custom:scripting/monoscript/fileName/GUIDProvider.cs: cb8edf978faeabcee864dce1a906a291 -> cdd3f47e4fe593d2dfdf9915fa537e3f
  custom:container-muxer-webm: aa71ff27fc2769a1b78a27578f13a17b -> 
  custom:video-decoder-webm-vp8: 9c59270c3fd7afecdb556c50c9e8de78 -> 
  custom:scripting/monoscript/fileName/MessageEventArgs.cs: 1019688f506e4394820040d9795c0a7d -> 528473bbcee3623fe954627c6bfadd2e
  custom:SearchIndexIgnoredProperties: e643bd26f0fe6173181afceb89e7c659 -> 
  custom:scripting/monoscript/fileName/ProjectProperties.cs: 2d74649e53a223aa9cd860921346e9bd -> 407063898a13eaad2cd100e43551c6b5
  custom:AudioImporter_EditorPlatform: d09bf68614088b80899f8185d706f6e7 -> 
  custom:scripting/monoscript/fileName/UnityInstallation.cs: e77a4cd80130bf9635eda265c59fc585 -> 0ba30d4545f2c34a9323456723b5dbfe
  custom:scripting/precompiled-assembly-types:Unity.VisualScripting.Core.Editor: 1ac958119c4ad755d50390246b13522a -> 39597c0f3a76e24d87d64afa59c5f88d
  custom:scripting/monoscript/fileName/SolutionParser.cs: 28362f3ad5ff471d352dad937c4f46f0 -> 240a75b5fc2682997268aa77e6a1dd86
  custom:scripting/monoscript/fileName/TestAdaptor.cs: 5be3b7fc797cbdb67976ea5fdb904de5 -> 486cec8559bad7c56adc699f165feb67
  custom:scripting/precompiled-assembly-types:UnityEngine.TestRunner: 7a4d96a0696e29157328c6996c3b82c5 -> f5758234275f5346968d00e3b1a1c0e4
  custom:scripting/monoscript/fileName/Discovery.cs: 43295ac1709a058ba3ec01d8585e170c -> 2b1006b9be47307c73378eaafc98b6fb
  custom:scripting/monoscript/fileName/VisualStudioIntegration.cs: f837b233b752d741f76e0990c5fad160 -> f9e623c49f9f20ea97a4519aa48d72d4
  custom:scripting/monoscript/fileName/FileIOProvider.cs: 081176a77b8b51898d4a1d6cfbab48ce -> 304525d180d2b661ce338fc8a3225752
  custom:scripting/monoscript/fileName/SdkStyleProjectGeneration.cs: 0d12ba8b4cce4103aedd4f5c89736364 -> bbd8a39d16aad1a0b8d5240b1f43f4a4
  custom:video-encoder-webm-vp8: eb34c28f22e8b96e1ab97ce403110664 -> 
  custom:audio-decoder-ogg-vorbis: bf7c407c2cedff20999df2af8eb42d56 -> 
  custom:scripting/monoscript/fileName/SolutionProperties.cs: 0b7dbd9dc0e3af7f872e6112fa6f596e -> ab8751e49ae2f3d9994444a0a38619bd
  custom:scripting/monoscript/fileName/TestRunnerApiListener.cs: 9b7ed325f86e08c020c1bdc783d9bb51 -> cc17cec8825a8f933d6ecbd68d51f1de
  custom:scripting/monoscript/fileName/AssemblyNameProvider.cs: 06c09785a9ef49a49b329ed384758248 -> 170b0fd934f78f2e6a09342014bfa1fc
  custom:scripting/monoscript/fileName/Serializer.cs: 44df498e13906e45a2828923a7f89ac6 -> d7df1b97d0a3bd0bb98fd4d2d5bf5d29
  custom:scripting/monoscript/fileName/Message.cs: 3d319f70d9870482a245157c25577c4e -> 671a789acb2c7a93d0b620fe02979957
  custom:scripting/monoscript/fileName/Deserializer.cs: 7a4843246f0d5a1b063e9a6fef778397 -> 1cc72e9ed2428cc6d6ce2d4d2ad7b02b
  custom:scripting/monoscript/fileName/Test.cs: 8289d0398bd9a051035a87365428a0e7 -> 
  custom:audio-encoder-webm-vorbis: bf7c407c2cedff20999df2af8eb42d56 -> 
  custom:scripting/monoscript/fileName/TestRunnerCallbacks.cs: 901a1f98c6fdb76be420d56e91fe540d -> 5627cb9f4ed769fba607b0cab8e9e63d
  custom:scripting/monoscript/fileName/AsyncOperation.cs: 8f6297df34271fdb1ce2d9607ec6261d -> 90647cc400823b41df847a6cbfc29026
  custom:scripting/precompiled-assembly-types:Assembly-CSharp: cad87785f746702e2b4f6866c3aeaa28 -> 
  custom:scripting/monoscript/fileName/UsageUtility.cs: 3f044a4563e8e23515be1e6c9e7e0fc7 -> 5ed3d13206b2b96245ce59a5c83beed1
========================================================================
Received Prepare
Caller must complete domain reload
Begin MonoManager ReloadAssembly
- Loaded All Assemblies, in  0.439 seconds
Native extension for WindowsStandalone target not found
Native extension for WebGL target not found
Mono: successfully reloaded assembly
- Finished resetting the current domain, in  1.006 seconds
Domain Reload Profiling: 1445ms
	BeginReloadAssembly (159ms)
		ExecutionOrderSort (0ms)
		DisableScriptedObjects (5ms)
		BackupInstance (0ms)
		ReleaseScriptingObjects (0ms)
		CreateAndSetChildDomain (30ms)
	RebuildCommonClasses (34ms)
	RebuildNativeTypeToScriptingClass (12ms)
	initialDomainReloadingComplete (27ms)
	LoadAllAssembliesAndSetupDomain (208ms)
		LoadAssemblies (276ms)
		RebuildTransferFunctionScriptingTraits (0ms)
		AnalyzeDomain (26ms)
			TypeCache.Refresh (9ms)
				TypeCache.ScanAssembly (0ms)
			ScanForSourceGeneratedMonoScriptInfo (11ms)
			ResolveRequiredComponents (5ms)
	FinalizeReload (1007ms)
		ReleaseScriptCaches (0ms)
		RebuildScriptCaches (0ms)
		SetupLoadedEditorAssemblies (403ms)
			LogAssemblyErrors (0ms)
			InitializePlatformSupportModulesInManaged (6ms)
			SetLoadedEditorAssemblies (3ms)
			RefreshPlugins (0ms)
			BeforeProcessingInitializeOnLoad (58ms)
			ProcessInitializeOnLoadAttributes (311ms)
			ProcessInitializeOnLoadMethodAttributes (22ms)
			AfterProcessingInitializeOnLoad (3ms)
			EditorAssembliesLoaded (0ms)
		ExecutionOrderSort2 (0ms)
		AwakeInstancesAfterBackupRestoration (11ms)
Refreshing native plugins compatible for Editor in 4.03 ms, found 3 plugins.
Preloading 0 native plugins for Editor in 0.00 ms.
Unloading 3175 Unused Serialized files (Serialized files now loaded: 0)
Unloading 14 unused Assets / (28.6 KB). Loaded Objects now: 3663.
Memory consumption went from 119.0 MB to 119.0 MB.
Total: 2.879900 ms (FindLiveObjects: 0.329500 ms CreateObjectMapping: 0.269500 ms MarkObjects: 2.237600 ms  DeleteObjects: 0.042300 ms)

Prepare: number of updated asset objects reloaded= 0
AssetImportParameters requested are different than current active one (requested -> active):
  custom:scripting/monoscript/fileName/UdpSocket.cs: 5c2b80a042c65f789ef7f3c889fd101f -> 7555d065f81d23e6604acb91cf79ddd6
  custom:scripting/monoscript/fileName/Image.cs: 31ff8141403f4cb357eb7bf7e9ffdaeb -> f32195bbbc1ca9edcb6c8c6185597e40
  custom:scripting/monoscript/fileName/Cli.cs: 3c2ed0c881a657a6a8d1cec2a5d27e18 -> d287e08b50f2cb135aa4d7f8e01b7ef9
  custom:scripting/monoscript/fileName/KnownAssemblies.cs: 5a9878fa8cd33efc58225a4622d3c409 -> 286bea9f8fcee5e392f6fc0f0cd541c8
  custom:scripting/monoscript/fileName/SimpleJSON.cs: 2249b1d8736d53bdbb860984e9900714 -> 70c028a07c79c166db015acda1282d86
  custom:container-demuxer-ogg: 62fdf1f143b41e24485cea50d1cbac27 -> 
  custom:scripting/precompiled-assembly-types:Unity.PlasticSCM.Editor: 72a23a7a65cae48dae511b6579c293e4 -> 7e4e003063ee77e81fbf11080919f8e6
  custom:scripting/monoscript/fileName/SolutionProjectEntry.cs: 2cdbeb47f8763ac80d7836f6135300a9 -> 68cea09e9af09443edf61e18806ac1c2
  custom:scripting/monoscript/fileName/TcpListener.cs: 61afd6a8605bfd0084b595d2a15e8b2e -> 940bfdac0e91ad2884e6359468f2782a
  custom:scripting/monoscript/fileName/TcpClient.cs: 55a65447af3e4d6ecee8fd6d8f8731bd -> a949cfd4c46427829913ee0195fa0103
  custom:video-codec-MediaFoundation-h265: 746d11721c4dcdbdad8f713fa42b33f4 -> 
  custom:scripting/monoscript/fileName/LegacyStyleProjectGeneration.cs: 8aa3d3f0dc4d59c1ad013b88ff81a18d -> 4858a0ab74312ccaa3ff27a510a9d575
  custom:scripting/monoscript/fileName/FileUtility.cs: ce7e1c41f3666e04a20e8ab169333163 -> 2d70b80c72be1fb3b2b89ce0939e8cef
  custom:video-decoder-ogg-theora: a1e56fd34408186e4bbccfd4996cb3dc -> 
  custom:framework-win-MediaFoundation: 216162199b28c13a410421893ffa2e32 -> 
  custom:scripting/monoscript/fileName/VisualStudioCursorInstallation.cs: 95dc478876e6707a7e0d3e4422a08b22 -> 
  custom:scripting/monoscript/fileName/Messenger.cs: e1a29b4f8717764c5ff32215b741de2c -> f4ebc46d09b2b4de489946914db2aae0
  custom:scripting/monoscript/fileName/ProcessRunner.cs: 9913dac524d7fba7e53010bd3e109769 -> 932a2a80cb9a3539199f645deff3c585
  custom:scripting/monoscript/fileName/ExceptionEventArgs.cs: c1fb418063f3fe95153ce19939c50281 -> 27cb4c00a4137b184e01164606c88685
  custom:scripting/monoscript/fileName/ProjectGeneration.cs: 9ecb66398cf426136e1427db129d71bc -> 5d892aecaaa9b5c9f4162e2ae2b374ef
  custom:scripting/monoscript/fileName/Symbols.cs: 37055ad381792899bea2e26647ce5ae9 -> 27613575e8bda8a6448f80ff27c488f9
  custom:scripting/monoscript/fileName/VersionPair.cs: 219dda7a75299c084fd265cf8d4d22ac -> 88b4a0b7e953537f26ded0a68cf4c238
  custom:scripting/precompiled-assembly-types:Unity.Timeline.Editor: b4313fba5652ee5a8449f3ec85f31ae4 -> 534d7c71c4dd9147ea00599cede121e1
  custom:CustomObjectIndexerAttribute: 9a22284fe3817be447336de3de66b15e -> 
  custom:scripting/monoscript/fileName/TestResultAdaptor.cs: 9b1d3d6bb50f08d85d0c8ba1d01b312d -> fb4db3971d5379750cda884e7e44e3e4
  custom:scripting/monoscript/fileName/VisualStudioEditor.cs: edffea2b56ff2fcda30202ca00e6de62 -> 21e59f688ad500ab61aca318850ec505
  custom:scripting/monoscript/fileName/VisualStudioInstallation.cs: d9bdf8280241f81cb63321a50b4ad2cb -> 41612f13db7783c8635801ab159c1079
  custom:scripting/monoscript/fileName/GameStartPanel.cs: f9029a7546d6d0a640aa647183643613 -> 
  custom:container-demuxer-webm: 4f35f7cbe854078d1ac9338744f61a02 -> 
  custom:scripting/monoscript/fileName/Solution.cs: 6f57345c5a9c03cd9de52e226d588ae1 -> 8bc97d0abd509f39b67b3a5bbac1b9a1
  custom:scripting/monoscript/fileName/VisualStudioCodiumInstallation.cs: 8ee758ce837648e8a493211c15ac775a -> 
  custom:scripting/precompiled-assembly-types:Unity.Cursor.Editor: c4135f52e7ee32dfaf93d3e70b9c4e0a -> 
  custom:scripting/monoscript/fileName/GUIDProvider.cs: cb8edf978faeabcee864dce1a906a291 -> cdd3f47e4fe593d2dfdf9915fa537e3f
  custom:container-muxer-webm: aa71ff27fc2769a1b78a27578f13a17b -> 
  custom:video-decoder-webm-vp8: 9c59270c3fd7afecdb556c50c9e8de78 -> 
  custom:scripting/monoscript/fileName/MessageEventArgs.cs: 1019688f506e4394820040d9795c0a7d -> 528473bbcee3623fe954627c6bfadd2e
  custom:SearchIndexIgnoredProperties: e643bd26f0fe6173181afceb89e7c659 -> 
  custom:scripting/monoscript/fileName/ProjectProperties.cs: 2d74649e53a223aa9cd860921346e9bd -> 407063898a13eaad2cd100e43551c6b5
  custom:AudioImporter_EditorPlatform: d09bf68614088b80899f8185d706f6e7 -> 
  custom:scripting/monoscript/fileName/UnityInstallation.cs: e77a4cd80130bf9635eda265c59fc585 -> 0ba30d4545f2c34a9323456723b5dbfe
  custom:scripting/precompiled-assembly-types:Unity.VisualScripting.Core.Editor: 1ac958119c4ad755d50390246b13522a -> 39597c0f3a76e24d87d64afa59c5f88d
  custom:scripting/monoscript/fileName/SolutionParser.cs: 28362f3ad5ff471d352dad937c4f46f0 -> 240a75b5fc2682997268aa77e6a1dd86
  custom:scripting/monoscript/fileName/TestAdaptor.cs: 5be3b7fc797cbdb67976ea5fdb904de5 -> 486cec8559bad7c56adc699f165feb67
  custom:scripting/precompiled-assembly-types:UnityEngine.TestRunner: 7a4d96a0696e29157328c6996c3b82c5 -> f5758234275f5346968d00e3b1a1c0e4
  custom:scripting/monoscript/fileName/Discovery.cs: 43295ac1709a058ba3ec01d8585e170c -> 2b1006b9be47307c73378eaafc98b6fb
  custom:scripting/monoscript/fileName/VisualStudioIntegration.cs: f837b233b752d741f76e0990c5fad160 -> f9e623c49f9f20ea97a4519aa48d72d4
  custom:scripting/monoscript/fileName/FileIOProvider.cs: 081176a77b8b51898d4a1d6cfbab48ce -> 304525d180d2b661ce338fc8a3225752
  custom:scripting/monoscript/fileName/SdkStyleProjectGeneration.cs: 0d12ba8b4cce4103aedd4f5c89736364 -> bbd8a39d16aad1a0b8d5240b1f43f4a4
  custom:video-encoder-webm-vp8: eb34c28f22e8b96e1ab97ce403110664 -> 
  custom:audio-decoder-ogg-vorbis: bf7c407c2cedff20999df2af8eb42d56 -> 
  custom:scripting/monoscript/fileName/SolutionProperties.cs: 0b7dbd9dc0e3af7f872e6112fa6f596e -> ab8751e49ae2f3d9994444a0a38619bd
  custom:scripting/monoscript/fileName/TestRunnerApiListener.cs: 9b7ed325f86e08c020c1bdc783d9bb51 -> cc17cec8825a8f933d6ecbd68d51f1de
  custom:scripting/monoscript/fileName/AssemblyNameProvider.cs: 06c09785a9ef49a49b329ed384758248 -> 170b0fd934f78f2e6a09342014bfa1fc
  custom:scripting/monoscript/fileName/Serializer.cs: 44df498e13906e45a2828923a7f89ac6 -> d7df1b97d0a3bd0bb98fd4d2d5bf5d29
  custom:scripting/monoscript/fileName/Message.cs: 3d319f70d9870482a245157c25577c4e -> 671a789acb2c7a93d0b620fe02979957
  custom:scripting/monoscript/fileName/Deserializer.cs: 7a4843246f0d5a1b063e9a6fef778397 -> 1cc72e9ed2428cc6d6ce2d4d2ad7b02b
  custom:scripting/monoscript/fileName/Test.cs: 8289d0398bd9a051035a87365428a0e7 -> 
  custom:audio-encoder-webm-vorbis: bf7c407c2cedff20999df2af8eb42d56 -> 
  custom:scripting/monoscript/fileName/TestRunnerCallbacks.cs: 901a1f98c6fdb76be420d56e91fe540d -> 5627cb9f4ed769fba607b0cab8e9e63d
  custom:scripting/monoscript/fileName/AsyncOperation.cs: 8f6297df34271fdb1ce2d9607ec6261d -> 90647cc400823b41df847a6cbfc29026
  custom:scripting/precompiled-assembly-types:Assembly-CSharp: 40d94a94b3cb36adc0c8765df558294c -> 
  custom:scripting/monoscript/fileName/UsageUtility.cs: 3f044a4563e8e23515be1e6c9e7e0fc7 -> 5ed3d13206b2b96245ce59a5c83beed1
========================================================================
Received Prepare
Caller must complete domain reload
Begin MonoManager ReloadAssembly
- Loaded All Assemblies, in  0.447 seconds
Native extension for WindowsStandalone target not found
Native extension for WebGL target not found
Mono: successfully reloaded assembly
- Finished resetting the current domain, in  1.005 seconds
Domain Reload Profiling: 1452ms
	BeginReloadAssembly (164ms)
		ExecutionOrderSort (0ms)
		DisableScriptedObjects (8ms)
		BackupInstance (0ms)
		ReleaseScriptingObjects (0ms)
		CreateAndSetChildDomain (29ms)
	RebuildCommonClasses (33ms)
	RebuildNativeTypeToScriptingClass (12ms)
	initialDomainReloadingComplete (25ms)
	LoadAllAssembliesAndSetupDomain (212ms)
		LoadAssemblies (281ms)
		RebuildTransferFunctionScriptingTraits (0ms)
		AnalyzeDomain (28ms)
			TypeCache.Refresh (13ms)
				TypeCache.ScanAssembly (0ms)
			ScanForSourceGeneratedMonoScriptInfo (8ms)
			ResolveRequiredComponents (5ms)
	FinalizeReload (1006ms)
		ReleaseScriptCaches (0ms)
		RebuildScriptCaches (0ms)
		SetupLoadedEditorAssemblies (390ms)
			LogAssemblyErrors (0ms)
			InitializePlatformSupportModulesInManaged (8ms)
			SetLoadedEditorAssemblies (3ms)
			RefreshPlugins (0ms)
			BeforeProcessingInitializeOnLoad (55ms)
			ProcessInitializeOnLoadAttributes (299ms)
			ProcessInitializeOnLoadMethodAttributes (22ms)
			AfterProcessingInitializeOnLoad (3ms)
			EditorAssembliesLoaded (0ms)
		ExecutionOrderSort2 (0ms)
		AwakeInstancesAfterBackupRestoration (13ms)
Refreshing native plugins compatible for Editor in 5.55 ms, found 3 plugins.
Preloading 0 native plugins for Editor in 0.00 ms.
Unloading 3176 Unused Serialized files (Serialized files now loaded: 0)
Unloading 14 unused Assets / (28.5 KB). Loaded Objects now: 3667.
Memory consumption went from 119.0 MB to 119.0 MB.
Total: 2.631900 ms (FindLiveObjects: 0.259300 ms CreateObjectMapping: 0.219900 ms MarkObjects: 2.114700 ms  DeleteObjects: 0.036800 ms)

Prepare: number of updated asset objects reloaded= 0
AssetImportParameters requested are different than current active one (requested -> active):
  custom:scripting/monoscript/fileName/UdpSocket.cs: 5c2b80a042c65f789ef7f3c889fd101f -> 7555d065f81d23e6604acb91cf79ddd6
  custom:scripting/monoscript/fileName/Image.cs: 31ff8141403f4cb357eb7bf7e9ffdaeb -> f32195bbbc1ca9edcb6c8c6185597e40
  custom:scripting/monoscript/fileName/Cli.cs: 3c2ed0c881a657a6a8d1cec2a5d27e18 -> d287e08b50f2cb135aa4d7f8e01b7ef9
  custom:scripting/monoscript/fileName/KnownAssemblies.cs: 5a9878fa8cd33efc58225a4622d3c409 -> 286bea9f8fcee5e392f6fc0f0cd541c8
  custom:scripting/monoscript/fileName/SimpleJSON.cs: 2249b1d8736d53bdbb860984e9900714 -> 70c028a07c79c166db015acda1282d86
  custom:container-demuxer-ogg: 62fdf1f143b41e24485cea50d1cbac27 -> 
  custom:scripting/precompiled-assembly-types:Unity.PlasticSCM.Editor: 72a23a7a65cae48dae511b6579c293e4 -> 7e4e003063ee77e81fbf11080919f8e6
  custom:scripting/monoscript/fileName/SolutionProjectEntry.cs: 2cdbeb47f8763ac80d7836f6135300a9 -> 68cea09e9af09443edf61e18806ac1c2
  custom:scripting/monoscript/fileName/TcpListener.cs: 61afd6a8605bfd0084b595d2a15e8b2e -> 940bfdac0e91ad2884e6359468f2782a
  custom:scripting/monoscript/fileName/TcpClient.cs: 55a65447af3e4d6ecee8fd6d8f8731bd -> a949cfd4c46427829913ee0195fa0103
  custom:video-codec-MediaFoundation-h265: 746d11721c4dcdbdad8f713fa42b33f4 -> 
  custom:scripting/monoscript/fileName/LegacyStyleProjectGeneration.cs: 8aa3d3f0dc4d59c1ad013b88ff81a18d -> 4858a0ab74312ccaa3ff27a510a9d575
  custom:scripting/monoscript/fileName/FileUtility.cs: ce7e1c41f3666e04a20e8ab169333163 -> 2d70b80c72be1fb3b2b89ce0939e8cef
  custom:video-decoder-ogg-theora: a1e56fd34408186e4bbccfd4996cb3dc -> 
  custom:framework-win-MediaFoundation: 216162199b28c13a410421893ffa2e32 -> 
  custom:scripting/monoscript/fileName/VisualStudioCursorInstallation.cs: 95dc478876e6707a7e0d3e4422a08b22 -> 
  custom:scripting/monoscript/fileName/Messenger.cs: e1a29b4f8717764c5ff32215b741de2c -> f4ebc46d09b2b4de489946914db2aae0
  custom:scripting/monoscript/fileName/ProcessRunner.cs: 9913dac524d7fba7e53010bd3e109769 -> 932a2a80cb9a3539199f645deff3c585
  custom:scripting/monoscript/fileName/ExceptionEventArgs.cs: c1fb418063f3fe95153ce19939c50281 -> 27cb4c00a4137b184e01164606c88685
  custom:scripting/monoscript/fileName/ProjectGeneration.cs: 9ecb66398cf426136e1427db129d71bc -> 5d892aecaaa9b5c9f4162e2ae2b374ef
  custom:scripting/monoscript/fileName/Symbols.cs: 37055ad381792899bea2e26647ce5ae9 -> 27613575e8bda8a6448f80ff27c488f9
  custom:scripting/monoscript/fileName/VersionPair.cs: 219dda7a75299c084fd265cf8d4d22ac -> 88b4a0b7e953537f26ded0a68cf4c238
  custom:scripting/precompiled-assembly-types:Unity.Timeline.Editor: b4313fba5652ee5a8449f3ec85f31ae4 -> 534d7c71c4dd9147ea00599cede121e1
  custom:CustomObjectIndexerAttribute: 9a22284fe3817be447336de3de66b15e -> 
  custom:scripting/monoscript/fileName/TestResultAdaptor.cs: 9b1d3d6bb50f08d85d0c8ba1d01b312d -> fb4db3971d5379750cda884e7e44e3e4
  custom:scripting/monoscript/fileName/VisualStudioEditor.cs: edffea2b56ff2fcda30202ca00e6de62 -> 21e59f688ad500ab61aca318850ec505
  custom:scripting/monoscript/fileName/VisualStudioInstallation.cs: d9bdf8280241f81cb63321a50b4ad2cb -> 41612f13db7783c8635801ab159c1079
  custom:scripting/monoscript/fileName/GameStartPanel.cs: f9029a7546d6d0a640aa647183643613 -> 
  custom:container-demuxer-webm: 4f35f7cbe854078d1ac9338744f61a02 -> 
  custom:scripting/monoscript/fileName/Solution.cs: 6f57345c5a9c03cd9de52e226d588ae1 -> 8bc97d0abd509f39b67b3a5bbac1b9a1
  custom:scripting/monoscript/fileName/VisualStudioCodiumInstallation.cs: 8ee758ce837648e8a493211c15ac775a -> 
  custom:scripting/precompiled-assembly-types:Unity.Cursor.Editor: c4135f52e7ee32dfaf93d3e70b9c4e0a -> 
  custom:scripting/monoscript/fileName/GUIDProvider.cs: cb8edf978faeabcee864dce1a906a291 -> cdd3f47e4fe593d2dfdf9915fa537e3f
  custom:container-muxer-webm: aa71ff27fc2769a1b78a27578f13a17b -> 
  custom:video-decoder-webm-vp8: 9c59270c3fd7afecdb556c50c9e8de78 -> 
  custom:scripting/monoscript/fileName/MessageEventArgs.cs: 1019688f506e4394820040d9795c0a7d -> 528473bbcee3623fe954627c6bfadd2e
  custom:SearchIndexIgnoredProperties: e643bd26f0fe6173181afceb89e7c659 -> 
  custom:scripting/monoscript/fileName/ProjectProperties.cs: 2d74649e53a223aa9cd860921346e9bd -> 407063898a13eaad2cd100e43551c6b5
  custom:AudioImporter_EditorPlatform: d09bf68614088b80899f8185d706f6e7 -> 
  custom:scripting/monoscript/fileName/UnityInstallation.cs: e77a4cd80130bf9635eda265c59fc585 -> 0ba30d4545f2c34a9323456723b5dbfe
  custom:scripting/precompiled-assembly-types:Unity.VisualScripting.Core.Editor: 1ac958119c4ad755d50390246b13522a -> 39597c0f3a76e24d87d64afa59c5f88d
  custom:scripting/monoscript/fileName/SolutionParser.cs: 28362f3ad5ff471d352dad937c4f46f0 -> 240a75b5fc2682997268aa77e6a1dd86
  custom:scripting/monoscript/fileName/TestAdaptor.cs: 5be3b7fc797cbdb67976ea5fdb904de5 -> 486cec8559bad7c56adc699f165feb67
  custom:scripting/precompiled-assembly-types:UnityEngine.TestRunner: 7a4d96a0696e29157328c6996c3b82c5 -> f5758234275f5346968d00e3b1a1c0e4
  custom:scripting/monoscript/fileName/Discovery.cs: 43295ac1709a058ba3ec01d8585e170c -> 2b1006b9be47307c73378eaafc98b6fb
  custom:scripting/monoscript/fileName/VisualStudioIntegration.cs: f837b233b752d741f76e0990c5fad160 -> f9e623c49f9f20ea97a4519aa48d72d4
  custom:scripting/monoscript/fileName/FileIOProvider.cs: 081176a77b8b51898d4a1d6cfbab48ce -> 304525d180d2b661ce338fc8a3225752
  custom:scripting/monoscript/fileName/SdkStyleProjectGeneration.cs: 0d12ba8b4cce4103aedd4f5c89736364 -> bbd8a39d16aad1a0b8d5240b1f43f4a4
  custom:scripting/monoscript/fileName/Enemy.cs: 13cc614454c9ae28caa24456faa3d7cf -> 
  custom:video-encoder-webm-vp8: eb34c28f22e8b96e1ab97ce403110664 -> 
  custom:audio-decoder-ogg-vorbis: bf7c407c2cedff20999df2af8eb42d56 -> 
  custom:scripting/monoscript/fileName/SolutionProperties.cs: 0b7dbd9dc0e3af7f872e6112fa6f596e -> ab8751e49ae2f3d9994444a0a38619bd
  custom:scripting/monoscript/fileName/TestRunnerApiListener.cs: 9b7ed325f86e08c020c1bdc783d9bb51 -> cc17cec8825a8f933d6ecbd68d51f1de
  custom:scripting/monoscript/fileName/AssemblyNameProvider.cs: 06c09785a9ef49a49b329ed384758248 -> 170b0fd934f78f2e6a09342014bfa1fc
  custom:scripting/monoscript/fileName/Serializer.cs: 44df498e13906e45a2828923a7f89ac6 -> d7df1b97d0a3bd0bb98fd4d2d5bf5d29
  custom:scripting/monoscript/fileName/Message.cs: 3d319f70d9870482a245157c25577c4e -> 671a789acb2c7a93d0b620fe02979957
  custom:scripting/monoscript/fileName/Deserializer.cs: 7a4843246f0d5a1b063e9a6fef778397 -> 1cc72e9ed2428cc6d6ce2d4d2ad7b02b
  custom:scripting/monoscript/fileName/Test.cs: 8289d0398bd9a051035a87365428a0e7 -> 
  custom:audio-encoder-webm-vorbis: bf7c407c2cedff20999df2af8eb42d56 -> 
  custom:scripting/monoscript/fileName/TestRunnerCallbacks.cs: 901a1f98c6fdb76be420d56e91fe540d -> 5627cb9f4ed769fba607b0cab8e9e63d
  custom:scripting/monoscript/fileName/AsyncOperation.cs: 8f6297df34271fdb1ce2d9607ec6261d -> 90647cc400823b41df847a6cbfc29026
  custom:scripting/precompiled-assembly-types:Assembly-CSharp: 64174cc100149792eb0ad8f17b54c59b -> 
  custom:scripting/monoscript/fileName/UsageUtility.cs: 3f044a4563e8e23515be1e6c9e7e0fc7 -> 5ed3d13206b2b96245ce59a5c83beed1
========================================================================
Received Prepare
Caller must complete domain reload
Begin MonoManager ReloadAssembly
- Loaded All Assemblies, in  0.443 seconds
Native extension for WindowsStandalone target not found
Native extension for WebGL target not found
Mono: successfully reloaded assembly
- Finished resetting the current domain, in  0.955 seconds
Domain Reload Profiling: 1397ms
	BeginReloadAssembly (161ms)
		ExecutionOrderSort (0ms)
		DisableScriptedObjects (6ms)
		BackupInstance (0ms)
		ReleaseScriptingObjects (0ms)
		CreateAndSetChildDomain (28ms)
	RebuildCommonClasses (35ms)
	RebuildNativeTypeToScriptingClass (12ms)
	initialDomainReloadingComplete (27ms)
	LoadAllAssembliesAndSetupDomain (206ms)
		LoadAssemblies (283ms)
		RebuildTransferFunctionScriptingTraits (0ms)
		AnalyzeDomain (23ms)
			TypeCache.Refresh (9ms)
				TypeCache.ScanAssembly (0ms)
			ScanForSourceGeneratedMonoScriptInfo (6ms)
			ResolveRequiredComponents (6ms)
	FinalizeReload (955ms)
		ReleaseScriptCaches (0ms)
		RebuildScriptCaches (0ms)
		SetupLoadedEditorAssemblies (361ms)
			LogAssemblyErrors (0ms)
			InitializePlatformSupportModulesInManaged (6ms)
			SetLoadedEditorAssemblies (4ms)
			RefreshPlugins (0ms)
			BeforeProcessingInitializeOnLoad (53ms)
			ProcessInitializeOnLoadAttributes (277ms)
			ProcessInitializeOnLoadMethodAttributes (19ms)
			AfterProcessingInitializeOnLoad (3ms)
			EditorAssembliesLoaded (0ms)
		ExecutionOrderSort2 (0ms)
		AwakeInstancesAfterBackupRestoration (12ms)
Refreshing native plugins compatible for Editor in 3.80 ms, found 3 plugins.
Preloading 0 native plugins for Editor in 0.00 ms.
Unloading 3176 Unused Serialized files (Serialized files now loaded: 0)
Unloading 14 unused Assets / (28.5 KB). Loaded Objects now: 3670.
Memory consumption went from 119.0 MB to 119.0 MB.
Total: 2.880400 ms (FindLiveObjects: 0.229200 ms CreateObjectMapping: 0.163000 ms MarkObjects: 2.454100 ms  DeleteObjects: 0.033400 ms)

Prepare: number of updated asset objects reloaded= 0
AssetImportParameters requested are different than current active one (requested -> active):
  custom:scripting/monoscript/fileName/UdpSocket.cs: 5c2b80a042c65f789ef7f3c889fd101f -> 7555d065f81d23e6604acb91cf79ddd6
  custom:scripting/monoscript/fileName/Image.cs: 31ff8141403f4cb357eb7bf7e9ffdaeb -> f32195bbbc1ca9edcb6c8c6185597e40
  custom:scripting/monoscript/fileName/Cli.cs: 3c2ed0c881a657a6a8d1cec2a5d27e18 -> d287e08b50f2cb135aa4d7f8e01b7ef9
  custom:scripting/monoscript/fileName/KnownAssemblies.cs: 5a9878fa8cd33efc58225a4622d3c409 -> 286bea9f8fcee5e392f6fc0f0cd541c8
  custom:scripting/monoscript/fileName/SimpleJSON.cs: 2249b1d8736d53bdbb860984e9900714 -> 70c028a07c79c166db015acda1282d86
  custom:container-demuxer-ogg: 62fdf1f143b41e24485cea50d1cbac27 -> 
  custom:scripting/precompiled-assembly-types:Unity.PlasticSCM.Editor: 72a23a7a65cae48dae511b6579c293e4 -> 7e4e003063ee77e81fbf11080919f8e6
  custom:scripting/monoscript/fileName/SolutionProjectEntry.cs: 2cdbeb47f8763ac80d7836f6135300a9 -> 68cea09e9af09443edf61e18806ac1c2
  custom:scripting/monoscript/fileName/TcpListener.cs: 61afd6a8605bfd0084b595d2a15e8b2e -> 940bfdac0e91ad2884e6359468f2782a
  custom:scripting/monoscript/fileName/TcpClient.cs: 55a65447af3e4d6ecee8fd6d8f8731bd -> a949cfd4c46427829913ee0195fa0103
  custom:video-codec-MediaFoundation-h265: 746d11721c4dcdbdad8f713fa42b33f4 -> 
  custom:scripting/monoscript/fileName/LegacyStyleProjectGeneration.cs: 8aa3d3f0dc4d59c1ad013b88ff81a18d -> 4858a0ab74312ccaa3ff27a510a9d575
  custom:scripting/monoscript/fileName/FileUtility.cs: ce7e1c41f3666e04a20e8ab169333163 -> 2d70b80c72be1fb3b2b89ce0939e8cef
  custom:video-decoder-ogg-theora: a1e56fd34408186e4bbccfd4996cb3dc -> 
  custom:framework-win-MediaFoundation: 216162199b28c13a410421893ffa2e32 -> 
  custom:scripting/monoscript/fileName/VisualStudioCursorInstallation.cs: 95dc478876e6707a7e0d3e4422a08b22 -> 
  custom:scripting/monoscript/fileName/Messenger.cs: e1a29b4f8717764c5ff32215b741de2c -> f4ebc46d09b2b4de489946914db2aae0
  custom:scripting/monoscript/fileName/ProcessRunner.cs: 9913dac524d7fba7e53010bd3e109769 -> 932a2a80cb9a3539199f645deff3c585
  custom:scripting/monoscript/fileName/ExceptionEventArgs.cs: c1fb418063f3fe95153ce19939c50281 -> 27cb4c00a4137b184e01164606c88685
  custom:scripting/monoscript/fileName/ProjectGeneration.cs: 9ecb66398cf426136e1427db129d71bc -> 5d892aecaaa9b5c9f4162e2ae2b374ef
  custom:scripting/monoscript/fileName/Symbols.cs: 37055ad381792899bea2e26647ce5ae9 -> 27613575e8bda8a6448f80ff27c488f9
  custom:scripting/monoscript/fileName/VersionPair.cs: 219dda7a75299c084fd265cf8d4d22ac -> 88b4a0b7e953537f26ded0a68cf4c238
  custom:scripting/precompiled-assembly-types:Unity.Timeline.Editor: b4313fba5652ee5a8449f3ec85f31ae4 -> 534d7c71c4dd9147ea00599cede121e1
  custom:CustomObjectIndexerAttribute: 9a22284fe3817be447336de3de66b15e -> 
  custom:scripting/monoscript/fileName/TestResultAdaptor.cs: 9b1d3d6bb50f08d85d0c8ba1d01b312d -> fb4db3971d5379750cda884e7e44e3e4
  custom:scripting/monoscript/fileName/VisualStudioEditor.cs: edffea2b56ff2fcda30202ca00e6de62 -> 21e59f688ad500ab61aca318850ec505
  custom:scripting/monoscript/fileName/VisualStudioInstallation.cs: d9bdf8280241f81cb63321a50b4ad2cb -> 41612f13db7783c8635801ab159c1079
  custom:scripting/monoscript/fileName/GameStartPanel.cs: f9029a7546d6d0a640aa647183643613 -> 
  custom:container-demuxer-webm: 4f35f7cbe854078d1ac9338744f61a02 -> 
  custom:scripting/monoscript/fileName/Solution.cs: 6f57345c5a9c03cd9de52e226d588ae1 -> 8bc97d0abd509f39b67b3a5bbac1b9a1
  custom:scripting/monoscript/fileName/VisualStudioCodiumInstallation.cs: 8ee758ce837648e8a493211c15ac775a -> 
  custom:scripting/precompiled-assembly-types:Unity.Cursor.Editor: c4135f52e7ee32dfaf93d3e70b9c4e0a -> 
  custom:scripting/monoscript/fileName/GUIDProvider.cs: cb8edf978faeabcee864dce1a906a291 -> cdd3f47e4fe593d2dfdf9915fa537e3f
  custom:container-muxer-webm: aa71ff27fc2769a1b78a27578f13a17b -> 
  custom:video-decoder-webm-vp8: 9c59270c3fd7afecdb556c50c9e8de78 -> 
  custom:scripting/monoscript/fileName/MessageEventArgs.cs: 1019688f506e4394820040d9795c0a7d -> 528473bbcee3623fe954627c6bfadd2e
  custom:SearchIndexIgnoredProperties: e643bd26f0fe6173181afceb89e7c659 -> 
  custom:scripting/monoscript/fileName/ProjectProperties.cs: 2d74649e53a223aa9cd860921346e9bd -> 407063898a13eaad2cd100e43551c6b5
  custom:AudioImporter_EditorPlatform: d09bf68614088b80899f8185d706f6e7 -> 
  custom:scripting/monoscript/fileName/UnityInstallation.cs: e77a4cd80130bf9635eda265c59fc585 -> 0ba30d4545f2c34a9323456723b5dbfe
  custom:scripting/precompiled-assembly-types:Unity.VisualScripting.Core.Editor: 1ac958119c4ad755d50390246b13522a -> 39597c0f3a76e24d87d64afa59c5f88d
  custom:scripting/monoscript/fileName/SolutionParser.cs: 28362f3ad5ff471d352dad937c4f46f0 -> 240a75b5fc2682997268aa77e6a1dd86
  custom:scripting/monoscript/fileName/TestAdaptor.cs: 5be3b7fc797cbdb67976ea5fdb904de5 -> 486cec8559bad7c56adc699f165feb67
  custom:scripting/precompiled-assembly-types:UnityEngine.TestRunner: 7a4d96a0696e29157328c6996c3b82c5 -> f5758234275f5346968d00e3b1a1c0e4
  custom:scripting/monoscript/fileName/Discovery.cs: 43295ac1709a058ba3ec01d8585e170c -> 2b1006b9be47307c73378eaafc98b6fb
  custom:scripting/monoscript/fileName/VisualStudioIntegration.cs: f837b233b752d741f76e0990c5fad160 -> f9e623c49f9f20ea97a4519aa48d72d4
  custom:scripting/monoscript/fileName/FileIOProvider.cs: 081176a77b8b51898d4a1d6cfbab48ce -> 304525d180d2b661ce338fc8a3225752
  custom:scripting/monoscript/fileName/SdkStyleProjectGeneration.cs: 0d12ba8b4cce4103aedd4f5c89736364 -> bbd8a39d16aad1a0b8d5240b1f43f4a4
  custom:scripting/monoscript/fileName/Enemy.cs: 13cc614454c9ae28caa24456faa3d7cf -> 
  custom:video-encoder-webm-vp8: eb34c28f22e8b96e1ab97ce403110664 -> 
  custom:audio-decoder-ogg-vorbis: bf7c407c2cedff20999df2af8eb42d56 -> 
  custom:scripting/monoscript/fileName/SolutionProperties.cs: 0b7dbd9dc0e3af7f872e6112fa6f596e -> ab8751e49ae2f3d9994444a0a38619bd
  custom:scripting/monoscript/fileName/TestRunnerApiListener.cs: 9b7ed325f86e08c020c1bdc783d9bb51 -> cc17cec8825a8f933d6ecbd68d51f1de
  custom:scripting/monoscript/fileName/AssemblyNameProvider.cs: 06c09785a9ef49a49b329ed384758248 -> 170b0fd934f78f2e6a09342014bfa1fc
  custom:scripting/monoscript/fileName/Serializer.cs: 44df498e13906e45a2828923a7f89ac6 -> d7df1b97d0a3bd0bb98fd4d2d5bf5d29
  custom:scripting/monoscript/fileName/Message.cs: 3d319f70d9870482a245157c25577c4e -> 671a789acb2c7a93d0b620fe02979957
  custom:scripting/monoscript/fileName/Deserializer.cs: 7a4843246f0d5a1b063e9a6fef778397 -> 1cc72e9ed2428cc6d6ce2d4d2ad7b02b
  custom:scripting/monoscript/fileName/Test.cs: 8289d0398bd9a051035a87365428a0e7 -> 
  custom:audio-encoder-webm-vorbis: bf7c407c2cedff20999df2af8eb42d56 -> 
  custom:scripting/monoscript/fileName/TestRunnerCallbacks.cs: 901a1f98c6fdb76be420d56e91fe540d -> 5627cb9f4ed769fba607b0cab8e9e63d
  custom:scripting/monoscript/fileName/AsyncOperation.cs: 8f6297df34271fdb1ce2d9607ec6261d -> 90647cc400823b41df847a6cbfc29026
  custom:scripting/precompiled-assembly-types:Assembly-CSharp: 64174cc100149792eb0ad8f17b54c59b -> 
  custom:scripting/monoscript/fileName/UsageUtility.cs: 3f044a4563e8e23515be1e6c9e7e0fc7 -> 5ed3d13206b2b96245ce59a5c83beed1
========================================================================
Received Prepare
Caller must complete domain reload
Begin MonoManager ReloadAssembly
- Loaded All Assemblies, in  0.418 seconds
Native extension for WindowsStandalone target not found
Native extension for WebGL target not found
Mono: successfully reloaded assembly
- Finished resetting the current domain, in  0.933 seconds
Domain Reload Profiling: 1351ms
	BeginReloadAssembly (147ms)
		ExecutionOrderSort (0ms)
		DisableScriptedObjects (5ms)
		BackupInstance (0ms)
		ReleaseScriptingObjects (0ms)
		CreateAndSetChildDomain (26ms)
	RebuildCommonClasses (34ms)
	RebuildNativeTypeToScriptingClass (11ms)
	initialDomainReloadingComplete (25ms)
	LoadAllAssembliesAndSetupDomain (200ms)
		LoadAssemblies (265ms)
		RebuildTransferFunctionScriptingTraits (0ms)
		AnalyzeDomain (23ms)
			TypeCache.Refresh (9ms)
				TypeCache.ScanAssembly (0ms)
			ScanForSourceGeneratedMonoScriptInfo (7ms)
			ResolveRequiredComponents (5ms)
	FinalizeReload (934ms)
		ReleaseScriptCaches (0ms)
		RebuildScriptCaches (0ms)
		SetupLoadedEditorAssemblies (357ms)
			LogAssemblyErrors (0ms)
			InitializePlatformSupportModulesInManaged (6ms)
			SetLoadedEditorAssemblies (3ms)
			RefreshPlugins (0ms)
			BeforeProcessingInitializeOnLoad (54ms)
			ProcessInitializeOnLoadAttributes (272ms)
			ProcessInitializeOnLoadMethodAttributes (19ms)
			AfterProcessingInitializeOnLoad (3ms)
			EditorAssembliesLoaded (0ms)
		ExecutionOrderSort2 (0ms)
		AwakeInstancesAfterBackupRestoration (11ms)
Refreshing native plugins compatible for Editor in 4.45 ms, found 3 plugins.
Preloading 0 native plugins for Editor in 0.00 ms.
Unloading 3177 Unused Serialized files (Serialized files now loaded: 0)
Unloading 14 unused Assets / (28.5 KB). Loaded Objects now: 3674.
Memory consumption went from 119.1 MB to 119.0 MB.
Total: 2.628900 ms (FindLiveObjects: 0.238300 ms CreateObjectMapping: 0.195300 ms MarkObjects: 2.157800 ms  DeleteObjects: 0.036500 ms)

Prepare: number of updated asset objects reloaded= 0
AssetImportParameters requested are different than current active one (requested -> active):
  custom:scripting/monoscript/fileName/UdpSocket.cs: 5c2b80a042c65f789ef7f3c889fd101f -> 7555d065f81d23e6604acb91cf79ddd6
  custom:scripting/monoscript/fileName/Image.cs: 31ff8141403f4cb357eb7bf7e9ffdaeb -> f32195bbbc1ca9edcb6c8c6185597e40
  custom:scripting/monoscript/fileName/Cli.cs: 3c2ed0c881a657a6a8d1cec2a5d27e18 -> d287e08b50f2cb135aa4d7f8e01b7ef9
  custom:scripting/monoscript/fileName/KnownAssemblies.cs: 5a9878fa8cd33efc58225a4622d3c409 -> 286bea9f8fcee5e392f6fc0f0cd541c8
  custom:scripting/monoscript/fileName/SimpleJSON.cs: 2249b1d8736d53bdbb860984e9900714 -> 70c028a07c79c166db015acda1282d86
  custom:container-demuxer-ogg: 62fdf1f143b41e24485cea50d1cbac27 -> 
  custom:scripting/precompiled-assembly-types:Unity.PlasticSCM.Editor: 72a23a7a65cae48dae511b6579c293e4 -> 7e4e003063ee77e81fbf11080919f8e6
  custom:scripting/monoscript/fileName/SolutionProjectEntry.cs: 2cdbeb47f8763ac80d7836f6135300a9 -> 68cea09e9af09443edf61e18806ac1c2
  custom:scripting/monoscript/fileName/TcpListener.cs: 61afd6a8605bfd0084b595d2a15e8b2e -> 940bfdac0e91ad2884e6359468f2782a
  custom:scripting/monoscript/fileName/TcpClient.cs: 55a65447af3e4d6ecee8fd6d8f8731bd -> a949cfd4c46427829913ee0195fa0103
  custom:video-codec-MediaFoundation-h265: 746d11721c4dcdbdad8f713fa42b33f4 -> 
  custom:scripting/monoscript/fileName/LegacyStyleProjectGeneration.cs: 8aa3d3f0dc4d59c1ad013b88ff81a18d -> 4858a0ab74312ccaa3ff27a510a9d575
  custom:scripting/monoscript/fileName/FileUtility.cs: ce7e1c41f3666e04a20e8ab169333163 -> 2d70b80c72be1fb3b2b89ce0939e8cef
  custom:video-decoder-ogg-theora: a1e56fd34408186e4bbccfd4996cb3dc -> 
  custom:framework-win-MediaFoundation: 216162199b28c13a410421893ffa2e32 -> 
  custom:scripting/monoscript/fileName/VisualStudioCursorInstallation.cs: 95dc478876e6707a7e0d3e4422a08b22 -> 
  custom:scripting/monoscript/fileName/Messenger.cs: e1a29b4f8717764c5ff32215b741de2c -> f4ebc46d09b2b4de489946914db2aae0
  custom:scripting/monoscript/fileName/ProcessRunner.cs: 9913dac524d7fba7e53010bd3e109769 -> 932a2a80cb9a3539199f645deff3c585
  custom:scripting/monoscript/fileName/ExceptionEventArgs.cs: c1fb418063f3fe95153ce19939c50281 -> 27cb4c00a4137b184e01164606c88685
  custom:scripting/monoscript/fileName/ProjectGeneration.cs: 9ecb66398cf426136e1427db129d71bc -> 5d892aecaaa9b5c9f4162e2ae2b374ef
  custom:scripting/monoscript/fileName/GameOverUI.cs: 204dcc333de1c17b944f34fa4337dc40 -> 
  custom:scripting/monoscript/fileName/Symbols.cs: 37055ad381792899bea2e26647ce5ae9 -> 27613575e8bda8a6448f80ff27c488f9
  custom:scripting/monoscript/fileName/VersionPair.cs: 219dda7a75299c084fd265cf8d4d22ac -> 88b4a0b7e953537f26ded0a68cf4c238
  custom:scripting/precompiled-assembly-types:Unity.Timeline.Editor: b4313fba5652ee5a8449f3ec85f31ae4 -> 534d7c71c4dd9147ea00599cede121e1
  custom:CustomObjectIndexerAttribute: 9a22284fe3817be447336de3de66b15e -> 
  custom:scripting/monoscript/fileName/TestResultAdaptor.cs: 9b1d3d6bb50f08d85d0c8ba1d01b312d -> fb4db3971d5379750cda884e7e44e3e4
  custom:scripting/monoscript/fileName/VisualStudioEditor.cs: edffea2b56ff2fcda30202ca00e6de62 -> 21e59f688ad500ab61aca318850ec505
  custom:scripting/monoscript/fileName/VisualStudioInstallation.cs: d9bdf8280241f81cb63321a50b4ad2cb -> 41612f13db7783c8635801ab159c1079
  custom:scripting/monoscript/fileName/GameStartPanel.cs: f9029a7546d6d0a640aa647183643613 -> 
  custom:container-demuxer-webm: 4f35f7cbe854078d1ac9338744f61a02 -> 
  custom:scripting/monoscript/fileName/Solution.cs: 6f57345c5a9c03cd9de52e226d588ae1 -> 8bc97d0abd509f39b67b3a5bbac1b9a1
  custom:scripting/monoscript/fileName/VisualStudioCodiumInstallation.cs: 8ee758ce837648e8a493211c15ac775a -> 
  custom:scripting/precompiled-assembly-types:Unity.Cursor.Editor: c4135f52e7ee32dfaf93d3e70b9c4e0a -> 
  custom:scripting/monoscript/fileName/GUIDProvider.cs: cb8edf978faeabcee864dce1a906a291 -> cdd3f47e4fe593d2dfdf9915fa537e3f
  custom:container-muxer-webm: aa71ff27fc2769a1b78a27578f13a17b -> 
  custom:video-decoder-webm-vp8: 9c59270c3fd7afecdb556c50c9e8de78 -> 
  custom:scripting/monoscript/fileName/MessageEventArgs.cs: 1019688f506e4394820040d9795c0a7d -> 528473bbcee3623fe954627c6bfadd2e
  custom:SearchIndexIgnoredProperties: e643bd26f0fe6173181afceb89e7c659 -> 
  custom:scripting/monoscript/fileName/ProjectProperties.cs: 2d74649e53a223aa9cd860921346e9bd -> 407063898a13eaad2cd100e43551c6b5
  custom:AudioImporter_EditorPlatform: d09bf68614088b80899f8185d706f6e7 -> 
  custom:scripting/monoscript/fileName/UnityInstallation.cs: e77a4cd80130bf9635eda265c59fc585 -> 0ba30d4545f2c34a9323456723b5dbfe
  custom:scripting/precompiled-assembly-types:Unity.VisualScripting.Core.Editor: 1ac958119c4ad755d50390246b13522a -> 39597c0f3a76e24d87d64afa59c5f88d
  custom:scripting/monoscript/fileName/SolutionParser.cs: 28362f3ad5ff471d352dad937c4f46f0 -> 240a75b5fc2682997268aa77e6a1dd86
  custom:scripting/monoscript/fileName/TestAdaptor.cs: 5be3b7fc797cbdb67976ea5fdb904de5 -> 486cec8559bad7c56adc699f165feb67
  custom:scripting/precompiled-assembly-types:UnityEngine.TestRunner: 7a4d96a0696e29157328c6996c3b82c5 -> f5758234275f5346968d00e3b1a1c0e4
  custom:scripting/monoscript/fileName/Discovery.cs: 43295ac1709a058ba3ec01d8585e170c -> 2b1006b9be47307c73378eaafc98b6fb
  custom:scripting/monoscript/fileName/VisualStudioIntegration.cs: f837b233b752d741f76e0990c5fad160 -> f9e623c49f9f20ea97a4519aa48d72d4
  custom:scripting/monoscript/fileName/FileIOProvider.cs: 081176a77b8b51898d4a1d6cfbab48ce -> 304525d180d2b661ce338fc8a3225752
  custom:scripting/monoscript/fileName/SdkStyleProjectGeneration.cs: 0d12ba8b4cce4103aedd4f5c89736364 -> bbd8a39d16aad1a0b8d5240b1f43f4a4
  custom:scripting/monoscript/fileName/Enemy.cs: 13cc614454c9ae28caa24456faa3d7cf -> 
  custom:video-encoder-webm-vp8: eb34c28f22e8b96e1ab97ce403110664 -> 
  custom:audio-decoder-ogg-vorbis: bf7c407c2cedff20999df2af8eb42d56 -> 
  custom:scripting/monoscript/fileName/SolutionProperties.cs: 0b7dbd9dc0e3af7f872e6112fa6f596e -> ab8751e49ae2f3d9994444a0a38619bd
  custom:scripting/monoscript/fileName/TestRunnerApiListener.cs: 9b7ed325f86e08c020c1bdc783d9bb51 -> cc17cec8825a8f933d6ecbd68d51f1de
  custom:scripting/monoscript/fileName/AssemblyNameProvider.cs: 06c09785a9ef49a49b329ed384758248 -> 170b0fd934f78f2e6a09342014bfa1fc
  custom:scripting/monoscript/fileName/Serializer.cs: 44df498e13906e45a2828923a7f89ac6 -> d7df1b97d0a3bd0bb98fd4d2d5bf5d29
  custom:scripting/monoscript/fileName/Message.cs: 3d319f70d9870482a245157c25577c4e -> 671a789acb2c7a93d0b620fe02979957
  custom:scripting/monoscript/fileName/Deserializer.cs: 7a4843246f0d5a1b063e9a6fef778397 -> 1cc72e9ed2428cc6d6ce2d4d2ad7b02b
  custom:scripting/monoscript/fileName/Test.cs: 8289d0398bd9a051035a87365428a0e7 -> 
  custom:audio-encoder-webm-vorbis: bf7c407c2cedff20999df2af8eb42d56 -> 
  custom:scripting/monoscript/fileName/TestRunnerCallbacks.cs: 901a1f98c6fdb76be420d56e91fe540d -> 5627cb9f4ed769fba607b0cab8e9e63d
  custom:scripting/monoscript/fileName/AsyncOperation.cs: 8f6297df34271fdb1ce2d9607ec6261d -> 90647cc400823b41df847a6cbfc29026
  custom:scripting/precompiled-assembly-types:Assembly-CSharp: 21ebfb0f5adf3ec10b439ac8102297a1 -> 
  custom:scripting/monoscript/fileName/UsageUtility.cs: 3f044a4563e8e23515be1e6c9e7e0fc7 -> 5ed3d13206b2b96245ce59a5c83beed1
========================================================================
Received Prepare
Caller must complete domain reload
Begin MonoManager ReloadAssembly
- Loaded All Assemblies, in  0.445 seconds
Native extension for WindowsStandalone target not found
Native extension for WebGL target not found
Mono: successfully reloaded assembly
- Finished resetting the current domain, in  0.970 seconds
Domain Reload Profiling: 1415ms
	BeginReloadAssembly (159ms)
		ExecutionOrderSort (0ms)
		DisableScriptedObjects (5ms)
		BackupInstance (0ms)
		ReleaseScriptingObjects (0ms)
		CreateAndSetChildDomain (27ms)
	RebuildCommonClasses (34ms)
	RebuildNativeTypeToScriptingClass (12ms)
	initialDomainReloadingComplete (25ms)
	LoadAllAssembliesAndSetupDomain (214ms)
		LoadAssemblies (291ms)
		RebuildTransferFunctionScriptingTraits (0ms)
		AnalyzeDomain (22ms)
			TypeCache.Refresh (9ms)
				TypeCache.ScanAssembly (0ms)
			ScanForSourceGeneratedMonoScriptInfo (7ms)
			ResolveRequiredComponents (5ms)
	FinalizeReload (970ms)
		ReleaseScriptCaches (0ms)
		RebuildScriptCaches (0ms)
		SetupLoadedEditorAssemblies (365ms)
			LogAssemblyErrors (0ms)
			InitializePlatformSupportModulesInManaged (5ms)
			SetLoadedEditorAssemblies (3ms)
			RefreshPlugins (0ms)
			BeforeProcessingInitializeOnLoad (51ms)
			ProcessInitializeOnLoadAttributes (281ms)
			ProcessInitializeOnLoadMethodAttributes (22ms)
			AfterProcessingInitializeOnLoad (2ms)
			EditorAssembliesLoaded (0ms)
		ExecutionOrderSort2 (0ms)
		AwakeInstancesAfterBackupRestoration (11ms)
Refreshing native plugins compatible for Editor in 3.73 ms, found 3 plugins.
Preloading 0 native plugins for Editor in 0.00 ms.
Unloading 3177 Unused Serialized files (Serialized files now loaded: 0)
Unloading 14 unused Assets / (28.5 KB). Loaded Objects now: 3677.
Memory consumption went from 119.1 MB to 119.0 MB.
Total: 2.774800 ms (FindLiveObjects: 0.244400 ms CreateObjectMapping: 0.192500 ms MarkObjects: 2.301000 ms  DeleteObjects: 0.036200 ms)

Prepare: number of updated asset objects reloaded= 0
AssetImportParameters requested are different than current active one (requested -> active):
  custom:scripting/monoscript/fileName/UdpSocket.cs: 5c2b80a042c65f789ef7f3c889fd101f -> 7555d065f81d23e6604acb91cf79ddd6
  custom:scripting/monoscript/fileName/Image.cs: 31ff8141403f4cb357eb7bf7e9ffdaeb -> f32195bbbc1ca9edcb6c8c6185597e40
  custom:scripting/monoscript/fileName/Cli.cs: 3c2ed0c881a657a6a8d1cec2a5d27e18 -> d287e08b50f2cb135aa4d7f8e01b7ef9
  custom:scripting/monoscript/fileName/KnownAssemblies.cs: 5a9878fa8cd33efc58225a4622d3c409 -> 286bea9f8fcee5e392f6fc0f0cd541c8
  custom:scripting/monoscript/fileName/SimpleJSON.cs: 2249b1d8736d53bdbb860984e9900714 -> 70c028a07c79c166db015acda1282d86
  custom:container-demuxer-ogg: 62fdf1f143b41e24485cea50d1cbac27 -> 
  custom:scripting/precompiled-assembly-types:Unity.PlasticSCM.Editor: 72a23a7a65cae48dae511b6579c293e4 -> 7e4e003063ee77e81fbf11080919f8e6
  custom:scripting/monoscript/fileName/SolutionProjectEntry.cs: 2cdbeb47f8763ac80d7836f6135300a9 -> 68cea09e9af09443edf61e18806ac1c2
  custom:scripting/monoscript/fileName/TcpListener.cs: 61afd6a8605bfd0084b595d2a15e8b2e -> 940bfdac0e91ad2884e6359468f2782a
  custom:scripting/monoscript/fileName/TcpClient.cs: 55a65447af3e4d6ecee8fd6d8f8731bd -> a949cfd4c46427829913ee0195fa0103
  custom:video-codec-MediaFoundation-h265: 746d11721c4dcdbdad8f713fa42b33f4 -> 
  custom:scripting/monoscript/fileName/LegacyStyleProjectGeneration.cs: 8aa3d3f0dc4d59c1ad013b88ff81a18d -> 4858a0ab74312ccaa3ff27a510a9d575
  custom:scripting/monoscript/fileName/FileUtility.cs: ce7e1c41f3666e04a20e8ab169333163 -> 2d70b80c72be1fb3b2b89ce0939e8cef
  custom:video-decoder-ogg-theora: a1e56fd34408186e4bbccfd4996cb3dc -> 
  custom:framework-win-MediaFoundation: 216162199b28c13a410421893ffa2e32 -> 
  custom:scripting/monoscript/fileName/VisualStudioCursorInstallation.cs: 95dc478876e6707a7e0d3e4422a08b22 -> 
  custom:scripting/monoscript/fileName/Messenger.cs: e1a29b4f8717764c5ff32215b741de2c -> f4ebc46d09b2b4de489946914db2aae0
  custom:scripting/monoscript/fileName/ProcessRunner.cs: 9913dac524d7fba7e53010bd3e109769 -> 932a2a80cb9a3539199f645deff3c585
  custom:scripting/monoscript/fileName/ExceptionEventArgs.cs: c1fb418063f3fe95153ce19939c50281 -> 27cb4c00a4137b184e01164606c88685
  custom:scripting/monoscript/fileName/ProjectGeneration.cs: 9ecb66398cf426136e1427db129d71bc -> 5d892aecaaa9b5c9f4162e2ae2b374ef
  custom:scripting/monoscript/fileName/GameOverUI.cs: 204dcc333de1c17b944f34fa4337dc40 -> 
  custom:scripting/monoscript/fileName/Symbols.cs: 37055ad381792899bea2e26647ce5ae9 -> 27613575e8bda8a6448f80ff27c488f9
  custom:scripting/monoscript/fileName/VersionPair.cs: 219dda7a75299c084fd265cf8d4d22ac -> 88b4a0b7e953537f26ded0a68cf4c238
  custom:scripting/precompiled-assembly-types:Unity.Timeline.Editor: b4313fba5652ee5a8449f3ec85f31ae4 -> 534d7c71c4dd9147ea00599cede121e1
  custom:CustomObjectIndexerAttribute: 9a22284fe3817be447336de3de66b15e -> 
  custom:scripting/monoscript/fileName/TestResultAdaptor.cs: 9b1d3d6bb50f08d85d0c8ba1d01b312d -> fb4db3971d5379750cda884e7e44e3e4
  custom:scripting/monoscript/fileName/VisualStudioEditor.cs: edffea2b56ff2fcda30202ca00e6de62 -> 21e59f688ad500ab61aca318850ec505
  custom:scripting/monoscript/fileName/VisualStudioInstallation.cs: d9bdf8280241f81cb63321a50b4ad2cb -> 41612f13db7783c8635801ab159c1079
  custom:scripting/monoscript/fileName/GameStartPanel.cs: f9029a7546d6d0a640aa647183643613 -> 
  custom:container-demuxer-webm: 4f35f7cbe854078d1ac9338744f61a02 -> 
  custom:scripting/monoscript/fileName/Solution.cs: 6f57345c5a9c03cd9de52e226d588ae1 -> 8bc97d0abd509f39b67b3a5bbac1b9a1
  custom:scripting/monoscript/fileName/VisualStudioCodiumInstallation.cs: 8ee758ce837648e8a493211c15ac775a -> 
  custom:scripting/precompiled-assembly-types:Unity.Cursor.Editor: c4135f52e7ee32dfaf93d3e70b9c4e0a -> 
  custom:scripting/monoscript/fileName/GUIDProvider.cs: cb8edf978faeabcee864dce1a906a291 -> cdd3f47e4fe593d2dfdf9915fa537e3f
  custom:container-muxer-webm: aa71ff27fc2769a1b78a27578f13a17b -> 
  custom:video-decoder-webm-vp8: 9c59270c3fd7afecdb556c50c9e8de78 -> 
  custom:scripting/monoscript/fileName/MessageEventArgs.cs: 1019688f506e4394820040d9795c0a7d -> 528473bbcee3623fe954627c6bfadd2e
  custom:SearchIndexIgnoredProperties: e643bd26f0fe6173181afceb89e7c659 -> 
  custom:scripting/monoscript/fileName/ProjectProperties.cs: 2d74649e53a223aa9cd860921346e9bd -> 407063898a13eaad2cd100e43551c6b5
  custom:AudioImporter_EditorPlatform: d09bf68614088b80899f8185d706f6e7 -> 
  custom:scripting/monoscript/fileName/UnityInstallation.cs: e77a4cd80130bf9635eda265c59fc585 -> 0ba30d4545f2c34a9323456723b5dbfe
  custom:scripting/precompiled-assembly-types:Unity.VisualScripting.Core.Editor: 1ac958119c4ad755d50390246b13522a -> 39597c0f3a76e24d87d64afa59c5f88d
  custom:scripting/monoscript/fileName/SolutionParser.cs: 28362f3ad5ff471d352dad937c4f46f0 -> 240a75b5fc2682997268aa77e6a1dd86
  custom:scripting/monoscript/fileName/TestAdaptor.cs: 5be3b7fc797cbdb67976ea5fdb904de5 -> 486cec8559bad7c56adc699f165feb67
  custom:scripting/precompiled-assembly-types:UnityEngine.TestRunner: 7a4d96a0696e29157328c6996c3b82c5 -> f5758234275f5346968d00e3b1a1c0e4
  custom:scripting/monoscript/fileName/Discovery.cs: 43295ac1709a058ba3ec01d8585e170c -> 2b1006b9be47307c73378eaafc98b6fb
  custom:scripting/monoscript/fileName/VisualStudioIntegration.cs: f837b233b752d741f76e0990c5fad160 -> f9e623c49f9f20ea97a4519aa48d72d4
  custom:scripting/monoscript/fileName/FileIOProvider.cs: 081176a77b8b51898d4a1d6cfbab48ce -> 304525d180d2b661ce338fc8a3225752
  custom:scripting/monoscript/fileName/SdkStyleProjectGeneration.cs: 0d12ba8b4cce4103aedd4f5c89736364 -> bbd8a39d16aad1a0b8d5240b1f43f4a4
  custom:scripting/monoscript/fileName/Enemy.cs: 13cc614454c9ae28caa24456faa3d7cf -> 
  custom:video-encoder-webm-vp8: eb34c28f22e8b96e1ab97ce403110664 -> 
  custom:audio-decoder-ogg-vorbis: bf7c407c2cedff20999df2af8eb42d56 -> 
  custom:scripting/monoscript/fileName/SolutionProperties.cs: 0b7dbd9dc0e3af7f872e6112fa6f596e -> ab8751e49ae2f3d9994444a0a38619bd
  custom:scripting/monoscript/fileName/TestRunnerApiListener.cs: 9b7ed325f86e08c020c1bdc783d9bb51 -> cc17cec8825a8f933d6ecbd68d51f1de
  custom:scripting/monoscript/fileName/AssemblyNameProvider.cs: 06c09785a9ef49a49b329ed384758248 -> 170b0fd934f78f2e6a09342014bfa1fc
  custom:scripting/monoscript/fileName/Serializer.cs: 44df498e13906e45a2828923a7f89ac6 -> d7df1b97d0a3bd0bb98fd4d2d5bf5d29
  custom:scripting/monoscript/fileName/Message.cs: 3d319f70d9870482a245157c25577c4e -> 671a789acb2c7a93d0b620fe02979957
  custom:scripting/monoscript/fileName/Deserializer.cs: 7a4843246f0d5a1b063e9a6fef778397 -> 1cc72e9ed2428cc6d6ce2d4d2ad7b02b
  custom:scripting/monoscript/fileName/Test.cs: 8289d0398bd9a051035a87365428a0e7 -> 
  custom:audio-encoder-webm-vorbis: bf7c407c2cedff20999df2af8eb42d56 -> 
  custom:scripting/monoscript/fileName/TestRunnerCallbacks.cs: 901a1f98c6fdb76be420d56e91fe540d -> 5627cb9f4ed769fba607b0cab8e9e63d
  custom:scripting/monoscript/fileName/AsyncOperation.cs: 8f6297df34271fdb1ce2d9607ec6261d -> 90647cc400823b41df847a6cbfc29026
  custom:scripting/precompiled-assembly-types:Assembly-CSharp: 21ebfb0f5adf3ec10b439ac8102297a1 -> 
  custom:scripting/monoscript/fileName/UsageUtility.cs: 3f044a4563e8e23515be1e6c9e7e0fc7 -> 5ed3d13206b2b96245ce59a5c83beed1
========================================================================
Received Prepare
Caller must complete domain reload
Begin MonoManager ReloadAssembly
- Loaded All Assemblies, in  0.434 seconds
Native extension for WindowsStandalone target not found
Native extension for WebGL target not found
Mono: successfully reloaded assembly
- Finished resetting the current domain, in  0.949 seconds
Domain Reload Profiling: 1382ms
	BeginReloadAssembly (155ms)
		ExecutionOrderSort (0ms)
		DisableScriptedObjects (5ms)
		BackupInstance (0ms)
		ReleaseScriptingObjects (0ms)
		CreateAndSetChildDomain (28ms)
	RebuildCommonClasses (35ms)
	RebuildNativeTypeToScriptingClass (12ms)
	initialDomainReloadingComplete (25ms)
	LoadAllAssembliesAndSetupDomain (206ms)
		LoadAssemblies (276ms)
		RebuildTransferFunctionScriptingTraits (0ms)
		AnalyzeDomain (22ms)
			TypeCache.Refresh (8ms)
				TypeCache.ScanAssembly (0ms)
			ScanForSourceGeneratedMonoScriptInfo (6ms)
			ResolveRequiredComponents (6ms)
	FinalizeReload (949ms)
		ReleaseScriptCaches (0ms)
		RebuildScriptCaches (0ms)
		SetupLoadedEditorAssemblies (354ms)
			LogAssemblyErrors (0ms)
			InitializePlatformSupportModulesInManaged (6ms)
			SetLoadedEditorAssemblies (4ms)
			RefreshPlugins (0ms)
			BeforeProcessingInitializeOnLoad (56ms)
			ProcessInitializeOnLoadAttributes (266ms)
			ProcessInitializeOnLoadMethodAttributes (19ms)
			AfterProcessingInitializeOnLoad (2ms)
			EditorAssembliesLoaded (0ms)
		ExecutionOrderSort2 (0ms)
		AwakeInstancesAfterBackupRestoration (12ms)
Refreshing native plugins compatible for Editor in 3.69 ms, found 3 plugins.
Preloading 0 native plugins for Editor in 0.00 ms.
Unloading 3177 Unused Serialized files (Serialized files now loaded: 0)
Unloading 14 unused Assets / (28.6 KB). Loaded Objects now: 3680.
Memory consumption went from 119.1 MB to 119.0 MB.
Total: 3.491100 ms (FindLiveObjects: 0.332900 ms CreateObjectMapping: 0.454100 ms MarkObjects: 2.651900 ms  DeleteObjects: 0.051300 ms)

Prepare: number of updated asset objects reloaded= 0
AssetImportParameters requested are different than current active one (requested -> active):
  custom:scripting/monoscript/fileName/UdpSocket.cs: 5c2b80a042c65f789ef7f3c889fd101f -> 7555d065f81d23e6604acb91cf79ddd6
  custom:scripting/monoscript/fileName/Image.cs: 31ff8141403f4cb357eb7bf7e9ffdaeb -> f32195bbbc1ca9edcb6c8c6185597e40
  custom:scripting/monoscript/fileName/Cli.cs: 3c2ed0c881a657a6a8d1cec2a5d27e18 -> d287e08b50f2cb135aa4d7f8e01b7ef9
  custom:scripting/monoscript/fileName/KnownAssemblies.cs: 5a9878fa8cd33efc58225a4622d3c409 -> 286bea9f8fcee5e392f6fc0f0cd541c8
  custom:scripting/monoscript/fileName/SimpleJSON.cs: 2249b1d8736d53bdbb860984e9900714 -> 70c028a07c79c166db015acda1282d86
  custom:container-demuxer-ogg: 62fdf1f143b41e24485cea50d1cbac27 -> 
  custom:scripting/precompiled-assembly-types:Unity.PlasticSCM.Editor: 72a23a7a65cae48dae511b6579c293e4 -> 7e4e003063ee77e81fbf11080919f8e6
  custom:scripting/monoscript/fileName/SolutionProjectEntry.cs: 2cdbeb47f8763ac80d7836f6135300a9 -> 68cea09e9af09443edf61e18806ac1c2
  custom:scripting/monoscript/fileName/TcpListener.cs: 61afd6a8605bfd0084b595d2a15e8b2e -> 940bfdac0e91ad2884e6359468f2782a
  custom:scripting/monoscript/fileName/TcpClient.cs: 55a65447af3e4d6ecee8fd6d8f8731bd -> a949cfd4c46427829913ee0195fa0103
  custom:video-codec-MediaFoundation-h265: 746d11721c4dcdbdad8f713fa42b33f4 -> 
  custom:scripting/monoscript/fileName/LegacyStyleProjectGeneration.cs: 8aa3d3f0dc4d59c1ad013b88ff81a18d -> 4858a0ab74312ccaa3ff27a510a9d575
  custom:scripting/monoscript/fileName/FileUtility.cs: ce7e1c41f3666e04a20e8ab169333163 -> 2d70b80c72be1fb3b2b89ce0939e8cef
  custom:video-decoder-ogg-theora: a1e56fd34408186e4bbccfd4996cb3dc -> 
  custom:framework-win-MediaFoundation: 216162199b28c13a410421893ffa2e32 -> 
  custom:scripting/monoscript/fileName/VisualStudioCursorInstallation.cs: 95dc478876e6707a7e0d3e4422a08b22 -> 
  custom:scripting/monoscript/fileName/Messenger.cs: e1a29b4f8717764c5ff32215b741de2c -> f4ebc46d09b2b4de489946914db2aae0
  custom:scripting/monoscript/fileName/ProcessRunner.cs: 9913dac524d7fba7e53010bd3e109769 -> 932a2a80cb9a3539199f645deff3c585
  custom:scripting/monoscript/fileName/ExceptionEventArgs.cs: c1fb418063f3fe95153ce19939c50281 -> 27cb4c00a4137b184e01164606c88685
  custom:scripting/monoscript/fileName/ProjectGeneration.cs: 9ecb66398cf426136e1427db129d71bc -> 5d892aecaaa9b5c9f4162e2ae2b374ef
  custom:scripting/monoscript/fileName/GameOverUI.cs: 204dcc333de1c17b944f34fa4337dc40 -> 
  custom:scripting/monoscript/fileName/Symbols.cs: 37055ad381792899bea2e26647ce5ae9 -> 27613575e8bda8a6448f80ff27c488f9
  custom:scripting/monoscript/fileName/VersionPair.cs: 219dda7a75299c084fd265cf8d4d22ac -> 88b4a0b7e953537f26ded0a68cf4c238
  custom:scripting/precompiled-assembly-types:Unity.Timeline.Editor: b4313fba5652ee5a8449f3ec85f31ae4 -> 534d7c71c4dd9147ea00599cede121e1
  custom:CustomObjectIndexerAttribute: 9a22284fe3817be447336de3de66b15e -> 
  custom:scripting/monoscript/fileName/TestResultAdaptor.cs: 9b1d3d6bb50f08d85d0c8ba1d01b312d -> fb4db3971d5379750cda884e7e44e3e4
  custom:scripting/monoscript/fileName/VisualStudioEditor.cs: edffea2b56ff2fcda30202ca00e6de62 -> 21e59f688ad500ab61aca318850ec505
  custom:scripting/monoscript/fileName/VisualStudioInstallation.cs: d9bdf8280241f81cb63321a50b4ad2cb -> 41612f13db7783c8635801ab159c1079
  custom:scripting/monoscript/fileName/GameStartPanel.cs: f9029a7546d6d0a640aa647183643613 -> 
  custom:container-demuxer-webm: 4f35f7cbe854078d1ac9338744f61a02 -> 
  custom:scripting/monoscript/fileName/Solution.cs: 6f57345c5a9c03cd9de52e226d588ae1 -> 8bc97d0abd509f39b67b3a5bbac1b9a1
  custom:scripting/monoscript/fileName/VisualStudioCodiumInstallation.cs: 8ee758ce837648e8a493211c15ac775a -> 
  custom:scripting/precompiled-assembly-types:Unity.Cursor.Editor: c4135f52e7ee32dfaf93d3e70b9c4e0a -> 
  custom:scripting/monoscript/fileName/GUIDProvider.cs: cb8edf978faeabcee864dce1a906a291 -> cdd3f47e4fe593d2dfdf9915fa537e3f
  custom:container-muxer-webm: aa71ff27fc2769a1b78a27578f13a17b -> 
  custom:video-decoder-webm-vp8: 9c59270c3fd7afecdb556c50c9e8de78 -> 
  custom:scripting/monoscript/fileName/MessageEventArgs.cs: 1019688f506e4394820040d9795c0a7d -> 528473bbcee3623fe954627c6bfadd2e
  custom:SearchIndexIgnoredProperties: e643bd26f0fe6173181afceb89e7c659 -> 
  custom:scripting/monoscript/fileName/ProjectProperties.cs: 2d74649e53a223aa9cd860921346e9bd -> 407063898a13eaad2cd100e43551c6b5
  custom:AudioImporter_EditorPlatform: d09bf68614088b80899f8185d706f6e7 -> 
  custom:scripting/monoscript/fileName/UnityInstallation.cs: e77a4cd80130bf9635eda265c59fc585 -> 0ba30d4545f2c34a9323456723b5dbfe
  custom:scripting/precompiled-assembly-types:Unity.VisualScripting.Core.Editor: 1ac958119c4ad755d50390246b13522a -> 39597c0f3a76e24d87d64afa59c5f88d
  custom:scripting/monoscript/fileName/SolutionParser.cs: 28362f3ad5ff471d352dad937c4f46f0 -> 240a75b5fc2682997268aa77e6a1dd86
  custom:scripting/monoscript/fileName/TestAdaptor.cs: 5be3b7fc797cbdb67976ea5fdb904de5 -> 486cec8559bad7c56adc699f165feb67
  custom:scripting/precompiled-assembly-types:UnityEngine.TestRunner: 7a4d96a0696e29157328c6996c3b82c5 -> f5758234275f5346968d00e3b1a1c0e4
  custom:scripting/monoscript/fileName/Discovery.cs: 43295ac1709a058ba3ec01d8585e170c -> 2b1006b9be47307c73378eaafc98b6fb
  custom:scripting/monoscript/fileName/VisualStudioIntegration.cs: f837b233b752d741f76e0990c5fad160 -> f9e623c49f9f20ea97a4519aa48d72d4
  custom:scripting/monoscript/fileName/FileIOProvider.cs: 081176a77b8b51898d4a1d6cfbab48ce -> 304525d180d2b661ce338fc8a3225752
  custom:scripting/monoscript/fileName/SdkStyleProjectGeneration.cs: 0d12ba8b4cce4103aedd4f5c89736364 -> bbd8a39d16aad1a0b8d5240b1f43f4a4
  custom:scripting/monoscript/fileName/Enemy.cs: 13cc614454c9ae28caa24456faa3d7cf -> 
  custom:video-encoder-webm-vp8: eb34c28f22e8b96e1ab97ce403110664 -> 
  custom:audio-decoder-ogg-vorbis: bf7c407c2cedff20999df2af8eb42d56 -> 
  custom:scripting/monoscript/fileName/SolutionProperties.cs: 0b7dbd9dc0e3af7f872e6112fa6f596e -> ab8751e49ae2f3d9994444a0a38619bd
  custom:scripting/monoscript/fileName/TestRunnerApiListener.cs: 9b7ed325f86e08c020c1bdc783d9bb51 -> cc17cec8825a8f933d6ecbd68d51f1de
  custom:scripting/monoscript/fileName/AssemblyNameProvider.cs: 06c09785a9ef49a49b329ed384758248 -> 170b0fd934f78f2e6a09342014bfa1fc
  custom:scripting/monoscript/fileName/Serializer.cs: 44df498e13906e45a2828923a7f89ac6 -> d7df1b97d0a3bd0bb98fd4d2d5bf5d29
  custom:scripting/monoscript/fileName/Message.cs: 3d319f70d9870482a245157c25577c4e -> 671a789acb2c7a93d0b620fe02979957
  custom:scripting/monoscript/fileName/Deserializer.cs: 7a4843246f0d5a1b063e9a6fef778397 -> 1cc72e9ed2428cc6d6ce2d4d2ad7b02b
  custom:scripting/monoscript/fileName/Test.cs: 8289d0398bd9a051035a87365428a0e7 -> 
  custom:audio-encoder-webm-vorbis: bf7c407c2cedff20999df2af8eb42d56 -> 
  custom:scripting/monoscript/fileName/TestRunnerCallbacks.cs: 901a1f98c6fdb76be420d56e91fe540d -> 5627cb9f4ed769fba607b0cab8e9e63d
  custom:scripting/monoscript/fileName/AsyncOperation.cs: 8f6297df34271fdb1ce2d9607ec6261d -> 90647cc400823b41df847a6cbfc29026
  custom:scripting/precompiled-assembly-types:Assembly-CSharp: 21ebfb0f5adf3ec10b439ac8102297a1 -> 
  custom:scripting/monoscript/fileName/UsageUtility.cs: 3f044a4563e8e23515be1e6c9e7e0fc7 -> 5ed3d13206b2b96245ce59a5c83beed1
========================================================================
Received Prepare
Caller must complete domain reload
Begin MonoManager ReloadAssembly
- Loaded All Assemblies, in  0.481 seconds
Native extension for WindowsStandalone target not found
Native extension for WebGL target not found
Mono: successfully reloaded assembly
- Finished resetting the current domain, in  0.957 seconds
Domain Reload Profiling: 1436ms
	BeginReloadAssembly (156ms)
		ExecutionOrderSort (0ms)
		DisableScriptedObjects (6ms)
		BackupInstance (0ms)
		ReleaseScriptingObjects (0ms)
		CreateAndSetChildDomain (29ms)
	RebuildCommonClasses (47ms)
	RebuildNativeTypeToScriptingClass (16ms)
	initialDomainReloadingComplete (45ms)
	LoadAllAssembliesAndSetupDomain (214ms)
		LoadAssemblies (286ms)
		RebuildTransferFunctionScriptingTraits (0ms)
		AnalyzeDomain (22ms)
			TypeCache.Refresh (8ms)
				TypeCache.ScanAssembly (0ms)
			ScanForSourceGeneratedMonoScriptInfo (7ms)
			ResolveRequiredComponents (5ms)
	FinalizeReload (958ms)
		ReleaseScriptCaches (0ms)
		RebuildScriptCaches (0ms)
		SetupLoadedEditorAssemblies (348ms)
			LogAssemblyErrors (0ms)
			InitializePlatformSupportModulesInManaged (5ms)
			SetLoadedEditorAssemblies (4ms)
			RefreshPlugins (0ms)
			BeforeProcessingInitializeOnLoad (50ms)
			ProcessInitializeOnLoadAttributes (265ms)
			ProcessInitializeOnLoadMethodAttributes (20ms)
			AfterProcessingInitializeOnLoad (3ms)
			EditorAssembliesLoaded (0ms)
		ExecutionOrderSort2 (0ms)
		AwakeInstancesAfterBackupRestoration (11ms)
Refreshing native plugins compatible for Editor in 4.89 ms, found 3 plugins.
Preloading 0 native plugins for Editor in 0.00 ms.
Unloading 3177 Unused Serialized files (Serialized files now loaded: 0)
Unloading 14 unused Assets / (28.5 KB). Loaded Objects now: 3683.
Memory consumption went from 119.1 MB to 119.0 MB.
Total: 2.676400 ms (FindLiveObjects: 0.239500 ms CreateObjectMapping: 0.224200 ms MarkObjects: 2.173800 ms  DeleteObjects: 0.038200 ms)

Prepare: number of updated asset objects reloaded= 0
AssetImportParameters requested are different than current active one (requested -> active):
  custom:scripting/monoscript/fileName/UdpSocket.cs: 5c2b80a042c65f789ef7f3c889fd101f -> 7555d065f81d23e6604acb91cf79ddd6
  custom:scripting/monoscript/fileName/Image.cs: 31ff8141403f4cb357eb7bf7e9ffdaeb -> f32195bbbc1ca9edcb6c8c6185597e40
  custom:scripting/monoscript/fileName/Cli.cs: 3c2ed0c881a657a6a8d1cec2a5d27e18 -> d287e08b50f2cb135aa4d7f8e01b7ef9
  custom:scripting/monoscript/fileName/KnownAssemblies.cs: 5a9878fa8cd33efc58225a4622d3c409 -> 286bea9f8fcee5e392f6fc0f0cd541c8
  custom:scripting/monoscript/fileName/SimpleJSON.cs: 2249b1d8736d53bdbb860984e9900714 -> 70c028a07c79c166db015acda1282d86
  custom:container-demuxer-ogg: 62fdf1f143b41e24485cea50d1cbac27 -> 
  custom:scripting/precompiled-assembly-types:Unity.PlasticSCM.Editor: 72a23a7a65cae48dae511b6579c293e4 -> 7e4e003063ee77e81fbf11080919f8e6
  custom:scripting/monoscript/fileName/SolutionProjectEntry.cs: 2cdbeb47f8763ac80d7836f6135300a9 -> 68cea09e9af09443edf61e18806ac1c2
  custom:scripting/monoscript/fileName/TcpListener.cs: 61afd6a8605bfd0084b595d2a15e8b2e -> 940bfdac0e91ad2884e6359468f2782a
  custom:scripting/monoscript/fileName/TcpClient.cs: 55a65447af3e4d6ecee8fd6d8f8731bd -> a949cfd4c46427829913ee0195fa0103
  custom:video-codec-MediaFoundation-h265: 746d11721c4dcdbdad8f713fa42b33f4 -> 
  custom:scripting/monoscript/fileName/LegacyStyleProjectGeneration.cs: 8aa3d3f0dc4d59c1ad013b88ff81a18d -> 4858a0ab74312ccaa3ff27a510a9d575
  custom:scripting/monoscript/fileName/FileUtility.cs: ce7e1c41f3666e04a20e8ab169333163 -> 2d70b80c72be1fb3b2b89ce0939e8cef
  custom:video-decoder-ogg-theora: a1e56fd34408186e4bbccfd4996cb3dc -> 
  custom:framework-win-MediaFoundation: 216162199b28c13a410421893ffa2e32 -> 
  custom:scripting/monoscript/fileName/VisualStudioCursorInstallation.cs: 95dc478876e6707a7e0d3e4422a08b22 -> 
  custom:scripting/monoscript/fileName/Messenger.cs: e1a29b4f8717764c5ff32215b741de2c -> f4ebc46d09b2b4de489946914db2aae0
  custom:scripting/monoscript/fileName/ProcessRunner.cs: 9913dac524d7fba7e53010bd3e109769 -> 932a2a80cb9a3539199f645deff3c585
  custom:scripting/monoscript/fileName/ExceptionEventArgs.cs: c1fb418063f3fe95153ce19939c50281 -> 27cb4c00a4137b184e01164606c88685
  custom:scripting/monoscript/fileName/ProjectGeneration.cs: 9ecb66398cf426136e1427db129d71bc -> 5d892aecaaa9b5c9f4162e2ae2b374ef
  custom:scripting/monoscript/fileName/GameOverUI.cs: 204dcc333de1c17b944f34fa4337dc40 -> 
  custom:scripting/monoscript/fileName/Symbols.cs: 37055ad381792899bea2e26647ce5ae9 -> 27613575e8bda8a6448f80ff27c488f9
  custom:scripting/monoscript/fileName/VersionPair.cs: 219dda7a75299c084fd265cf8d4d22ac -> 88b4a0b7e953537f26ded0a68cf4c238
  custom:scripting/precompiled-assembly-types:Unity.Timeline.Editor: b4313fba5652ee5a8449f3ec85f31ae4 -> 534d7c71c4dd9147ea00599cede121e1
  custom:CustomObjectIndexerAttribute: 9a22284fe3817be447336de3de66b15e -> 
  custom:scripting/monoscript/fileName/TestResultAdaptor.cs: 9b1d3d6bb50f08d85d0c8ba1d01b312d -> fb4db3971d5379750cda884e7e44e3e4
  custom:scripting/monoscript/fileName/VisualStudioEditor.cs: edffea2b56ff2fcda30202ca00e6de62 -> 21e59f688ad500ab61aca318850ec505
  custom:scripting/monoscript/fileName/VisualStudioInstallation.cs: d9bdf8280241f81cb63321a50b4ad2cb -> 41612f13db7783c8635801ab159c1079
  custom:scripting/monoscript/fileName/GameStartPanel.cs: f9029a7546d6d0a640aa647183643613 -> 
  custom:container-demuxer-webm: 4f35f7cbe854078d1ac9338744f61a02 -> 
  custom:scripting/monoscript/fileName/Solution.cs: 6f57345c5a9c03cd9de52e226d588ae1 -> 8bc97d0abd509f39b67b3a5bbac1b9a1
  custom:scripting/monoscript/fileName/VisualStudioCodiumInstallation.cs: 8ee758ce837648e8a493211c15ac775a -> 
  custom:scripting/precompiled-assembly-types:Unity.Cursor.Editor: c4135f52e7ee32dfaf93d3e70b9c4e0a -> 
  custom:scripting/monoscript/fileName/GUIDProvider.cs: cb8edf978faeabcee864dce1a906a291 -> cdd3f47e4fe593d2dfdf9915fa537e3f
  custom:container-muxer-webm: aa71ff27fc2769a1b78a27578f13a17b -> 
  custom:video-decoder-webm-vp8: 9c59270c3fd7afecdb556c50c9e8de78 -> 
  custom:scripting/monoscript/fileName/MessageEventArgs.cs: 1019688f506e4394820040d9795c0a7d -> 528473bbcee3623fe954627c6bfadd2e
  custom:SearchIndexIgnoredProperties: e643bd26f0fe6173181afceb89e7c659 -> 
  custom:scripting/monoscript/fileName/ProjectProperties.cs: 2d74649e53a223aa9cd860921346e9bd -> 407063898a13eaad2cd100e43551c6b5
  custom:AudioImporter_EditorPlatform: d09bf68614088b80899f8185d706f6e7 -> 
  custom:scripting/monoscript/fileName/UnityInstallation.cs: e77a4cd80130bf9635eda265c59fc585 -> 0ba30d4545f2c34a9323456723b5dbfe
  custom:scripting/precompiled-assembly-types:Unity.VisualScripting.Core.Editor: 1ac958119c4ad755d50390246b13522a -> 39597c0f3a76e24d87d64afa59c5f88d
  custom:scripting/monoscript/fileName/SolutionParser.cs: 28362f3ad5ff471d352dad937c4f46f0 -> 240a75b5fc2682997268aa77e6a1dd86
  custom:scripting/monoscript/fileName/TestAdaptor.cs: 5be3b7fc797cbdb67976ea5fdb904de5 -> 486cec8559bad7c56adc699f165feb67
  custom:scripting/precompiled-assembly-types:UnityEngine.TestRunner: 7a4d96a0696e29157328c6996c3b82c5 -> f5758234275f5346968d00e3b1a1c0e4
  custom:scripting/monoscript/fileName/Discovery.cs: 43295ac1709a058ba3ec01d8585e170c -> 2b1006b9be47307c73378eaafc98b6fb
  custom:scripting/monoscript/fileName/VisualStudioIntegration.cs: f837b233b752d741f76e0990c5fad160 -> f9e623c49f9f20ea97a4519aa48d72d4
  custom:scripting/monoscript/fileName/FileIOProvider.cs: 081176a77b8b51898d4a1d6cfbab48ce -> 304525d180d2b661ce338fc8a3225752
  custom:scripting/monoscript/fileName/SdkStyleProjectGeneration.cs: 0d12ba8b4cce4103aedd4f5c89736364 -> bbd8a39d16aad1a0b8d5240b1f43f4a4
  custom:scripting/monoscript/fileName/Enemy.cs: 13cc614454c9ae28caa24456faa3d7cf -> 
  custom:video-encoder-webm-vp8: eb34c28f22e8b96e1ab97ce403110664 -> 
  custom:audio-decoder-ogg-vorbis: bf7c407c2cedff20999df2af8eb42d56 -> 
  custom:scripting/monoscript/fileName/SolutionProperties.cs: 0b7dbd9dc0e3af7f872e6112fa6f596e -> ab8751e49ae2f3d9994444a0a38619bd
  custom:scripting/monoscript/fileName/TestRunnerApiListener.cs: 9b7ed325f86e08c020c1bdc783d9bb51 -> cc17cec8825a8f933d6ecbd68d51f1de
  custom:scripting/monoscript/fileName/AssemblyNameProvider.cs: 06c09785a9ef49a49b329ed384758248 -> 170b0fd934f78f2e6a09342014bfa1fc
  custom:scripting/monoscript/fileName/Serializer.cs: 44df498e13906e45a2828923a7f89ac6 -> d7df1b97d0a3bd0bb98fd4d2d5bf5d29
  custom:scripting/monoscript/fileName/Message.cs: 3d319f70d9870482a245157c25577c4e -> 671a789acb2c7a93d0b620fe02979957
  custom:scripting/monoscript/fileName/Deserializer.cs: 7a4843246f0d5a1b063e9a6fef778397 -> 1cc72e9ed2428cc6d6ce2d4d2ad7b02b
  custom:scripting/monoscript/fileName/Test.cs: 8289d0398bd9a051035a87365428a0e7 -> 
  custom:audio-encoder-webm-vorbis: bf7c407c2cedff20999df2af8eb42d56 -> 
  custom:scripting/monoscript/fileName/TestRunnerCallbacks.cs: 901a1f98c6fdb76be420d56e91fe540d -> 5627cb9f4ed769fba607b0cab8e9e63d
  custom:scripting/monoscript/fileName/AsyncOperation.cs: 8f6297df34271fdb1ce2d9607ec6261d -> 90647cc400823b41df847a6cbfc29026
  custom:scripting/precompiled-assembly-types:Assembly-CSharp: 21ebfb0f5adf3ec10b439ac8102297a1 -> 
  custom:scripting/monoscript/fileName/UsageUtility.cs: 3f044a4563e8e23515be1e6c9e7e0fc7 -> 5ed3d13206b2b96245ce59a5c83beed1
========================================================================
Received Prepare
Caller must complete domain reload
Begin MonoManager ReloadAssembly
- Loaded All Assemblies, in  0.430 seconds
Native extension for WindowsStandalone target not found
Native extension for WebGL target not found
Mono: successfully reloaded assembly
- Finished resetting the current domain, in  0.956 seconds
Domain Reload Profiling: 1386ms
	BeginReloadAssembly (152ms)
		ExecutionOrderSort (0ms)
		DisableScriptedObjects (5ms)
		BackupInstance (0ms)
		ReleaseScriptingObjects (0ms)
		CreateAndSetChildDomain (26ms)
	RebuildCommonClasses (36ms)
	RebuildNativeTypeToScriptingClass (11ms)
	initialDomainReloadingComplete (27ms)
	LoadAllAssembliesAndSetupDomain (203ms)
		LoadAssemblies (273ms)
		RebuildTransferFunctionScriptingTraits (0ms)
		AnalyzeDomain (21ms)
			TypeCache.Refresh (7ms)
				TypeCache.ScanAssembly (0ms)
			ScanForSourceGeneratedMonoScriptInfo (7ms)
			ResolveRequiredComponents (5ms)
	FinalizeReload (957ms)
		ReleaseScriptCaches (0ms)
		RebuildScriptCaches (0ms)
		SetupLoadedEditorAssemblies (360ms)
			LogAssemblyErrors (0ms)
			InitializePlatformSupportModulesInManaged (6ms)
			SetLoadedEditorAssemblies (3ms)
			RefreshPlugins (0ms)
			BeforeProcessingInitializeOnLoad (55ms)
			ProcessInitializeOnLoadAttributes (272ms)
			ProcessInitializeOnLoadMethodAttributes (22ms)
			AfterProcessingInitializeOnLoad (3ms)
			EditorAssembliesLoaded (0ms)
		ExecutionOrderSort2 (0ms)
		AwakeInstancesAfterBackupRestoration (12ms)
Refreshing native plugins compatible for Editor in 3.79 ms, found 3 plugins.
Preloading 0 native plugins for Editor in 0.00 ms.
Unloading 3177 Unused Serialized files (Serialized files now loaded: 0)
Unloading 14 unused Assets / (28.5 KB). Loaded Objects now: 3686.
Memory consumption went from 119.1 MB to 119.0 MB.
Total: 2.960600 ms (FindLiveObjects: 0.253000 ms CreateObjectMapping: 0.410800 ms MarkObjects: 2.258200 ms  DeleteObjects: 0.037900 ms)

Prepare: number of updated asset objects reloaded= 0
AssetImportParameters requested are different than current active one (requested -> active):
  custom:scripting/monoscript/fileName/UdpSocket.cs: 5c2b80a042c65f789ef7f3c889fd101f -> 7555d065f81d23e6604acb91cf79ddd6
  custom:scripting/monoscript/fileName/Image.cs: 31ff8141403f4cb357eb7bf7e9ffdaeb -> f32195bbbc1ca9edcb6c8c6185597e40
  custom:scripting/monoscript/fileName/Cli.cs: 3c2ed0c881a657a6a8d1cec2a5d27e18 -> d287e08b50f2cb135aa4d7f8e01b7ef9
  custom:scripting/monoscript/fileName/KnownAssemblies.cs: 5a9878fa8cd33efc58225a4622d3c409 -> 286bea9f8fcee5e392f6fc0f0cd541c8
  custom:scripting/monoscript/fileName/SimpleJSON.cs: 2249b1d8736d53bdbb860984e9900714 -> 70c028a07c79c166db015acda1282d86
  custom:container-demuxer-ogg: 62fdf1f143b41e24485cea50d1cbac27 -> 
  custom:scripting/precompiled-assembly-types:Unity.PlasticSCM.Editor: 72a23a7a65cae48dae511b6579c293e4 -> 7e4e003063ee77e81fbf11080919f8e6
  custom:scripting/monoscript/fileName/SolutionProjectEntry.cs: 2cdbeb47f8763ac80d7836f6135300a9 -> 68cea09e9af09443edf61e18806ac1c2
  custom:scripting/monoscript/fileName/TcpListener.cs: 61afd6a8605bfd0084b595d2a15e8b2e -> 940bfdac0e91ad2884e6359468f2782a
  custom:scripting/monoscript/fileName/TcpClient.cs: 55a65447af3e4d6ecee8fd6d8f8731bd -> a949cfd4c46427829913ee0195fa0103
  custom:video-codec-MediaFoundation-h265: 746d11721c4dcdbdad8f713fa42b33f4 -> 
  custom:scripting/monoscript/fileName/LegacyStyleProjectGeneration.cs: 8aa3d3f0dc4d59c1ad013b88ff81a18d -> 4858a0ab74312ccaa3ff27a510a9d575
  custom:scripting/monoscript/fileName/FileUtility.cs: ce7e1c41f3666e04a20e8ab169333163 -> 2d70b80c72be1fb3b2b89ce0939e8cef
  custom:video-decoder-ogg-theora: a1e56fd34408186e4bbccfd4996cb3dc -> 
  custom:framework-win-MediaFoundation: 216162199b28c13a410421893ffa2e32 -> 
  custom:scripting/monoscript/fileName/VisualStudioCursorInstallation.cs: 95dc478876e6707a7e0d3e4422a08b22 -> 
  custom:scripting/monoscript/fileName/Messenger.cs: e1a29b4f8717764c5ff32215b741de2c -> f4ebc46d09b2b4de489946914db2aae0
  custom:scripting/monoscript/fileName/ProcessRunner.cs: 9913dac524d7fba7e53010bd3e109769 -> 932a2a80cb9a3539199f645deff3c585
  custom:scripting/monoscript/fileName/ExceptionEventArgs.cs: c1fb418063f3fe95153ce19939c50281 -> 27cb4c00a4137b184e01164606c88685
  custom:scripting/monoscript/fileName/ProjectGeneration.cs: 9ecb66398cf426136e1427db129d71bc -> 5d892aecaaa9b5c9f4162e2ae2b374ef
  custom:scripting/monoscript/fileName/GameOverUI.cs: 204dcc333de1c17b944f34fa4337dc40 -> 
  custom:scripting/monoscript/fileName/Symbols.cs: 37055ad381792899bea2e26647ce5ae9 -> 27613575e8bda8a6448f80ff27c488f9
  custom:scripting/monoscript/fileName/VersionPair.cs: 219dda7a75299c084fd265cf8d4d22ac -> 88b4a0b7e953537f26ded0a68cf4c238
  custom:scripting/precompiled-assembly-types:Unity.Timeline.Editor: b4313fba5652ee5a8449f3ec85f31ae4 -> 534d7c71c4dd9147ea00599cede121e1
  custom:CustomObjectIndexerAttribute: 9a22284fe3817be447336de3de66b15e -> 
  custom:scripting/monoscript/fileName/TestResultAdaptor.cs: 9b1d3d6bb50f08d85d0c8ba1d01b312d -> fb4db3971d5379750cda884e7e44e3e4
  custom:scripting/monoscript/fileName/VisualStudioEditor.cs: edffea2b56ff2fcda30202ca00e6de62 -> 21e59f688ad500ab61aca318850ec505
  custom:scripting/monoscript/fileName/VisualStudioInstallation.cs: d9bdf8280241f81cb63321a50b4ad2cb -> 41612f13db7783c8635801ab159c1079
  custom:scripting/monoscript/fileName/GameStartPanel.cs: f9029a7546d6d0a640aa647183643613 -> 
  custom:container-demuxer-webm: 4f35f7cbe854078d1ac9338744f61a02 -> 
  custom:scripting/monoscript/fileName/Solution.cs: 6f57345c5a9c03cd9de52e226d588ae1 -> 8bc97d0abd509f39b67b3a5bbac1b9a1
  custom:scripting/monoscript/fileName/VisualStudioCodiumInstallation.cs: 8ee758ce837648e8a493211c15ac775a -> 
  custom:scripting/precompiled-assembly-types:Unity.Cursor.Editor: c4135f52e7ee32dfaf93d3e70b9c4e0a -> 
  custom:scripting/monoscript/fileName/GUIDProvider.cs: cb8edf978faeabcee864dce1a906a291 -> cdd3f47e4fe593d2dfdf9915fa537e3f
  custom:container-muxer-webm: aa71ff27fc2769a1b78a27578f13a17b -> 
  custom:video-decoder-webm-vp8: 9c59270c3fd7afecdb556c50c9e8de78 -> 
  custom:scripting/monoscript/fileName/MessageEventArgs.cs: 1019688f506e4394820040d9795c0a7d -> 528473bbcee3623fe954627c6bfadd2e
  custom:SearchIndexIgnoredProperties: e643bd26f0fe6173181afceb89e7c659 -> 
  custom:scripting/monoscript/fileName/ProjectProperties.cs: 2d74649e53a223aa9cd860921346e9bd -> 407063898a13eaad2cd100e43551c6b5
  custom:AudioImporter_EditorPlatform: d09bf68614088b80899f8185d706f6e7 -> 
  custom:scripting/monoscript/fileName/UnityInstallation.cs: e77a4cd80130bf9635eda265c59fc585 -> 0ba30d4545f2c34a9323456723b5dbfe
  custom:scripting/precompiled-assembly-types:Unity.VisualScripting.Core.Editor: 1ac958119c4ad755d50390246b13522a -> 39597c0f3a76e24d87d64afa59c5f88d
  custom:scripting/monoscript/fileName/SolutionParser.cs: 28362f3ad5ff471d352dad937c4f46f0 -> 240a75b5fc2682997268aa77e6a1dd86
  custom:scripting/monoscript/fileName/TestAdaptor.cs: 5be3b7fc797cbdb67976ea5fdb904de5 -> 486cec8559bad7c56adc699f165feb67
  custom:scripting/precompiled-assembly-types:UnityEngine.TestRunner: 7a4d96a0696e29157328c6996c3b82c5 -> f5758234275f5346968d00e3b1a1c0e4
  custom:scripting/monoscript/fileName/Discovery.cs: 43295ac1709a058ba3ec01d8585e170c -> 2b1006b9be47307c73378eaafc98b6fb
  custom:scripting/monoscript/fileName/VisualStudioIntegration.cs: f837b233b752d741f76e0990c5fad160 -> f9e623c49f9f20ea97a4519aa48d72d4
  custom:scripting/monoscript/fileName/FileIOProvider.cs: 081176a77b8b51898d4a1d6cfbab48ce -> 304525d180d2b661ce338fc8a3225752
  custom:scripting/monoscript/fileName/SdkStyleProjectGeneration.cs: 0d12ba8b4cce4103aedd4f5c89736364 -> bbd8a39d16aad1a0b8d5240b1f43f4a4
  custom:scripting/monoscript/fileName/Enemy.cs: 13cc614454c9ae28caa24456faa3d7cf -> 
  custom:video-encoder-webm-vp8: eb34c28f22e8b96e1ab97ce403110664 -> 
  custom:audio-decoder-ogg-vorbis: bf7c407c2cedff20999df2af8eb42d56 -> 
  custom:scripting/monoscript/fileName/SolutionProperties.cs: 0b7dbd9dc0e3af7f872e6112fa6f596e -> ab8751e49ae2f3d9994444a0a38619bd
  custom:scripting/monoscript/fileName/TestRunnerApiListener.cs: 9b7ed325f86e08c020c1bdc783d9bb51 -> cc17cec8825a8f933d6ecbd68d51f1de
  custom:scripting/monoscript/fileName/AssemblyNameProvider.cs: 06c09785a9ef49a49b329ed384758248 -> 170b0fd934f78f2e6a09342014bfa1fc
  custom:scripting/monoscript/fileName/Serializer.cs: 44df498e13906e45a2828923a7f89ac6 -> d7df1b97d0a3bd0bb98fd4d2d5bf5d29
  custom:scripting/monoscript/fileName/Message.cs: 3d319f70d9870482a245157c25577c4e -> 671a789acb2c7a93d0b620fe02979957
  custom:scripting/monoscript/fileName/Deserializer.cs: 7a4843246f0d5a1b063e9a6fef778397 -> 1cc72e9ed2428cc6d6ce2d4d2ad7b02b
  custom:scripting/monoscript/fileName/Test.cs: 8289d0398bd9a051035a87365428a0e7 -> 
  custom:audio-encoder-webm-vorbis: bf7c407c2cedff20999df2af8eb42d56 -> 
  custom:scripting/monoscript/fileName/TestRunnerCallbacks.cs: 901a1f98c6fdb76be420d56e91fe540d -> 5627cb9f4ed769fba607b0cab8e9e63d
  custom:scripting/monoscript/fileName/AsyncOperation.cs: 8f6297df34271fdb1ce2d9607ec6261d -> 90647cc400823b41df847a6cbfc29026
  custom:scripting/precompiled-assembly-types:Assembly-CSharp: 21ebfb0f5adf3ec10b439ac8102297a1 -> 
  custom:scripting/monoscript/fileName/UsageUtility.cs: 3f044a4563e8e23515be1e6c9e7e0fc7 -> 5ed3d13206b2b96245ce59a5c83beed1
========================================================================
Received Prepare
Caller must complete domain reload
Begin MonoManager ReloadAssembly
- Loaded All Assemblies, in  0.416 seconds
Native extension for WindowsStandalone target not found
Native extension for WebGL target not found
Mono: successfully reloaded assembly
- Finished resetting the current domain, in  0.968 seconds
Domain Reload Profiling: 1384ms
	BeginReloadAssembly (154ms)
		ExecutionOrderSort (0ms)
		DisableScriptedObjects (5ms)
		BackupInstance (0ms)
		ReleaseScriptingObjects (0ms)
		CreateAndSetChildDomain (30ms)
	RebuildCommonClasses (32ms)
	RebuildNativeTypeToScriptingClass (12ms)
	initialDomainReloadingComplete (24ms)
	LoadAllAssembliesAndSetupDomain (193ms)
		LoadAssemblies (269ms)
		RebuildTransferFunctionScriptingTraits (0ms)
		AnalyzeDomain (13ms)
			TypeCache.Refresh (5ms)
				TypeCache.ScanAssembly (0ms)
			ScanForSourceGeneratedMonoScriptInfo (0ms)
			ResolveRequiredComponents (6ms)
	FinalizeReload (969ms)
		ReleaseScriptCaches (0ms)
		RebuildScriptCaches (0ms)
		SetupLoadedEditorAssemblies (389ms)
			LogAssemblyErrors (0ms)
			InitializePlatformSupportModulesInManaged (6ms)
			SetLoadedEditorAssemblies (3ms)
			RefreshPlugins (0ms)
			BeforeProcessingInitializeOnLoad (54ms)
			ProcessInitializeOnLoadAttributes (299ms)
			ProcessInitializeOnLoadMethodAttributes (23ms)
			AfterProcessingInitializeOnLoad (3ms)
			EditorAssembliesLoaded (0ms)
		ExecutionOrderSort2 (0ms)
		AwakeInstancesAfterBackupRestoration (12ms)
Refreshing native plugins compatible for Editor in 4.36 ms, found 3 plugins.
Preloading 0 native plugins for Editor in 0.00 ms.
Unloading 3177 Unused Serialized files (Serialized files now loaded: 0)
Unloading 14 unused Assets / (28.5 KB). Loaded Objects now: 3689.
Memory consumption went from 119.1 MB to 119.0 MB.
Total: 5.169600 ms (FindLiveObjects: 0.989500 ms CreateObjectMapping: 0.440000 ms MarkObjects: 3.682300 ms  DeleteObjects: 0.056300 ms)

Prepare: number of updated asset objects reloaded= 0
AssetImportParameters requested are different than current active one (requested -> active):
  custom:scripting/monoscript/fileName/UdpSocket.cs: 5c2b80a042c65f789ef7f3c889fd101f -> 7555d065f81d23e6604acb91cf79ddd6
  custom:scripting/monoscript/fileName/Image.cs: 31ff8141403f4cb357eb7bf7e9ffdaeb -> f32195bbbc1ca9edcb6c8c6185597e40
  custom:scripting/monoscript/fileName/Cli.cs: 3c2ed0c881a657a6a8d1cec2a5d27e18 -> d287e08b50f2cb135aa4d7f8e01b7ef9
  custom:scripting/monoscript/fileName/KnownAssemblies.cs: 5a9878fa8cd33efc58225a4622d3c409 -> 286bea9f8fcee5e392f6fc0f0cd541c8
  custom:scripting/monoscript/fileName/SimpleJSON.cs: 2249b1d8736d53bdbb860984e9900714 -> 70c028a07c79c166db015acda1282d86
  custom:container-demuxer-ogg: 62fdf1f143b41e24485cea50d1cbac27 -> 
  custom:scripting/precompiled-assembly-types:Unity.PlasticSCM.Editor: 72a23a7a65cae48dae511b6579c293e4 -> 7e4e003063ee77e81fbf11080919f8e6
  custom:scripting/monoscript/fileName/SolutionProjectEntry.cs: 2cdbeb47f8763ac80d7836f6135300a9 -> 68cea09e9af09443edf61e18806ac1c2
  custom:scripting/monoscript/fileName/TcpListener.cs: 61afd6a8605bfd0084b595d2a15e8b2e -> 940bfdac0e91ad2884e6359468f2782a
  custom:scripting/monoscript/fileName/TcpClient.cs: 55a65447af3e4d6ecee8fd6d8f8731bd -> a949cfd4c46427829913ee0195fa0103
  custom:video-codec-MediaFoundation-h265: 746d11721c4dcdbdad8f713fa42b33f4 -> 
  custom:scripting/monoscript/fileName/LegacyStyleProjectGeneration.cs: 8aa3d3f0dc4d59c1ad013b88ff81a18d -> 4858a0ab74312ccaa3ff27a510a9d575
  custom:scripting/monoscript/fileName/FileUtility.cs: ce7e1c41f3666e04a20e8ab169333163 -> 2d70b80c72be1fb3b2b89ce0939e8cef
  custom:video-decoder-ogg-theora: a1e56fd34408186e4bbccfd4996cb3dc -> 
  custom:framework-win-MediaFoundation: 216162199b28c13a410421893ffa2e32 -> 
  custom:scripting/monoscript/fileName/VisualStudioCursorInstallation.cs: 95dc478876e6707a7e0d3e4422a08b22 -> 
  custom:scripting/monoscript/fileName/Messenger.cs: e1a29b4f8717764c5ff32215b741de2c -> f4ebc46d09b2b4de489946914db2aae0
  custom:scripting/monoscript/fileName/ProcessRunner.cs: 9913dac524d7fba7e53010bd3e109769 -> 932a2a80cb9a3539199f645deff3c585
  custom:scripting/monoscript/fileName/ExceptionEventArgs.cs: c1fb418063f3fe95153ce19939c50281 -> 27cb4c00a4137b184e01164606c88685
  custom:scripting/monoscript/fileName/ProjectGeneration.cs: 9ecb66398cf426136e1427db129d71bc -> 5d892aecaaa9b5c9f4162e2ae2b374ef
  custom:scripting/monoscript/fileName/GameOverUI.cs: 204dcc333de1c17b944f34fa4337dc40 -> 
  custom:scripting/monoscript/fileName/Symbols.cs: 37055ad381792899bea2e26647ce5ae9 -> 27613575e8bda8a6448f80ff27c488f9
  custom:scripting/monoscript/fileName/VersionPair.cs: 219dda7a75299c084fd265cf8d4d22ac -> 88b4a0b7e953537f26ded0a68cf4c238
  custom:scripting/precompiled-assembly-types:Unity.Timeline.Editor: b4313fba5652ee5a8449f3ec85f31ae4 -> 534d7c71c4dd9147ea00599cede121e1
  custom:CustomObjectIndexerAttribute: 9a22284fe3817be447336de3de66b15e -> 
  custom:scripting/monoscript/fileName/TestResultAdaptor.cs: 9b1d3d6bb50f08d85d0c8ba1d01b312d -> fb4db3971d5379750cda884e7e44e3e4
  custom:scripting/monoscript/fileName/VisualStudioEditor.cs: edffea2b56ff2fcda30202ca00e6de62 -> 21e59f688ad500ab61aca318850ec505
  custom:scripting/monoscript/fileName/VisualStudioInstallation.cs: d9bdf8280241f81cb63321a50b4ad2cb -> 41612f13db7783c8635801ab159c1079
  custom:scripting/monoscript/fileName/GameStartPanel.cs: f9029a7546d6d0a640aa647183643613 -> 
  custom:container-demuxer-webm: 4f35f7cbe854078d1ac9338744f61a02 -> 
  custom:scripting/monoscript/fileName/Solution.cs: 6f57345c5a9c03cd9de52e226d588ae1 -> 8bc97d0abd509f39b67b3a5bbac1b9a1
  custom:scripting/monoscript/fileName/VisualStudioCodiumInstallation.cs: 8ee758ce837648e8a493211c15ac775a -> 
  custom:scripting/precompiled-assembly-types:Unity.Cursor.Editor: c4135f52e7ee32dfaf93d3e70b9c4e0a -> 
  custom:scripting/monoscript/fileName/GUIDProvider.cs: cb8edf978faeabcee864dce1a906a291 -> cdd3f47e4fe593d2dfdf9915fa537e3f
  custom:container-muxer-webm: aa71ff27fc2769a1b78a27578f13a17b -> 
  custom:video-decoder-webm-vp8: 9c59270c3fd7afecdb556c50c9e8de78 -> 
  custom:scripting/monoscript/fileName/MessageEventArgs.cs: 1019688f506e4394820040d9795c0a7d -> 528473bbcee3623fe954627c6bfadd2e
  custom:SearchIndexIgnoredProperties: e643bd26f0fe6173181afceb89e7c659 -> 
  custom:scripting/monoscript/fileName/ProjectProperties.cs: 2d74649e53a223aa9cd860921346e9bd -> 407063898a13eaad2cd100e43551c6b5
  custom:AudioImporter_EditorPlatform: d09bf68614088b80899f8185d706f6e7 -> 
  custom:scripting/monoscript/fileName/UnityInstallation.cs: e77a4cd80130bf9635eda265c59fc585 -> 0ba30d4545f2c34a9323456723b5dbfe
  custom:scripting/precompiled-assembly-types:Unity.VisualScripting.Core.Editor: 1ac958119c4ad755d50390246b13522a -> 39597c0f3a76e24d87d64afa59c5f88d
  custom:scripting/monoscript/fileName/SolutionParser.cs: 28362f3ad5ff471d352dad937c4f46f0 -> 240a75b5fc2682997268aa77e6a1dd86
  custom:scripting/monoscript/fileName/TestAdaptor.cs: 5be3b7fc797cbdb67976ea5fdb904de5 -> 486cec8559bad7c56adc699f165feb67
  custom:scripting/precompiled-assembly-types:UnityEngine.TestRunner: 7a4d96a0696e29157328c6996c3b82c5 -> f5758234275f5346968d00e3b1a1c0e4
  custom:scripting/monoscript/fileName/Discovery.cs: 43295ac1709a058ba3ec01d8585e170c -> 2b1006b9be47307c73378eaafc98b6fb
  custom:scripting/monoscript/fileName/VisualStudioIntegration.cs: f837b233b752d741f76e0990c5fad160 -> f9e623c49f9f20ea97a4519aa48d72d4
  custom:scripting/monoscript/fileName/FileIOProvider.cs: 081176a77b8b51898d4a1d6cfbab48ce -> 304525d180d2b661ce338fc8a3225752
  custom:scripting/monoscript/fileName/SdkStyleProjectGeneration.cs: 0d12ba8b4cce4103aedd4f5c89736364 -> bbd8a39d16aad1a0b8d5240b1f43f4a4
  custom:scripting/monoscript/fileName/Enemy.cs: 13cc614454c9ae28caa24456faa3d7cf -> 
  custom:video-encoder-webm-vp8: eb34c28f22e8b96e1ab97ce403110664 -> 
  custom:audio-decoder-ogg-vorbis: bf7c407c2cedff20999df2af8eb42d56 -> 
  custom:scripting/monoscript/fileName/SolutionProperties.cs: 0b7dbd9dc0e3af7f872e6112fa6f596e -> ab8751e49ae2f3d9994444a0a38619bd
  custom:scripting/monoscript/fileName/TestRunnerApiListener.cs: 9b7ed325f86e08c020c1bdc783d9bb51 -> cc17cec8825a8f933d6ecbd68d51f1de
  custom:scripting/monoscript/fileName/AssemblyNameProvider.cs: 06c09785a9ef49a49b329ed384758248 -> 170b0fd934f78f2e6a09342014bfa1fc
  custom:scripting/monoscript/fileName/Serializer.cs: 44df498e13906e45a2828923a7f89ac6 -> d7df1b97d0a3bd0bb98fd4d2d5bf5d29
  custom:scripting/monoscript/fileName/Message.cs: 3d319f70d9870482a245157c25577c4e -> 671a789acb2c7a93d0b620fe02979957
  custom:scripting/monoscript/fileName/Deserializer.cs: 7a4843246f0d5a1b063e9a6fef778397 -> 1cc72e9ed2428cc6d6ce2d4d2ad7b02b
  custom:scripting/monoscript/fileName/Test.cs: 8289d0398bd9a051035a87365428a0e7 -> 
  custom:audio-encoder-webm-vorbis: bf7c407c2cedff20999df2af8eb42d56 -> 
  custom:scripting/monoscript/fileName/TestRunnerCallbacks.cs: 901a1f98c6fdb76be420d56e91fe540d -> 5627cb9f4ed769fba607b0cab8e9e63d
  custom:scripting/monoscript/fileName/AsyncOperation.cs: 8f6297df34271fdb1ce2d9607ec6261d -> 90647cc400823b41df847a6cbfc29026
  custom:scripting/precompiled-assembly-types:Assembly-CSharp: 21ebfb0f5adf3ec10b439ac8102297a1 -> 
  custom:scripting/monoscript/fileName/UsageUtility.cs: 3f044a4563e8e23515be1e6c9e7e0fc7 -> 5ed3d13206b2b96245ce59a5c83beed1
========================================================================
Received Prepare
Caller must complete domain reload
Begin MonoManager ReloadAssembly
- Loaded All Assemblies, in  0.426 seconds
Native extension for WindowsStandalone target not found
Native extension for WebGL target not found
Mono: successfully reloaded assembly
- Finished resetting the current domain, in  1.010 seconds
Domain Reload Profiling: 1436ms
	BeginReloadAssembly (155ms)
		ExecutionOrderSort (0ms)
		DisableScriptedObjects (6ms)
		BackupInstance (0ms)
		ReleaseScriptingObjects (0ms)
		CreateAndSetChildDomain (27ms)
	RebuildCommonClasses (34ms)
	RebuildNativeTypeToScriptingClass (13ms)
	initialDomainReloadingComplete (31ms)
	LoadAllAssembliesAndSetupDomain (193ms)
		LoadAssemblies (276ms)
		RebuildTransferFunctionScriptingTraits (0ms)
		AnalyzeDomain (12ms)
			TypeCache.Refresh (5ms)
				TypeCache.ScanAssembly (0ms)
			ScanForSourceGeneratedMonoScriptInfo (0ms)
			ResolveRequiredComponents (6ms)
	FinalizeReload (1010ms)
		ReleaseScriptCaches (0ms)
		RebuildScriptCaches (0ms)
		SetupLoadedEditorAssemblies (413ms)
			LogAssemblyErrors (0ms)
			InitializePlatformSupportModulesInManaged (8ms)
			SetLoadedEditorAssemblies (3ms)
			RefreshPlugins (0ms)
			BeforeProcessingInitializeOnLoad (62ms)
			ProcessInitializeOnLoadAttributes (314ms)
			ProcessInitializeOnLoadMethodAttributes (24ms)
			AfterProcessingInitializeOnLoad (2ms)
			EditorAssembliesLoaded (0ms)
		ExecutionOrderSort2 (0ms)
		AwakeInstancesAfterBackupRestoration (12ms)
Refreshing native plugins compatible for Editor in 4.14 ms, found 3 plugins.
Preloading 0 native plugins for Editor in 0.00 ms.
Unloading 3177 Unused Serialized files (Serialized files now loaded: 0)
Unloading 14 unused Assets / (28.5 KB). Loaded Objects now: 3692.
Memory consumption went from 119.1 MB to 119.1 MB.
Total: 2.797300 ms (FindLiveObjects: 0.309200 ms CreateObjectMapping: 0.251300 ms MarkObjects: 2.199200 ms  DeleteObjects: 0.036300 ms)

Prepare: number of updated asset objects reloaded= 0
AssetImportParameters requested are different than current active one (requested -> active):
  custom:scripting/monoscript/fileName/UdpSocket.cs: 5c2b80a042c65f789ef7f3c889fd101f -> 7555d065f81d23e6604acb91cf79ddd6
  custom:scripting/monoscript/fileName/Image.cs: 31ff8141403f4cb357eb7bf7e9ffdaeb -> f32195bbbc1ca9edcb6c8c6185597e40
  custom:scripting/monoscript/fileName/Cli.cs: 3c2ed0c881a657a6a8d1cec2a5d27e18 -> d287e08b50f2cb135aa4d7f8e01b7ef9
  custom:scripting/monoscript/fileName/KnownAssemblies.cs: 5a9878fa8cd33efc58225a4622d3c409 -> 286bea9f8fcee5e392f6fc0f0cd541c8
  custom:scripting/monoscript/fileName/SimpleJSON.cs: 2249b1d8736d53bdbb860984e9900714 -> 70c028a07c79c166db015acda1282d86
  custom:container-demuxer-ogg: 62fdf1f143b41e24485cea50d1cbac27 -> 
  custom:scripting/precompiled-assembly-types:Unity.PlasticSCM.Editor: 72a23a7a65cae48dae511b6579c293e4 -> 7e4e003063ee77e81fbf11080919f8e6
  custom:scripting/monoscript/fileName/SolutionProjectEntry.cs: 2cdbeb47f8763ac80d7836f6135300a9 -> 68cea09e9af09443edf61e18806ac1c2
  custom:scripting/monoscript/fileName/TcpListener.cs: 61afd6a8605bfd0084b595d2a15e8b2e -> 940bfdac0e91ad2884e6359468f2782a
  custom:scripting/monoscript/fileName/TcpClient.cs: 55a65447af3e4d6ecee8fd6d8f8731bd -> a949cfd4c46427829913ee0195fa0103
  custom:video-codec-MediaFoundation-h265: 746d11721c4dcdbdad8f713fa42b33f4 -> 
  custom:scripting/monoscript/fileName/LegacyStyleProjectGeneration.cs: 8aa3d3f0dc4d59c1ad013b88ff81a18d -> 4858a0ab74312ccaa3ff27a510a9d575
  custom:scripting/monoscript/fileName/FileUtility.cs: ce7e1c41f3666e04a20e8ab169333163 -> 2d70b80c72be1fb3b2b89ce0939e8cef
  custom:video-decoder-ogg-theora: a1e56fd34408186e4bbccfd4996cb3dc -> 
  custom:framework-win-MediaFoundation: 216162199b28c13a410421893ffa2e32 -> 
  custom:scripting/monoscript/fileName/VisualStudioCursorInstallation.cs: 95dc478876e6707a7e0d3e4422a08b22 -> 
  custom:scripting/monoscript/fileName/Messenger.cs: e1a29b4f8717764c5ff32215b741de2c -> f4ebc46d09b2b4de489946914db2aae0
  custom:scripting/monoscript/fileName/ProcessRunner.cs: 9913dac524d7fba7e53010bd3e109769 -> 932a2a80cb9a3539199f645deff3c585
  custom:scripting/monoscript/fileName/ExceptionEventArgs.cs: c1fb418063f3fe95153ce19939c50281 -> 27cb4c00a4137b184e01164606c88685
  custom:scripting/monoscript/fileName/ProjectGeneration.cs: 9ecb66398cf426136e1427db129d71bc -> 5d892aecaaa9b5c9f4162e2ae2b374ef
  custom:scripting/monoscript/fileName/GameOverUI.cs: 204dcc333de1c17b944f34fa4337dc40 -> 
  custom:scripting/monoscript/fileName/Symbols.cs: 37055ad381792899bea2e26647ce5ae9 -> 27613575e8bda8a6448f80ff27c488f9
  custom:scripting/monoscript/fileName/VersionPair.cs: 219dda7a75299c084fd265cf8d4d22ac -> 88b4a0b7e953537f26ded0a68cf4c238
  custom:scripting/precompiled-assembly-types:Unity.Timeline.Editor: b4313fba5652ee5a8449f3ec85f31ae4 -> 534d7c71c4dd9147ea00599cede121e1
  custom:CustomObjectIndexerAttribute: 9a22284fe3817be447336de3de66b15e -> 
  custom:scripting/monoscript/fileName/TestResultAdaptor.cs: 9b1d3d6bb50f08d85d0c8ba1d01b312d -> fb4db3971d5379750cda884e7e44e3e4
  custom:scripting/monoscript/fileName/VisualStudioEditor.cs: edffea2b56ff2fcda30202ca00e6de62 -> 21e59f688ad500ab61aca318850ec505
  custom:scripting/monoscript/fileName/VisualStudioInstallation.cs: d9bdf8280241f81cb63321a50b4ad2cb -> 41612f13db7783c8635801ab159c1079
  custom:scripting/monoscript/fileName/GameStartPanel.cs: f9029a7546d6d0a640aa647183643613 -> 
  custom:container-demuxer-webm: 4f35f7cbe854078d1ac9338744f61a02 -> 
  custom:scripting/monoscript/fileName/Solution.cs: 6f57345c5a9c03cd9de52e226d588ae1 -> 8bc97d0abd509f39b67b3a5bbac1b9a1
  custom:scripting/monoscript/fileName/VisualStudioCodiumInstallation.cs: 8ee758ce837648e8a493211c15ac775a -> 
  custom:scripting/precompiled-assembly-types:Unity.Cursor.Editor: c4135f52e7ee32dfaf93d3e70b9c4e0a -> 
  custom:scripting/monoscript/fileName/GUIDProvider.cs: cb8edf978faeabcee864dce1a906a291 -> cdd3f47e4fe593d2dfdf9915fa537e3f
  custom:container-muxer-webm: aa71ff27fc2769a1b78a27578f13a17b -> 
  custom:video-decoder-webm-vp8: 9c59270c3fd7afecdb556c50c9e8de78 -> 
  custom:scripting/monoscript/fileName/MessageEventArgs.cs: 1019688f506e4394820040d9795c0a7d -> 528473bbcee3623fe954627c6bfadd2e
  custom:SearchIndexIgnoredProperties: e643bd26f0fe6173181afceb89e7c659 -> 
  custom:scripting/monoscript/fileName/ProjectProperties.cs: 2d74649e53a223aa9cd860921346e9bd -> 407063898a13eaad2cd100e43551c6b5
  custom:AudioImporter_EditorPlatform: d09bf68614088b80899f8185d706f6e7 -> 
  custom:scripting/monoscript/fileName/UnityInstallation.cs: e77a4cd80130bf9635eda265c59fc585 -> 0ba30d4545f2c34a9323456723b5dbfe
  custom:scripting/precompiled-assembly-types:Unity.VisualScripting.Core.Editor: 1ac958119c4ad755d50390246b13522a -> 39597c0f3a76e24d87d64afa59c5f88d
  custom:scripting/monoscript/fileName/SolutionParser.cs: 28362f3ad5ff471d352dad937c4f46f0 -> 240a75b5fc2682997268aa77e6a1dd86
  custom:scripting/monoscript/fileName/TestAdaptor.cs: 5be3b7fc797cbdb67976ea5fdb904de5 -> 486cec8559bad7c56adc699f165feb67
  custom:scripting/precompiled-assembly-types:UnityEngine.TestRunner: 7a4d96a0696e29157328c6996c3b82c5 -> f5758234275f5346968d00e3b1a1c0e4
  custom:scripting/monoscript/fileName/Discovery.cs: 43295ac1709a058ba3ec01d8585e170c -> 2b1006b9be47307c73378eaafc98b6fb
  custom:scripting/monoscript/fileName/VisualStudioIntegration.cs: f837b233b752d741f76e0990c5fad160 -> f9e623c49f9f20ea97a4519aa48d72d4
  custom:scripting/monoscript/fileName/FileIOProvider.cs: 081176a77b8b51898d4a1d6cfbab48ce -> 304525d180d2b661ce338fc8a3225752
  custom:scripting/monoscript/fileName/SdkStyleProjectGeneration.cs: 0d12ba8b4cce4103aedd4f5c89736364 -> bbd8a39d16aad1a0b8d5240b1f43f4a4
  custom:scripting/monoscript/fileName/Enemy.cs: 13cc614454c9ae28caa24456faa3d7cf -> 
  custom:video-encoder-webm-vp8: eb34c28f22e8b96e1ab97ce403110664 -> 
  custom:audio-decoder-ogg-vorbis: bf7c407c2cedff20999df2af8eb42d56 -> 
  custom:scripting/monoscript/fileName/SolutionProperties.cs: 0b7dbd9dc0e3af7f872e6112fa6f596e -> ab8751e49ae2f3d9994444a0a38619bd
  custom:scripting/monoscript/fileName/TestRunnerApiListener.cs: 9b7ed325f86e08c020c1bdc783d9bb51 -> cc17cec8825a8f933d6ecbd68d51f1de
  custom:scripting/monoscript/fileName/AssemblyNameProvider.cs: 06c09785a9ef49a49b329ed384758248 -> 170b0fd934f78f2e6a09342014bfa1fc
  custom:scripting/monoscript/fileName/Serializer.cs: 44df498e13906e45a2828923a7f89ac6 -> d7df1b97d0a3bd0bb98fd4d2d5bf5d29
  custom:scripting/monoscript/fileName/Message.cs: 3d319f70d9870482a245157c25577c4e -> 671a789acb2c7a93d0b620fe02979957
  custom:scripting/monoscript/fileName/Deserializer.cs: 7a4843246f0d5a1b063e9a6fef778397 -> 1cc72e9ed2428cc6d6ce2d4d2ad7b02b
  custom:scripting/monoscript/fileName/Test.cs: 8289d0398bd9a051035a87365428a0e7 -> 
  custom:audio-encoder-webm-vorbis: bf7c407c2cedff20999df2af8eb42d56 -> 
  custom:scripting/monoscript/fileName/TestRunnerCallbacks.cs: 901a1f98c6fdb76be420d56e91fe540d -> 5627cb9f4ed769fba607b0cab8e9e63d
  custom:scripting/monoscript/fileName/AsyncOperation.cs: 8f6297df34271fdb1ce2d9607ec6261d -> 90647cc400823b41df847a6cbfc29026
  custom:scripting/precompiled-assembly-types:Assembly-CSharp: 21ebfb0f5adf3ec10b439ac8102297a1 -> 
  custom:scripting/monoscript/fileName/UsageUtility.cs: 3f044a4563e8e23515be1e6c9e7e0fc7 -> 5ed3d13206b2b96245ce59a5c83beed1
========================================================================
Received Prepare
Caller must complete domain reload
Begin MonoManager ReloadAssembly
- Loaded All Assemblies, in  0.417 seconds
Native extension for WindowsStandalone target not found
Native extension for WebGL target not found
Mono: successfully reloaded assembly
- Finished resetting the current domain, in  0.967 seconds
Domain Reload Profiling: 1384ms
	BeginReloadAssembly (150ms)
		ExecutionOrderSort (0ms)
		DisableScriptedObjects (6ms)
		BackupInstance (0ms)
		ReleaseScriptingObjects (0ms)
		CreateAndSetChildDomain (27ms)
	RebuildCommonClasses (34ms)
	RebuildNativeTypeToScriptingClass (14ms)
	initialDomainReloadingComplete (30ms)
	LoadAllAssembliesAndSetupDomain (189ms)
		LoadAssemblies (266ms)
		RebuildTransferFunctionScriptingTraits (0ms)
		AnalyzeDomain (13ms)
			TypeCache.Refresh (6ms)
				TypeCache.ScanAssembly (0ms)
			ScanForSourceGeneratedMonoScriptInfo (0ms)
			ResolveRequiredComponents (5ms)
	FinalizeReload (967ms)
		ReleaseScriptCaches (0ms)
		RebuildScriptCaches (0ms)
		SetupLoadedEditorAssemblies (391ms)
			LogAssemblyErrors (0ms)
			InitializePlatformSupportModulesInManaged (8ms)
			SetLoadedEditorAssemblies (3ms)
			RefreshPlugins (0ms)
			BeforeProcessingInitializeOnLoad (56ms)
			ProcessInitializeOnLoadAttributes (300ms)
			ProcessInitializeOnLoadMethodAttributes (21ms)
			AfterProcessingInitializeOnLoad (3ms)
			EditorAssembliesLoaded (0ms)
		ExecutionOrderSort2 (0ms)
		AwakeInstancesAfterBackupRestoration (13ms)
Refreshing native plugins compatible for Editor in 4.06 ms, found 3 plugins.
Preloading 0 native plugins for Editor in 0.00 ms.
Unloading 3177 Unused Serialized files (Serialized files now loaded: 0)
Unloading 14 unused Assets / (28.6 KB). Loaded Objects now: 3695.
Memory consumption went from 119.1 MB to 119.1 MB.
Total: 2.890100 ms (FindLiveObjects: 0.271800 ms CreateObjectMapping: 0.225300 ms MarkObjects: 2.353700 ms  DeleteObjects: 0.037900 ms)

Prepare: number of updated asset objects reloaded= 0
AssetImportParameters requested are different than current active one (requested -> active):
  custom:scripting/monoscript/fileName/UdpSocket.cs: 5c2b80a042c65f789ef7f3c889fd101f -> 7555d065f81d23e6604acb91cf79ddd6
  custom:scripting/monoscript/fileName/Image.cs: 31ff8141403f4cb357eb7bf7e9ffdaeb -> f32195bbbc1ca9edcb6c8c6185597e40
  custom:scripting/monoscript/fileName/Cli.cs: 3c2ed0c881a657a6a8d1cec2a5d27e18 -> d287e08b50f2cb135aa4d7f8e01b7ef9
  custom:scripting/monoscript/fileName/KnownAssemblies.cs: 5a9878fa8cd33efc58225a4622d3c409 -> 286bea9f8fcee5e392f6fc0f0cd541c8
  custom:scripting/monoscript/fileName/SimpleJSON.cs: 2249b1d8736d53bdbb860984e9900714 -> 70c028a07c79c166db015acda1282d86
  custom:container-demuxer-ogg: 62fdf1f143b41e24485cea50d1cbac27 -> 
  custom:scripting/precompiled-assembly-types:Unity.PlasticSCM.Editor: 72a23a7a65cae48dae511b6579c293e4 -> 7e4e003063ee77e81fbf11080919f8e6
  custom:scripting/monoscript/fileName/SolutionProjectEntry.cs: 2cdbeb47f8763ac80d7836f6135300a9 -> 68cea09e9af09443edf61e18806ac1c2
  custom:scripting/monoscript/fileName/TcpListener.cs: 61afd6a8605bfd0084b595d2a15e8b2e -> 940bfdac0e91ad2884e6359468f2782a
  custom:scripting/monoscript/fileName/TcpClient.cs: 55a65447af3e4d6ecee8fd6d8f8731bd -> a949cfd4c46427829913ee0195fa0103
  custom:video-codec-MediaFoundation-h265: 746d11721c4dcdbdad8f713fa42b33f4 -> 
  custom:scripting/monoscript/fileName/LegacyStyleProjectGeneration.cs: 8aa3d3f0dc4d59c1ad013b88ff81a18d -> 4858a0ab74312ccaa3ff27a510a9d575
  custom:scripting/monoscript/fileName/FileUtility.cs: ce7e1c41f3666e04a20e8ab169333163 -> 2d70b80c72be1fb3b2b89ce0939e8cef
  custom:video-decoder-ogg-theora: a1e56fd34408186e4bbccfd4996cb3dc -> 
  custom:framework-win-MediaFoundation: 216162199b28c13a410421893ffa2e32 -> 
  custom:scripting/monoscript/fileName/VisualStudioCursorInstallation.cs: 95dc478876e6707a7e0d3e4422a08b22 -> 
  custom:scripting/monoscript/fileName/Messenger.cs: e1a29b4f8717764c5ff32215b741de2c -> f4ebc46d09b2b4de489946914db2aae0
  custom:scripting/monoscript/fileName/ProcessRunner.cs: 9913dac524d7fba7e53010bd3e109769 -> 932a2a80cb9a3539199f645deff3c585
  custom:scripting/monoscript/fileName/ExceptionEventArgs.cs: c1fb418063f3fe95153ce19939c50281 -> 27cb4c00a4137b184e01164606c88685
  custom:scripting/monoscript/fileName/ProjectGeneration.cs: 9ecb66398cf426136e1427db129d71bc -> 5d892aecaaa9b5c9f4162e2ae2b374ef
  custom:scripting/monoscript/fileName/GameOverUI.cs: 204dcc333de1c17b944f34fa4337dc40 -> 
  custom:scripting/monoscript/fileName/Symbols.cs: 37055ad381792899bea2e26647ce5ae9 -> 27613575e8bda8a6448f80ff27c488f9
  custom:scripting/monoscript/fileName/VersionPair.cs: 219dda7a75299c084fd265cf8d4d22ac -> 88b4a0b7e953537f26ded0a68cf4c238
  custom:scripting/precompiled-assembly-types:Unity.Timeline.Editor: b4313fba5652ee5a8449f3ec85f31ae4 -> 534d7c71c4dd9147ea00599cede121e1
  custom:CustomObjectIndexerAttribute: 9a22284fe3817be447336de3de66b15e -> 
  custom:scripting/monoscript/fileName/TestResultAdaptor.cs: 9b1d3d6bb50f08d85d0c8ba1d01b312d -> fb4db3971d5379750cda884e7e44e3e4
  custom:scripting/monoscript/fileName/VisualStudioEditor.cs: edffea2b56ff2fcda30202ca00e6de62 -> 21e59f688ad500ab61aca318850ec505
  custom:scripting/monoscript/fileName/VisualStudioInstallation.cs: d9bdf8280241f81cb63321a50b4ad2cb -> 41612f13db7783c8635801ab159c1079
  custom:scripting/monoscript/fileName/GameStartPanel.cs: f9029a7546d6d0a640aa647183643613 -> 
  custom:container-demuxer-webm: 4f35f7cbe854078d1ac9338744f61a02 -> 
  custom:scripting/monoscript/fileName/Solution.cs: 6f57345c5a9c03cd9de52e226d588ae1 -> 8bc97d0abd509f39b67b3a5bbac1b9a1
  custom:scripting/monoscript/fileName/VisualStudioCodiumInstallation.cs: 8ee758ce837648e8a493211c15ac775a -> 
  custom:scripting/precompiled-assembly-types:Unity.Cursor.Editor: c4135f52e7ee32dfaf93d3e70b9c4e0a -> 
  custom:scripting/monoscript/fileName/GUIDProvider.cs: cb8edf978faeabcee864dce1a906a291 -> cdd3f47e4fe593d2dfdf9915fa537e3f
  custom:container-muxer-webm: aa71ff27fc2769a1b78a27578f13a17b -> 
  custom:video-decoder-webm-vp8: 9c59270c3fd7afecdb556c50c9e8de78 -> 
  custom:scripting/monoscript/fileName/MessageEventArgs.cs: 1019688f506e4394820040d9795c0a7d -> 528473bbcee3623fe954627c6bfadd2e
  custom:SearchIndexIgnoredProperties: e643bd26f0fe6173181afceb89e7c659 -> 
  custom:scripting/monoscript/fileName/ProjectProperties.cs: 2d74649e53a223aa9cd860921346e9bd -> 407063898a13eaad2cd100e43551c6b5
  custom:AudioImporter_EditorPlatform: d09bf68614088b80899f8185d706f6e7 -> 
  custom:scripting/monoscript/fileName/UnityInstallation.cs: e77a4cd80130bf9635eda265c59fc585 -> 0ba30d4545f2c34a9323456723b5dbfe
  custom:scripting/precompiled-assembly-types:Unity.VisualScripting.Core.Editor: 1ac958119c4ad755d50390246b13522a -> 39597c0f3a76e24d87d64afa59c5f88d
  custom:scripting/monoscript/fileName/SolutionParser.cs: 28362f3ad5ff471d352dad937c4f46f0 -> 240a75b5fc2682997268aa77e6a1dd86
  custom:scripting/monoscript/fileName/TestAdaptor.cs: 5be3b7fc797cbdb67976ea5fdb904de5 -> 486cec8559bad7c56adc699f165feb67
  custom:scripting/precompiled-assembly-types:UnityEngine.TestRunner: 7a4d96a0696e29157328c6996c3b82c5 -> f5758234275f5346968d00e3b1a1c0e4
  custom:scripting/monoscript/fileName/Discovery.cs: 43295ac1709a058ba3ec01d8585e170c -> 2b1006b9be47307c73378eaafc98b6fb
  custom:scripting/monoscript/fileName/VisualStudioIntegration.cs: f837b233b752d741f76e0990c5fad160 -> f9e623c49f9f20ea97a4519aa48d72d4
  custom:scripting/monoscript/fileName/FileIOProvider.cs: 081176a77b8b51898d4a1d6cfbab48ce -> 304525d180d2b661ce338fc8a3225752
  custom:scripting/monoscript/fileName/SdkStyleProjectGeneration.cs: 0d12ba8b4cce4103aedd4f5c89736364 -> bbd8a39d16aad1a0b8d5240b1f43f4a4
  custom:scripting/monoscript/fileName/Enemy.cs: 13cc614454c9ae28caa24456faa3d7cf -> 
  custom:video-encoder-webm-vp8: eb34c28f22e8b96e1ab97ce403110664 -> 
  custom:audio-decoder-ogg-vorbis: bf7c407c2cedff20999df2af8eb42d56 -> 
  custom:scripting/monoscript/fileName/SolutionProperties.cs: 0b7dbd9dc0e3af7f872e6112fa6f596e -> ab8751e49ae2f3d9994444a0a38619bd
  custom:scripting/monoscript/fileName/TestRunnerApiListener.cs: 9b7ed325f86e08c020c1bdc783d9bb51 -> cc17cec8825a8f933d6ecbd68d51f1de
  custom:scripting/monoscript/fileName/AssemblyNameProvider.cs: 06c09785a9ef49a49b329ed384758248 -> 170b0fd934f78f2e6a09342014bfa1fc
  custom:scripting/monoscript/fileName/Serializer.cs: 44df498e13906e45a2828923a7f89ac6 -> d7df1b97d0a3bd0bb98fd4d2d5bf5d29
  custom:scripting/monoscript/fileName/Message.cs: 3d319f70d9870482a245157c25577c4e -> 671a789acb2c7a93d0b620fe02979957
  custom:scripting/monoscript/fileName/Deserializer.cs: 7a4843246f0d5a1b063e9a6fef778397 -> 1cc72e9ed2428cc6d6ce2d4d2ad7b02b
  custom:scripting/monoscript/fileName/Test.cs: 8289d0398bd9a051035a87365428a0e7 -> 
  custom:audio-encoder-webm-vorbis: bf7c407c2cedff20999df2af8eb42d56 -> 
  custom:scripting/monoscript/fileName/TestRunnerCallbacks.cs: 901a1f98c6fdb76be420d56e91fe540d -> 5627cb9f4ed769fba607b0cab8e9e63d
  custom:scripting/monoscript/fileName/AsyncOperation.cs: 8f6297df34271fdb1ce2d9607ec6261d -> 90647cc400823b41df847a6cbfc29026
  custom:scripting/precompiled-assembly-types:Assembly-CSharp: 21ebfb0f5adf3ec10b439ac8102297a1 -> 
  custom:scripting/monoscript/fileName/UsageUtility.cs: 3f044a4563e8e23515be1e6c9e7e0fc7 -> 5ed3d13206b2b96245ce59a5c83beed1
========================================================================
Received Prepare
Caller must complete domain reload
Begin MonoManager ReloadAssembly
- Loaded All Assemblies, in  0.442 seconds
Native extension for WindowsStandalone target not found
Native extension for WebGL target not found
Mono: successfully reloaded assembly
- Finished resetting the current domain, in  0.986 seconds
Domain Reload Profiling: 1428ms
	BeginReloadAssembly (156ms)
		ExecutionOrderSort (0ms)
		DisableScriptedObjects (5ms)
		BackupInstance (0ms)
		ReleaseScriptingObjects (0ms)
		CreateAndSetChildDomain (27ms)
	RebuildCommonClasses (34ms)
	RebuildNativeTypeToScriptingClass (12ms)
	initialDomainReloadingComplete (26ms)
	LoadAllAssembliesAndSetupDomain (214ms)
		LoadAssemblies (297ms)
		RebuildTransferFunctionScriptingTraits (0ms)
		AnalyzeDomain (12ms)
			TypeCache.Refresh (5ms)
				TypeCache.ScanAssembly (0ms)
			ScanForSourceGeneratedMonoScriptInfo (0ms)
			ResolveRequiredComponents (5ms)
	FinalizeReload (987ms)
		ReleaseScriptCaches (0ms)
		RebuildScriptCaches (0ms)
		SetupLoadedEditorAssemblies (398ms)
			LogAssemblyErrors (0ms)
			InitializePlatformSupportModulesInManaged (7ms)
			SetLoadedEditorAssemblies (3ms)
			RefreshPlugins (0ms)
			BeforeProcessingInitializeOnLoad (55ms)
			ProcessInitializeOnLoadAttributes (308ms)
			ProcessInitializeOnLoadMethodAttributes (22ms)
			AfterProcessingInitializeOnLoad (3ms)
			EditorAssembliesLoaded (0ms)
		ExecutionOrderSort2 (0ms)
		AwakeInstancesAfterBackupRestoration (12ms)
Refreshing native plugins compatible for Editor in 3.80 ms, found 3 plugins.
Preloading 0 native plugins for Editor in 0.00 ms.
Unloading 3177 Unused Serialized files (Serialized files now loaded: 0)
Unloading 14 unused Assets / (28.6 KB). Loaded Objects now: 3698.
Memory consumption went from 119.1 MB to 119.1 MB.
Total: 4.150300 ms (FindLiveObjects: 0.231300 ms CreateObjectMapping: 0.175100 ms MarkObjects: 3.701900 ms  DeleteObjects: 0.040700 ms)

Prepare: number of updated asset objects reloaded= 0
AssetImportParameters requested are different than current active one (requested -> active):
  custom:scripting/monoscript/fileName/UdpSocket.cs: 5c2b80a042c65f789ef7f3c889fd101f -> 7555d065f81d23e6604acb91cf79ddd6
  custom:scripting/monoscript/fileName/Image.cs: 31ff8141403f4cb357eb7bf7e9ffdaeb -> f32195bbbc1ca9edcb6c8c6185597e40
  custom:scripting/monoscript/fileName/Cli.cs: 3c2ed0c881a657a6a8d1cec2a5d27e18 -> d287e08b50f2cb135aa4d7f8e01b7ef9
  custom:scripting/monoscript/fileName/KnownAssemblies.cs: 5a9878fa8cd33efc58225a4622d3c409 -> 286bea9f8fcee5e392f6fc0f0cd541c8
  custom:scripting/monoscript/fileName/SimpleJSON.cs: 2249b1d8736d53bdbb860984e9900714 -> 70c028a07c79c166db015acda1282d86
  custom:container-demuxer-ogg: 62fdf1f143b41e24485cea50d1cbac27 -> 
  custom:scripting/precompiled-assembly-types:Unity.PlasticSCM.Editor: 72a23a7a65cae48dae511b6579c293e4 -> 7e4e003063ee77e81fbf11080919f8e6
  custom:scripting/monoscript/fileName/SolutionProjectEntry.cs: 2cdbeb47f8763ac80d7836f6135300a9 -> 68cea09e9af09443edf61e18806ac1c2
  custom:scripting/monoscript/fileName/TcpListener.cs: 61afd6a8605bfd0084b595d2a15e8b2e -> 940bfdac0e91ad2884e6359468f2782a
  custom:scripting/monoscript/fileName/TcpClient.cs: 55a65447af3e4d6ecee8fd6d8f8731bd -> a949cfd4c46427829913ee0195fa0103
  custom:video-codec-MediaFoundation-h265: 746d11721c4dcdbdad8f713fa42b33f4 -> 
  custom:scripting/monoscript/fileName/LegacyStyleProjectGeneration.cs: 8aa3d3f0dc4d59c1ad013b88ff81a18d -> 4858a0ab74312ccaa3ff27a510a9d575
  custom:scripting/monoscript/fileName/FileUtility.cs: ce7e1c41f3666e04a20e8ab169333163 -> 2d70b80c72be1fb3b2b89ce0939e8cef
  custom:video-decoder-ogg-theora: a1e56fd34408186e4bbccfd4996cb3dc -> 
  custom:framework-win-MediaFoundation: 216162199b28c13a410421893ffa2e32 -> 
  custom:scripting/monoscript/fileName/VisualStudioCursorInstallation.cs: 95dc478876e6707a7e0d3e4422a08b22 -> 
  custom:scripting/monoscript/fileName/Messenger.cs: e1a29b4f8717764c5ff32215b741de2c -> f4ebc46d09b2b4de489946914db2aae0
  custom:scripting/monoscript/fileName/ProcessRunner.cs: 9913dac524d7fba7e53010bd3e109769 -> 932a2a80cb9a3539199f645deff3c585
  custom:scripting/monoscript/fileName/ExceptionEventArgs.cs: c1fb418063f3fe95153ce19939c50281 -> 27cb4c00a4137b184e01164606c88685
  custom:scripting/monoscript/fileName/ProjectGeneration.cs: 9ecb66398cf426136e1427db129d71bc -> 5d892aecaaa9b5c9f4162e2ae2b374ef
  custom:scripting/monoscript/fileName/GameOverUI.cs: 204dcc333de1c17b944f34fa4337dc40 -> 
  custom:scripting/monoscript/fileName/Symbols.cs: 37055ad381792899bea2e26647ce5ae9 -> 27613575e8bda8a6448f80ff27c488f9
  custom:scripting/monoscript/fileName/VersionPair.cs: 219dda7a75299c084fd265cf8d4d22ac -> 88b4a0b7e953537f26ded0a68cf4c238
  custom:scripting/precompiled-assembly-types:Unity.Timeline.Editor: b4313fba5652ee5a8449f3ec85f31ae4 -> 534d7c71c4dd9147ea00599cede121e1
  custom:CustomObjectIndexerAttribute: 9a22284fe3817be447336de3de66b15e -> 
  custom:scripting/monoscript/fileName/TestResultAdaptor.cs: 9b1d3d6bb50f08d85d0c8ba1d01b312d -> fb4db3971d5379750cda884e7e44e3e4
  custom:scripting/monoscript/fileName/VisualStudioEditor.cs: edffea2b56ff2fcda30202ca00e6de62 -> 21e59f688ad500ab61aca318850ec505
  custom:scripting/monoscript/fileName/VisualStudioInstallation.cs: d9bdf8280241f81cb63321a50b4ad2cb -> 41612f13db7783c8635801ab159c1079
  custom:scripting/monoscript/fileName/GameStartPanel.cs: f9029a7546d6d0a640aa647183643613 -> 
  custom:container-demuxer-webm: 4f35f7cbe854078d1ac9338744f61a02 -> 
  custom:scripting/monoscript/fileName/Solution.cs: 6f57345c5a9c03cd9de52e226d588ae1 -> 8bc97d0abd509f39b67b3a5bbac1b9a1
  custom:scripting/monoscript/fileName/VisualStudioCodiumInstallation.cs: 8ee758ce837648e8a493211c15ac775a -> 
  custom:scripting/precompiled-assembly-types:Unity.Cursor.Editor: c4135f52e7ee32dfaf93d3e70b9c4e0a -> 
  custom:scripting/monoscript/fileName/GUIDProvider.cs: cb8edf978faeabcee864dce1a906a291 -> cdd3f47e4fe593d2dfdf9915fa537e3f
  custom:container-muxer-webm: aa71ff27fc2769a1b78a27578f13a17b -> 
  custom:video-decoder-webm-vp8: 9c59270c3fd7afecdb556c50c9e8de78 -> 
  custom:scripting/monoscript/fileName/MessageEventArgs.cs: 1019688f506e4394820040d9795c0a7d -> 528473bbcee3623fe954627c6bfadd2e
  custom:SearchIndexIgnoredProperties: e643bd26f0fe6173181afceb89e7c659 -> 
  custom:scripting/monoscript/fileName/ProjectProperties.cs: 2d74649e53a223aa9cd860921346e9bd -> 407063898a13eaad2cd100e43551c6b5
  custom:AudioImporter_EditorPlatform: d09bf68614088b80899f8185d706f6e7 -> 
  custom:scripting/monoscript/fileName/UnityInstallation.cs: e77a4cd80130bf9635eda265c59fc585 -> 0ba30d4545f2c34a9323456723b5dbfe
  custom:scripting/precompiled-assembly-types:Unity.VisualScripting.Core.Editor: 1ac958119c4ad755d50390246b13522a -> 39597c0f3a76e24d87d64afa59c5f88d
  custom:scripting/monoscript/fileName/SolutionParser.cs: 28362f3ad5ff471d352dad937c4f46f0 -> 240a75b5fc2682997268aa77e6a1dd86
  custom:scripting/monoscript/fileName/TestAdaptor.cs: 5be3b7fc797cbdb67976ea5fdb904de5 -> 486cec8559bad7c56adc699f165feb67
  custom:scripting/precompiled-assembly-types:UnityEngine.TestRunner: 7a4d96a0696e29157328c6996c3b82c5 -> f5758234275f5346968d00e3b1a1c0e4
  custom:scripting/monoscript/fileName/Discovery.cs: 43295ac1709a058ba3ec01d8585e170c -> 2b1006b9be47307c73378eaafc98b6fb
  custom:scripting/monoscript/fileName/VisualStudioIntegration.cs: f837b233b752d741f76e0990c5fad160 -> f9e623c49f9f20ea97a4519aa48d72d4
  custom:scripting/monoscript/fileName/FileIOProvider.cs: 081176a77b8b51898d4a1d6cfbab48ce -> 304525d180d2b661ce338fc8a3225752
  custom:scripting/monoscript/fileName/SdkStyleProjectGeneration.cs: 0d12ba8b4cce4103aedd4f5c89736364 -> bbd8a39d16aad1a0b8d5240b1f43f4a4
  custom:scripting/monoscript/fileName/Enemy.cs: 13cc614454c9ae28caa24456faa3d7cf -> 
  custom:video-encoder-webm-vp8: eb34c28f22e8b96e1ab97ce403110664 -> 
  custom:audio-decoder-ogg-vorbis: bf7c407c2cedff20999df2af8eb42d56 -> 
  custom:scripting/monoscript/fileName/SolutionProperties.cs: 0b7dbd9dc0e3af7f872e6112fa6f596e -> ab8751e49ae2f3d9994444a0a38619bd
  custom:scripting/monoscript/fileName/TestRunnerApiListener.cs: 9b7ed325f86e08c020c1bdc783d9bb51 -> cc17cec8825a8f933d6ecbd68d51f1de
  custom:scripting/monoscript/fileName/AssemblyNameProvider.cs: 06c09785a9ef49a49b329ed384758248 -> 170b0fd934f78f2e6a09342014bfa1fc
  custom:scripting/monoscript/fileName/Serializer.cs: 44df498e13906e45a2828923a7f89ac6 -> d7df1b97d0a3bd0bb98fd4d2d5bf5d29
  custom:scripting/monoscript/fileName/Message.cs: 3d319f70d9870482a245157c25577c4e -> 671a789acb2c7a93d0b620fe02979957
  custom:scripting/monoscript/fileName/Deserializer.cs: 7a4843246f0d5a1b063e9a6fef778397 -> 1cc72e9ed2428cc6d6ce2d4d2ad7b02b
  custom:scripting/monoscript/fileName/Test.cs: 8289d0398bd9a051035a87365428a0e7 -> 
  custom:audio-encoder-webm-vorbis: bf7c407c2cedff20999df2af8eb42d56 -> 
  custom:scripting/monoscript/fileName/TestRunnerCallbacks.cs: 901a1f98c6fdb76be420d56e91fe540d -> 5627cb9f4ed769fba607b0cab8e9e63d
  custom:scripting/monoscript/fileName/AsyncOperation.cs: 8f6297df34271fdb1ce2d9607ec6261d -> 90647cc400823b41df847a6cbfc29026
  custom:scripting/precompiled-assembly-types:Assembly-CSharp: 21ebfb0f5adf3ec10b439ac8102297a1 -> 
  custom:scripting/monoscript/fileName/UsageUtility.cs: 3f044a4563e8e23515be1e6c9e7e0fc7 -> 5ed3d13206b2b96245ce59a5c83beed1
========================================================================
Received Prepare
Caller must complete domain reload
Begin MonoManager ReloadAssembly
- Loaded All Assemblies, in  0.442 seconds
Native extension for WindowsStandalone target not found
Native extension for WebGL target not found
Mono: successfully reloaded assembly
- Finished resetting the current domain, in  0.956 seconds
Domain Reload Profiling: 1398ms
	BeginReloadAssembly (168ms)
		ExecutionOrderSort (0ms)
		DisableScriptedObjects (7ms)
		BackupInstance (0ms)
		ReleaseScriptingObjects (0ms)
		CreateAndSetChildDomain (31ms)
	RebuildCommonClasses (35ms)
	RebuildNativeTypeToScriptingClass (11ms)
	initialDomainReloadingComplete (28ms)
	LoadAllAssembliesAndSetupDomain (199ms)
		LoadAssemblies (269ms)
		RebuildTransferFunctionScriptingTraits (0ms)
		AnalyzeDomain (23ms)
			TypeCache.Refresh (9ms)
				TypeCache.ScanAssembly (0ms)
			ScanForSourceGeneratedMonoScriptInfo (6ms)
			ResolveRequiredComponents (6ms)
	FinalizeReload (956ms)
		ReleaseScriptCaches (0ms)
		RebuildScriptCaches (0ms)
		SetupLoadedEditorAssemblies (369ms)
			LogAssemblyErrors (0ms)
			InitializePlatformSupportModulesInManaged (7ms)
			SetLoadedEditorAssemblies (3ms)
			RefreshPlugins (0ms)
			BeforeProcessingInitializeOnLoad (53ms)
			ProcessInitializeOnLoadAttributes (278ms)
			ProcessInitializeOnLoadMethodAttributes (25ms)
			AfterProcessingInitializeOnLoad (2ms)
			EditorAssembliesLoaded (0ms)
		ExecutionOrderSort2 (0ms)
		AwakeInstancesAfterBackupRestoration (10ms)
Refreshing native plugins compatible for Editor in 3.80 ms, found 3 plugins.
Preloading 0 native plugins for Editor in 0.00 ms.
Unloading 3177 Unused Serialized files (Serialized files now loaded: 0)
Unloading 14 unused Assets / (28.6 KB). Loaded Objects now: 3701.
Memory consumption went from 119.1 MB to 119.1 MB.
Total: 3.047500 ms (FindLiveObjects: 0.539200 ms CreateObjectMapping: 0.223300 ms MarkObjects: 2.247200 ms  DeleteObjects: 0.036900 ms)

Prepare: number of updated asset objects reloaded= 0
AssetImportParameters requested are different than current active one (requested -> active):
  custom:scripting/monoscript/fileName/UdpSocket.cs: 5c2b80a042c65f789ef7f3c889fd101f -> 7555d065f81d23e6604acb91cf79ddd6
  custom:scripting/monoscript/fileName/Image.cs: 31ff8141403f4cb357eb7bf7e9ffdaeb -> f32195bbbc1ca9edcb6c8c6185597e40
  custom:scripting/monoscript/fileName/Cli.cs: 3c2ed0c881a657a6a8d1cec2a5d27e18 -> d287e08b50f2cb135aa4d7f8e01b7ef9
  custom:scripting/monoscript/fileName/KnownAssemblies.cs: 5a9878fa8cd33efc58225a4622d3c409 -> 286bea9f8fcee5e392f6fc0f0cd541c8
  custom:scripting/monoscript/fileName/SimpleJSON.cs: 2249b1d8736d53bdbb860984e9900714 -> 70c028a07c79c166db015acda1282d86
  custom:container-demuxer-ogg: 62fdf1f143b41e24485cea50d1cbac27 -> 
  custom:scripting/precompiled-assembly-types:Unity.PlasticSCM.Editor: 72a23a7a65cae48dae511b6579c293e4 -> 7e4e003063ee77e81fbf11080919f8e6
  custom:scripting/monoscript/fileName/SolutionProjectEntry.cs: 2cdbeb47f8763ac80d7836f6135300a9 -> 68cea09e9af09443edf61e18806ac1c2
  custom:scripting/monoscript/fileName/TcpListener.cs: 61afd6a8605bfd0084b595d2a15e8b2e -> 940bfdac0e91ad2884e6359468f2782a
  custom:scripting/monoscript/fileName/TcpClient.cs: 55a65447af3e4d6ecee8fd6d8f8731bd -> a949cfd4c46427829913ee0195fa0103
  custom:video-codec-MediaFoundation-h265: 746d11721c4dcdbdad8f713fa42b33f4 -> 
  custom:scripting/monoscript/fileName/LegacyStyleProjectGeneration.cs: 8aa3d3f0dc4d59c1ad013b88ff81a18d -> 4858a0ab74312ccaa3ff27a510a9d575
  custom:scripting/monoscript/fileName/FileUtility.cs: ce7e1c41f3666e04a20e8ab169333163 -> 2d70b80c72be1fb3b2b89ce0939e8cef
  custom:video-decoder-ogg-theora: a1e56fd34408186e4bbccfd4996cb3dc -> 
  custom:framework-win-MediaFoundation: 216162199b28c13a410421893ffa2e32 -> 
  custom:scripting/monoscript/fileName/VisualStudioCursorInstallation.cs: 95dc478876e6707a7e0d3e4422a08b22 -> 
  custom:scripting/monoscript/fileName/Messenger.cs: e1a29b4f8717764c5ff32215b741de2c -> f4ebc46d09b2b4de489946914db2aae0
  custom:scripting/monoscript/fileName/ProcessRunner.cs: 9913dac524d7fba7e53010bd3e109769 -> 932a2a80cb9a3539199f645deff3c585
  custom:scripting/monoscript/fileName/ExceptionEventArgs.cs: c1fb418063f3fe95153ce19939c50281 -> 27cb4c00a4137b184e01164606c88685
  custom:scripting/monoscript/fileName/ProjectGeneration.cs: 9ecb66398cf426136e1427db129d71bc -> 5d892aecaaa9b5c9f4162e2ae2b374ef
  custom:scripting/monoscript/fileName/GameOverUI.cs: 204dcc333de1c17b944f34fa4337dc40 -> 
  custom:scripting/monoscript/fileName/Symbols.cs: 37055ad381792899bea2e26647ce5ae9 -> 27613575e8bda8a6448f80ff27c488f9
  custom:scripting/monoscript/fileName/VersionPair.cs: 219dda7a75299c084fd265cf8d4d22ac -> 88b4a0b7e953537f26ded0a68cf4c238
  custom:scripting/precompiled-assembly-types:Unity.Timeline.Editor: b4313fba5652ee5a8449f3ec85f31ae4 -> 534d7c71c4dd9147ea00599cede121e1
  custom:CustomObjectIndexerAttribute: 9a22284fe3817be447336de3de66b15e -> 
  custom:scripting/monoscript/fileName/TestResultAdaptor.cs: 9b1d3d6bb50f08d85d0c8ba1d01b312d -> fb4db3971d5379750cda884e7e44e3e4
  custom:scripting/monoscript/fileName/VisualStudioEditor.cs: edffea2b56ff2fcda30202ca00e6de62 -> 21e59f688ad500ab61aca318850ec505
  custom:scripting/monoscript/fileName/VisualStudioInstallation.cs: d9bdf8280241f81cb63321a50b4ad2cb -> 41612f13db7783c8635801ab159c1079
  custom:scripting/monoscript/fileName/GameStartPanel.cs: f9029a7546d6d0a640aa647183643613 -> 
  custom:container-demuxer-webm: 4f35f7cbe854078d1ac9338744f61a02 -> 
  custom:scripting/monoscript/fileName/Solution.cs: 6f57345c5a9c03cd9de52e226d588ae1 -> 8bc97d0abd509f39b67b3a5bbac1b9a1
  custom:scripting/monoscript/fileName/VisualStudioCodiumInstallation.cs: 8ee758ce837648e8a493211c15ac775a -> 
  custom:scripting/precompiled-assembly-types:Unity.Cursor.Editor: c4135f52e7ee32dfaf93d3e70b9c4e0a -> 
  custom:scripting/monoscript/fileName/GUIDProvider.cs: cb8edf978faeabcee864dce1a906a291 -> cdd3f47e4fe593d2dfdf9915fa537e3f
  custom:container-muxer-webm: aa71ff27fc2769a1b78a27578f13a17b -> 
  custom:video-decoder-webm-vp8: 9c59270c3fd7afecdb556c50c9e8de78 -> 
  custom:scripting/monoscript/fileName/MessageEventArgs.cs: 1019688f506e4394820040d9795c0a7d -> 528473bbcee3623fe954627c6bfadd2e
  custom:SearchIndexIgnoredProperties: e643bd26f0fe6173181afceb89e7c659 -> 
  custom:scripting/monoscript/fileName/ProjectProperties.cs: 2d74649e53a223aa9cd860921346e9bd -> 407063898a13eaad2cd100e43551c6b5
  custom:AudioImporter_EditorPlatform: d09bf68614088b80899f8185d706f6e7 -> 
  custom:scripting/monoscript/fileName/UnityInstallation.cs: e77a4cd80130bf9635eda265c59fc585 -> 0ba30d4545f2c34a9323456723b5dbfe
  custom:scripting/precompiled-assembly-types:Unity.VisualScripting.Core.Editor: 1ac958119c4ad755d50390246b13522a -> 39597c0f3a76e24d87d64afa59c5f88d
  custom:scripting/monoscript/fileName/SolutionParser.cs: 28362f3ad5ff471d352dad937c4f46f0 -> 240a75b5fc2682997268aa77e6a1dd86
  custom:scripting/monoscript/fileName/TestAdaptor.cs: 5be3b7fc797cbdb67976ea5fdb904de5 -> 486cec8559bad7c56adc699f165feb67
  custom:scripting/precompiled-assembly-types:UnityEngine.TestRunner: 7a4d96a0696e29157328c6996c3b82c5 -> f5758234275f5346968d00e3b1a1c0e4
  custom:scripting/monoscript/fileName/Discovery.cs: 43295ac1709a058ba3ec01d8585e170c -> 2b1006b9be47307c73378eaafc98b6fb
  custom:scripting/monoscript/fileName/VisualStudioIntegration.cs: f837b233b752d741f76e0990c5fad160 -> f9e623c49f9f20ea97a4519aa48d72d4
  custom:scripting/monoscript/fileName/FileIOProvider.cs: 081176a77b8b51898d4a1d6cfbab48ce -> 304525d180d2b661ce338fc8a3225752
  custom:scripting/monoscript/fileName/SdkStyleProjectGeneration.cs: 0d12ba8b4cce4103aedd4f5c89736364 -> bbd8a39d16aad1a0b8d5240b1f43f4a4
  custom:scripting/monoscript/fileName/Enemy.cs: 13cc614454c9ae28caa24456faa3d7cf -> 
  custom:video-encoder-webm-vp8: eb34c28f22e8b96e1ab97ce403110664 -> 
  custom:audio-decoder-ogg-vorbis: bf7c407c2cedff20999df2af8eb42d56 -> 
  custom:scripting/monoscript/fileName/SolutionProperties.cs: 0b7dbd9dc0e3af7f872e6112fa6f596e -> ab8751e49ae2f3d9994444a0a38619bd
  custom:scripting/monoscript/fileName/TestRunnerApiListener.cs: 9b7ed325f86e08c020c1bdc783d9bb51 -> cc17cec8825a8f933d6ecbd68d51f1de
  custom:scripting/monoscript/fileName/AssemblyNameProvider.cs: 06c09785a9ef49a49b329ed384758248 -> 170b0fd934f78f2e6a09342014bfa1fc
  custom:scripting/monoscript/fileName/Serializer.cs: 44df498e13906e45a2828923a7f89ac6 -> d7df1b97d0a3bd0bb98fd4d2d5bf5d29
  custom:scripting/monoscript/fileName/Message.cs: 3d319f70d9870482a245157c25577c4e -> 671a789acb2c7a93d0b620fe02979957
  custom:scripting/monoscript/fileName/Deserializer.cs: 7a4843246f0d5a1b063e9a6fef778397 -> 1cc72e9ed2428cc6d6ce2d4d2ad7b02b
  custom:scripting/monoscript/fileName/Test.cs: 8289d0398bd9a051035a87365428a0e7 -> 
  custom:audio-encoder-webm-vorbis: bf7c407c2cedff20999df2af8eb42d56 -> 
  custom:scripting/monoscript/fileName/TestRunnerCallbacks.cs: 901a1f98c6fdb76be420d56e91fe540d -> 5627cb9f4ed769fba607b0cab8e9e63d
  custom:scripting/monoscript/fileName/AsyncOperation.cs: 8f6297df34271fdb1ce2d9607ec6261d -> 90647cc400823b41df847a6cbfc29026
  custom:scripting/precompiled-assembly-types:Assembly-CSharp: 21ebfb0f5adf3ec10b439ac8102297a1 -> 
  custom:scripting/monoscript/fileName/UsageUtility.cs: 3f044a4563e8e23515be1e6c9e7e0fc7 -> 5ed3d13206b2b96245ce59a5c83beed1
========================================================================
Received Prepare
Caller must complete domain reload
Begin MonoManager ReloadAssembly
- Loaded All Assemblies, in  0.425 seconds
Native extension for WindowsStandalone target not found
Native extension for WebGL target not found
Mono: successfully reloaded assembly
- Finished resetting the current domain, in  1.047 seconds
Domain Reload Profiling: 1473ms
	BeginReloadAssembly (155ms)
		ExecutionOrderSort (0ms)
		DisableScriptedObjects (5ms)
		BackupInstance (0ms)
		ReleaseScriptingObjects (0ms)
		CreateAndSetChildDomain (28ms)
	RebuildCommonClasses (35ms)
	RebuildNativeTypeToScriptingClass (11ms)
	initialDomainReloadingComplete (26ms)
	LoadAllAssembliesAndSetupDomain (198ms)
		LoadAssemblies (277ms)
		RebuildTransferFunctionScriptingTraits (0ms)
		AnalyzeDomain (13ms)
			TypeCache.Refresh (5ms)
				TypeCache.ScanAssembly (0ms)
			ScanForSourceGeneratedMonoScriptInfo (0ms)
			ResolveRequiredComponents (6ms)
	FinalizeReload (1048ms)
		ReleaseScriptCaches (0ms)
		RebuildScriptCaches (0ms)
		SetupLoadedEditorAssemblies (436ms)
			LogAssemblyErrors (0ms)
			InitializePlatformSupportModulesInManaged (6ms)
			SetLoadedEditorAssemblies (4ms)
			RefreshPlugins (0ms)
			BeforeProcessingInitializeOnLoad (59ms)
			ProcessInitializeOnLoadAttributes (342ms)
			ProcessInitializeOnLoadMethodAttributes (23ms)
			AfterProcessingInitializeOnLoad (3ms)
			EditorAssembliesLoaded (0ms)
		ExecutionOrderSort2 (0ms)
		AwakeInstancesAfterBackupRestoration (12ms)
Refreshing native plugins compatible for Editor in 3.92 ms, found 3 plugins.
Preloading 0 native plugins for Editor in 0.00 ms.
Unloading 3177 Unused Serialized files (Serialized files now loaded: 0)
Unloading 14 unused Assets / (28.5 KB). Loaded Objects now: 3704.
Memory consumption went from 119.1 MB to 119.1 MB.
Total: 3.565300 ms (FindLiveObjects: 0.296500 ms CreateObjectMapping: 0.258100 ms MarkObjects: 2.969800 ms  DeleteObjects: 0.039800 ms)

Prepare: number of updated asset objects reloaded= 0
AssetImportParameters requested are different than current active one (requested -> active):
  custom:scripting/monoscript/fileName/UdpSocket.cs: 5c2b80a042c65f789ef7f3c889fd101f -> 7555d065f81d23e6604acb91cf79ddd6
  custom:scripting/monoscript/fileName/Image.cs: 31ff8141403f4cb357eb7bf7e9ffdaeb -> f32195bbbc1ca9edcb6c8c6185597e40
  custom:scripting/monoscript/fileName/Cli.cs: 3c2ed0c881a657a6a8d1cec2a5d27e18 -> d287e08b50f2cb135aa4d7f8e01b7ef9
  custom:scripting/monoscript/fileName/KnownAssemblies.cs: 5a9878fa8cd33efc58225a4622d3c409 -> 286bea9f8fcee5e392f6fc0f0cd541c8
  custom:scripting/monoscript/fileName/SimpleJSON.cs: 2249b1d8736d53bdbb860984e9900714 -> 70c028a07c79c166db015acda1282d86
  custom:container-demuxer-ogg: 62fdf1f143b41e24485cea50d1cbac27 -> 
  custom:scripting/precompiled-assembly-types:Unity.PlasticSCM.Editor: 72a23a7a65cae48dae511b6579c293e4 -> 7e4e003063ee77e81fbf11080919f8e6
  custom:scripting/monoscript/fileName/SolutionProjectEntry.cs: 2cdbeb47f8763ac80d7836f6135300a9 -> 68cea09e9af09443edf61e18806ac1c2
  custom:scripting/monoscript/fileName/TcpListener.cs: 61afd6a8605bfd0084b595d2a15e8b2e -> 940bfdac0e91ad2884e6359468f2782a
  custom:scripting/monoscript/fileName/TcpClient.cs: 55a65447af3e4d6ecee8fd6d8f8731bd -> a949cfd4c46427829913ee0195fa0103
  custom:video-codec-MediaFoundation-h265: 746d11721c4dcdbdad8f713fa42b33f4 -> 
  custom:scripting/monoscript/fileName/LegacyStyleProjectGeneration.cs: 8aa3d3f0dc4d59c1ad013b88ff81a18d -> 4858a0ab74312ccaa3ff27a510a9d575
  custom:scripting/monoscript/fileName/FileUtility.cs: ce7e1c41f3666e04a20e8ab169333163 -> 2d70b80c72be1fb3b2b89ce0939e8cef
  custom:video-decoder-ogg-theora: a1e56fd34408186e4bbccfd4996cb3dc -> 
  custom:framework-win-MediaFoundation: 216162199b28c13a410421893ffa2e32 -> 
  custom:scripting/monoscript/fileName/VisualStudioCursorInstallation.cs: 95dc478876e6707a7e0d3e4422a08b22 -> 
  custom:scripting/monoscript/fileName/Messenger.cs: e1a29b4f8717764c5ff32215b741de2c -> f4ebc46d09b2b4de489946914db2aae0
  custom:scripting/monoscript/fileName/ProcessRunner.cs: 9913dac524d7fba7e53010bd3e109769 -> 932a2a80cb9a3539199f645deff3c585
  custom:scripting/monoscript/fileName/ExceptionEventArgs.cs: c1fb418063f3fe95153ce19939c50281 -> 27cb4c00a4137b184e01164606c88685
  custom:scripting/monoscript/fileName/ProjectGeneration.cs: 9ecb66398cf426136e1427db129d71bc -> 5d892aecaaa9b5c9f4162e2ae2b374ef
  custom:scripting/monoscript/fileName/GameOverUI.cs: 204dcc333de1c17b944f34fa4337dc40 -> 
  custom:scripting/monoscript/fileName/Symbols.cs: 37055ad381792899bea2e26647ce5ae9 -> 27613575e8bda8a6448f80ff27c488f9
  custom:scripting/monoscript/fileName/VersionPair.cs: 219dda7a75299c084fd265cf8d4d22ac -> 88b4a0b7e953537f26ded0a68cf4c238
  custom:scripting/precompiled-assembly-types:Unity.Timeline.Editor: b4313fba5652ee5a8449f3ec85f31ae4 -> 534d7c71c4dd9147ea00599cede121e1
  custom:CustomObjectIndexerAttribute: 9a22284fe3817be447336de3de66b15e -> 
  custom:scripting/monoscript/fileName/TestResultAdaptor.cs: 9b1d3d6bb50f08d85d0c8ba1d01b312d -> fb4db3971d5379750cda884e7e44e3e4
  custom:scripting/monoscript/fileName/VisualStudioEditor.cs: edffea2b56ff2fcda30202ca00e6de62 -> 21e59f688ad500ab61aca318850ec505
  custom:scripting/monoscript/fileName/VisualStudioInstallation.cs: d9bdf8280241f81cb63321a50b4ad2cb -> 41612f13db7783c8635801ab159c1079
  custom:scripting/monoscript/fileName/GameStartPanel.cs: f9029a7546d6d0a640aa647183643613 -> 
  custom:container-demuxer-webm: 4f35f7cbe854078d1ac9338744f61a02 -> 
  custom:scripting/monoscript/fileName/Solution.cs: 6f57345c5a9c03cd9de52e226d588ae1 -> 8bc97d0abd509f39b67b3a5bbac1b9a1
  custom:scripting/monoscript/fileName/VisualStudioCodiumInstallation.cs: 8ee758ce837648e8a493211c15ac775a -> 
  custom:scripting/precompiled-assembly-types:Unity.Cursor.Editor: c4135f52e7ee32dfaf93d3e70b9c4e0a -> 
  custom:scripting/monoscript/fileName/GUIDProvider.cs: cb8edf978faeabcee864dce1a906a291 -> cdd3f47e4fe593d2dfdf9915fa537e3f
  custom:container-muxer-webm: aa71ff27fc2769a1b78a27578f13a17b -> 
  custom:video-decoder-webm-vp8: 9c59270c3fd7afecdb556c50c9e8de78 -> 
  custom:scripting/monoscript/fileName/MessageEventArgs.cs: 1019688f506e4394820040d9795c0a7d -> 528473bbcee3623fe954627c6bfadd2e
  custom:SearchIndexIgnoredProperties: e643bd26f0fe6173181afceb89e7c659 -> 
  custom:scripting/monoscript/fileName/ProjectProperties.cs: 2d74649e53a223aa9cd860921346e9bd -> 407063898a13eaad2cd100e43551c6b5
  custom:AudioImporter_EditorPlatform: d09bf68614088b80899f8185d706f6e7 -> 
  custom:scripting/monoscript/fileName/UnityInstallation.cs: e77a4cd80130bf9635eda265c59fc585 -> 0ba30d4545f2c34a9323456723b5dbfe
  custom:scripting/precompiled-assembly-types:Unity.VisualScripting.Core.Editor: 1ac958119c4ad755d50390246b13522a -> 39597c0f3a76e24d87d64afa59c5f88d
  custom:scripting/monoscript/fileName/SolutionParser.cs: 28362f3ad5ff471d352dad937c4f46f0 -> 240a75b5fc2682997268aa77e6a1dd86
  custom:scripting/monoscript/fileName/TestAdaptor.cs: 5be3b7fc797cbdb67976ea5fdb904de5 -> 486cec8559bad7c56adc699f165feb67
  custom:scripting/precompiled-assembly-types:UnityEngine.TestRunner: 7a4d96a0696e29157328c6996c3b82c5 -> f5758234275f5346968d00e3b1a1c0e4
  custom:scripting/monoscript/fileName/Discovery.cs: 43295ac1709a058ba3ec01d8585e170c -> 2b1006b9be47307c73378eaafc98b6fb
  custom:scripting/monoscript/fileName/VisualStudioIntegration.cs: f837b233b752d741f76e0990c5fad160 -> f9e623c49f9f20ea97a4519aa48d72d4
  custom:scripting/monoscript/fileName/FileIOProvider.cs: 081176a77b8b51898d4a1d6cfbab48ce -> 304525d180d2b661ce338fc8a3225752
  custom:scripting/monoscript/fileName/SdkStyleProjectGeneration.cs: 0d12ba8b4cce4103aedd4f5c89736364 -> bbd8a39d16aad1a0b8d5240b1f43f4a4
  custom:scripting/monoscript/fileName/Enemy.cs: 13cc614454c9ae28caa24456faa3d7cf -> 
  custom:video-encoder-webm-vp8: eb34c28f22e8b96e1ab97ce403110664 -> 
  custom:audio-decoder-ogg-vorbis: bf7c407c2cedff20999df2af8eb42d56 -> 
  custom:scripting/monoscript/fileName/SolutionProperties.cs: 0b7dbd9dc0e3af7f872e6112fa6f596e -> ab8751e49ae2f3d9994444a0a38619bd
  custom:scripting/monoscript/fileName/TestRunnerApiListener.cs: 9b7ed325f86e08c020c1bdc783d9bb51 -> cc17cec8825a8f933d6ecbd68d51f1de
  custom:scripting/monoscript/fileName/AssemblyNameProvider.cs: 06c09785a9ef49a49b329ed384758248 -> 170b0fd934f78f2e6a09342014bfa1fc
  custom:scripting/monoscript/fileName/Serializer.cs: 44df498e13906e45a2828923a7f89ac6 -> d7df1b97d0a3bd0bb98fd4d2d5bf5d29
  custom:scripting/monoscript/fileName/Message.cs: 3d319f70d9870482a245157c25577c4e -> 671a789acb2c7a93d0b620fe02979957
  custom:scripting/monoscript/fileName/Deserializer.cs: 7a4843246f0d5a1b063e9a6fef778397 -> 1cc72e9ed2428cc6d6ce2d4d2ad7b02b
  custom:scripting/monoscript/fileName/Test.cs: 8289d0398bd9a051035a87365428a0e7 -> 
  custom:audio-encoder-webm-vorbis: bf7c407c2cedff20999df2af8eb42d56 -> 
  custom:scripting/monoscript/fileName/TestRunnerCallbacks.cs: 901a1f98c6fdb76be420d56e91fe540d -> 5627cb9f4ed769fba607b0cab8e9e63d
  custom:scripting/monoscript/fileName/AsyncOperation.cs: 8f6297df34271fdb1ce2d9607ec6261d -> 90647cc400823b41df847a6cbfc29026
  custom:scripting/precompiled-assembly-types:Assembly-CSharp: 21ebfb0f5adf3ec10b439ac8102297a1 -> 
  custom:scripting/monoscript/fileName/UsageUtility.cs: 3f044a4563e8e23515be1e6c9e7e0fc7 -> 5ed3d13206b2b96245ce59a5c83beed1
========================================================================
Received Prepare
Caller must complete domain reload
Begin MonoManager ReloadAssembly
- Loaded All Assemblies, in  0.425 seconds
Native extension for WindowsStandalone target not found
Native extension for WebGL target not found
Mono: successfully reloaded assembly
- Finished resetting the current domain, in  1.015 seconds
Domain Reload Profiling: 1440ms
	BeginReloadAssembly (158ms)
		ExecutionOrderSort (0ms)
		DisableScriptedObjects (5ms)
		BackupInstance (0ms)
		ReleaseScriptingObjects (0ms)
		CreateAndSetChildDomain (33ms)
	RebuildCommonClasses (33ms)
	RebuildNativeTypeToScriptingClass (11ms)
	initialDomainReloadingComplete (26ms)
	LoadAllAssembliesAndSetupDomain (196ms)
		LoadAssemblies (271ms)
		RebuildTransferFunctionScriptingTraits (0ms)
		AnalyzeDomain (15ms)
			TypeCache.Refresh (7ms)
				TypeCache.ScanAssembly (0ms)
			ScanForSourceGeneratedMonoScriptInfo (0ms)
			ResolveRequiredComponents (6ms)
	FinalizeReload (1015ms)
		ReleaseScriptCaches (0ms)
		RebuildScriptCaches (0ms)
		SetupLoadedEditorAssemblies (397ms)
			LogAssemblyErrors (0ms)
			InitializePlatformSupportModulesInManaged (6ms)
			SetLoadedEditorAssemblies (3ms)
			RefreshPlugins (0ms)
			BeforeProcessingInitializeOnLoad (59ms)
			ProcessInitializeOnLoadAttributes (305ms)
			ProcessInitializeOnLoadMethodAttributes (21ms)
			AfterProcessingInitializeOnLoad (2ms)
			EditorAssembliesLoaded (0ms)
		ExecutionOrderSort2 (0ms)
		AwakeInstancesAfterBackupRestoration (12ms)
Refreshing native plugins compatible for Editor in 4.97 ms, found 3 plugins.
Preloading 0 native plugins for Editor in 0.00 ms.
Unloading 3177 Unused Serialized files (Serialized files now loaded: 0)
Unloading 14 unused Assets / (28.5 KB). Loaded Objects now: 3707.
Memory consumption went from 119.1 MB to 119.1 MB.
Total: 2.684000 ms (FindLiveObjects: 0.253000 ms CreateObjectMapping: 0.239000 ms MarkObjects: 2.152700 ms  DeleteObjects: 0.038200 ms)

Prepare: number of updated asset objects reloaded= 0
AssetImportParameters requested are different than current active one (requested -> active):
  custom:scripting/monoscript/fileName/UdpSocket.cs: 5c2b80a042c65f789ef7f3c889fd101f -> 7555d065f81d23e6604acb91cf79ddd6
  custom:scripting/monoscript/fileName/Image.cs: 31ff8141403f4cb357eb7bf7e9ffdaeb -> f32195bbbc1ca9edcb6c8c6185597e40
  custom:scripting/monoscript/fileName/Cli.cs: 3c2ed0c881a657a6a8d1cec2a5d27e18 -> d287e08b50f2cb135aa4d7f8e01b7ef9
  custom:scripting/monoscript/fileName/KnownAssemblies.cs: 5a9878fa8cd33efc58225a4622d3c409 -> 286bea9f8fcee5e392f6fc0f0cd541c8
  custom:scripting/monoscript/fileName/SimpleJSON.cs: 2249b1d8736d53bdbb860984e9900714 -> 70c028a07c79c166db015acda1282d86
  custom:container-demuxer-ogg: 62fdf1f143b41e24485cea50d1cbac27 -> 
  custom:scripting/precompiled-assembly-types:Unity.PlasticSCM.Editor: 72a23a7a65cae48dae511b6579c293e4 -> 7e4e003063ee77e81fbf11080919f8e6
  custom:scripting/monoscript/fileName/SolutionProjectEntry.cs: 2cdbeb47f8763ac80d7836f6135300a9 -> 68cea09e9af09443edf61e18806ac1c2
  custom:scripting/monoscript/fileName/TcpListener.cs: 61afd6a8605bfd0084b595d2a15e8b2e -> 940bfdac0e91ad2884e6359468f2782a
  custom:scripting/monoscript/fileName/TcpClient.cs: 55a65447af3e4d6ecee8fd6d8f8731bd -> a949cfd4c46427829913ee0195fa0103
  custom:video-codec-MediaFoundation-h265: 746d11721c4dcdbdad8f713fa42b33f4 -> 
  custom:scripting/monoscript/fileName/LegacyStyleProjectGeneration.cs: 8aa3d3f0dc4d59c1ad013b88ff81a18d -> 4858a0ab74312ccaa3ff27a510a9d575
  custom:scripting/monoscript/fileName/FileUtility.cs: ce7e1c41f3666e04a20e8ab169333163 -> 2d70b80c72be1fb3b2b89ce0939e8cef
  custom:video-decoder-ogg-theora: a1e56fd34408186e4bbccfd4996cb3dc -> 
  custom:framework-win-MediaFoundation: 216162199b28c13a410421893ffa2e32 -> 
  custom:scripting/monoscript/fileName/VisualStudioCursorInstallation.cs: 95dc478876e6707a7e0d3e4422a08b22 -> 
  custom:scripting/monoscript/fileName/Messenger.cs: e1a29b4f8717764c5ff32215b741de2c -> f4ebc46d09b2b4de489946914db2aae0
  custom:scripting/monoscript/fileName/ProcessRunner.cs: 9913dac524d7fba7e53010bd3e109769 -> 932a2a80cb9a3539199f645deff3c585
  custom:scripting/monoscript/fileName/ExceptionEventArgs.cs: c1fb418063f3fe95153ce19939c50281 -> 27cb4c00a4137b184e01164606c88685
  custom:scripting/monoscript/fileName/ProjectGeneration.cs: 9ecb66398cf426136e1427db129d71bc -> 5d892aecaaa9b5c9f4162e2ae2b374ef
  custom:scripting/monoscript/fileName/GameOverUI.cs: 204dcc333de1c17b944f34fa4337dc40 -> 
  custom:scripting/monoscript/fileName/Symbols.cs: 37055ad381792899bea2e26647ce5ae9 -> 27613575e8bda8a6448f80ff27c488f9
  custom:scripting/monoscript/fileName/VersionPair.cs: 219dda7a75299c084fd265cf8d4d22ac -> 88b4a0b7e953537f26ded0a68cf4c238
  custom:scripting/precompiled-assembly-types:Unity.Timeline.Editor: b4313fba5652ee5a8449f3ec85f31ae4 -> 534d7c71c4dd9147ea00599cede121e1
  custom:CustomObjectIndexerAttribute: 9a22284fe3817be447336de3de66b15e -> 
  custom:scripting/monoscript/fileName/TestResultAdaptor.cs: 9b1d3d6bb50f08d85d0c8ba1d01b312d -> fb4db3971d5379750cda884e7e44e3e4
  custom:scripting/monoscript/fileName/VisualStudioEditor.cs: edffea2b56ff2fcda30202ca00e6de62 -> 21e59f688ad500ab61aca318850ec505
  custom:scripting/monoscript/fileName/VisualStudioInstallation.cs: d9bdf8280241f81cb63321a50b4ad2cb -> 41612f13db7783c8635801ab159c1079
  custom:scripting/monoscript/fileName/GameStartPanel.cs: f9029a7546d6d0a640aa647183643613 -> 
  custom:container-demuxer-webm: 4f35f7cbe854078d1ac9338744f61a02 -> 
  custom:scripting/monoscript/fileName/Solution.cs: 6f57345c5a9c03cd9de52e226d588ae1 -> 8bc97d0abd509f39b67b3a5bbac1b9a1
  custom:scripting/monoscript/fileName/VisualStudioCodiumInstallation.cs: 8ee758ce837648e8a493211c15ac775a -> 
  custom:scripting/precompiled-assembly-types:Unity.Cursor.Editor: c4135f52e7ee32dfaf93d3e70b9c4e0a -> 
  custom:scripting/monoscript/fileName/GUIDProvider.cs: cb8edf978faeabcee864dce1a906a291 -> cdd3f47e4fe593d2dfdf9915fa537e3f
  custom:container-muxer-webm: aa71ff27fc2769a1b78a27578f13a17b -> 
  custom:video-decoder-webm-vp8: 9c59270c3fd7afecdb556c50c9e8de78 -> 
  custom:scripting/monoscript/fileName/MessageEventArgs.cs: 1019688f506e4394820040d9795c0a7d -> 528473bbcee3623fe954627c6bfadd2e
  custom:SearchIndexIgnoredProperties: e643bd26f0fe6173181afceb89e7c659 -> 
  custom:scripting/monoscript/fileName/ProjectProperties.cs: 2d74649e53a223aa9cd860921346e9bd -> 407063898a13eaad2cd100e43551c6b5
  custom:AudioImporter_EditorPlatform: d09bf68614088b80899f8185d706f6e7 -> 
  custom:scripting/monoscript/fileName/UnityInstallation.cs: e77a4cd80130bf9635eda265c59fc585 -> 0ba30d4545f2c34a9323456723b5dbfe
  custom:scripting/precompiled-assembly-types:Unity.VisualScripting.Core.Editor: 1ac958119c4ad755d50390246b13522a -> 39597c0f3a76e24d87d64afa59c5f88d
  custom:scripting/monoscript/fileName/SolutionParser.cs: 28362f3ad5ff471d352dad937c4f46f0 -> 240a75b5fc2682997268aa77e6a1dd86
  custom:scripting/monoscript/fileName/TestAdaptor.cs: 5be3b7fc797cbdb67976ea5fdb904de5 -> 486cec8559bad7c56adc699f165feb67
  custom:scripting/precompiled-assembly-types:UnityEngine.TestRunner: 7a4d96a0696e29157328c6996c3b82c5 -> f5758234275f5346968d00e3b1a1c0e4
  custom:scripting/monoscript/fileName/Discovery.cs: 43295ac1709a058ba3ec01d8585e170c -> 2b1006b9be47307c73378eaafc98b6fb
  custom:scripting/monoscript/fileName/VisualStudioIntegration.cs: f837b233b752d741f76e0990c5fad160 -> f9e623c49f9f20ea97a4519aa48d72d4
  custom:scripting/monoscript/fileName/FileIOProvider.cs: 081176a77b8b51898d4a1d6cfbab48ce -> 304525d180d2b661ce338fc8a3225752
  custom:scripting/monoscript/fileName/SdkStyleProjectGeneration.cs: 0d12ba8b4cce4103aedd4f5c89736364 -> bbd8a39d16aad1a0b8d5240b1f43f4a4
  custom:scripting/monoscript/fileName/Enemy.cs: 13cc614454c9ae28caa24456faa3d7cf -> 
  custom:video-encoder-webm-vp8: eb34c28f22e8b96e1ab97ce403110664 -> 
  custom:audio-decoder-ogg-vorbis: bf7c407c2cedff20999df2af8eb42d56 -> 
  custom:scripting/monoscript/fileName/SolutionProperties.cs: 0b7dbd9dc0e3af7f872e6112fa6f596e -> ab8751e49ae2f3d9994444a0a38619bd
  custom:scripting/monoscript/fileName/TestRunnerApiListener.cs: 9b7ed325f86e08c020c1bdc783d9bb51 -> cc17cec8825a8f933d6ecbd68d51f1de
  custom:scripting/monoscript/fileName/AssemblyNameProvider.cs: 06c09785a9ef49a49b329ed384758248 -> 170b0fd934f78f2e6a09342014bfa1fc
  custom:scripting/monoscript/fileName/Serializer.cs: 44df498e13906e45a2828923a7f89ac6 -> d7df1b97d0a3bd0bb98fd4d2d5bf5d29
  custom:scripting/monoscript/fileName/Message.cs: 3d319f70d9870482a245157c25577c4e -> 671a789acb2c7a93d0b620fe02979957
  custom:scripting/monoscript/fileName/Deserializer.cs: 7a4843246f0d5a1b063e9a6fef778397 -> 1cc72e9ed2428cc6d6ce2d4d2ad7b02b
  custom:scripting/monoscript/fileName/Test.cs: 8289d0398bd9a051035a87365428a0e7 -> 
  custom:audio-encoder-webm-vorbis: bf7c407c2cedff20999df2af8eb42d56 -> 
  custom:scripting/monoscript/fileName/TestRunnerCallbacks.cs: 901a1f98c6fdb76be420d56e91fe540d -> 5627cb9f4ed769fba607b0cab8e9e63d
  custom:scripting/monoscript/fileName/AsyncOperation.cs: 8f6297df34271fdb1ce2d9607ec6261d -> 90647cc400823b41df847a6cbfc29026
  custom:scripting/precompiled-assembly-types:Assembly-CSharp: 21ebfb0f5adf3ec10b439ac8102297a1 -> 
  custom:scripting/monoscript/fileName/UsageUtility.cs: 3f044a4563e8e23515be1e6c9e7e0fc7 -> 5ed3d13206b2b96245ce59a5c83beed1
========================================================================
Received Prepare
Caller must complete domain reload
Begin MonoManager ReloadAssembly
- Loaded All Assemblies, in  0.407 seconds
Native extension for WindowsStandalone target not found
Native extension for WebGL target not found
Mono: successfully reloaded assembly
- Finished resetting the current domain, in  0.943 seconds
Domain Reload Profiling: 1350ms
	BeginReloadAssembly (151ms)
		ExecutionOrderSort (0ms)
		DisableScriptedObjects (6ms)
		BackupInstance (0ms)
		ReleaseScriptingObjects (0ms)
		CreateAndSetChildDomain (27ms)
	RebuildCommonClasses (33ms)
	RebuildNativeTypeToScriptingClass (12ms)
	initialDomainReloadingComplete (24ms)
	LoadAllAssembliesAndSetupDomain (186ms)
		LoadAssemblies (263ms)
		RebuildTransferFunctionScriptingTraits (0ms)
		AnalyzeDomain (13ms)
			TypeCache.Refresh (6ms)
				TypeCache.ScanAssembly (0ms)
			ScanForSourceGeneratedMonoScriptInfo (0ms)
			ResolveRequiredComponents (5ms)
	FinalizeReload (944ms)
		ReleaseScriptCaches (0ms)
		RebuildScriptCaches (0ms)
		SetupLoadedEditorAssemblies (376ms)
			LogAssemblyErrors (0ms)
			InitializePlatformSupportModulesInManaged (7ms)
			SetLoadedEditorAssemblies (3ms)
			RefreshPlugins (0ms)
			BeforeProcessingInitializeOnLoad (55ms)
			ProcessInitializeOnLoadAttributes (287ms)
			ProcessInitializeOnLoadMethodAttributes (21ms)
			AfterProcessingInitializeOnLoad (3ms)
			EditorAssembliesLoaded (0ms)
		ExecutionOrderSort2 (0ms)
		AwakeInstancesAfterBackupRestoration (12ms)
Refreshing native plugins compatible for Editor in 3.78 ms, found 3 plugins.
Preloading 0 native plugins for Editor in 0.00 ms.
Unloading 3177 Unused Serialized files (Serialized files now loaded: 0)
Unloading 14 unused Assets / (28.5 KB). Loaded Objects now: 3710.
Memory consumption went from 119.1 MB to 119.1 MB.
Total: 2.815800 ms (FindLiveObjects: 0.267800 ms CreateObjectMapping: 0.239100 ms MarkObjects: 2.259900 ms  DeleteObjects: 0.047900 ms)

Prepare: number of updated asset objects reloaded= 0
AssetImportParameters requested are different than current active one (requested -> active):
  custom:scripting/monoscript/fileName/UdpSocket.cs: 5c2b80a042c65f789ef7f3c889fd101f -> 7555d065f81d23e6604acb91cf79ddd6
  custom:scripting/monoscript/fileName/Image.cs: 31ff8141403f4cb357eb7bf7e9ffdaeb -> f32195bbbc1ca9edcb6c8c6185597e40
  custom:scripting/monoscript/fileName/Cli.cs: 3c2ed0c881a657a6a8d1cec2a5d27e18 -> d287e08b50f2cb135aa4d7f8e01b7ef9
  custom:scripting/monoscript/fileName/KnownAssemblies.cs: 5a9878fa8cd33efc58225a4622d3c409 -> 286bea9f8fcee5e392f6fc0f0cd541c8
  custom:scripting/monoscript/fileName/SimpleJSON.cs: 2249b1d8736d53bdbb860984e9900714 -> 70c028a07c79c166db015acda1282d86
  custom:container-demuxer-ogg: 62fdf1f143b41e24485cea50d1cbac27 -> 
  custom:scripting/precompiled-assembly-types:Unity.PlasticSCM.Editor: 72a23a7a65cae48dae511b6579c293e4 -> 7e4e003063ee77e81fbf11080919f8e6
  custom:scripting/monoscript/fileName/SolutionProjectEntry.cs: 2cdbeb47f8763ac80d7836f6135300a9 -> 68cea09e9af09443edf61e18806ac1c2
  custom:scripting/monoscript/fileName/TcpListener.cs: 61afd6a8605bfd0084b595d2a15e8b2e -> 940bfdac0e91ad2884e6359468f2782a
  custom:scripting/monoscript/fileName/TcpClient.cs: 55a65447af3e4d6ecee8fd6d8f8731bd -> a949cfd4c46427829913ee0195fa0103
  custom:video-codec-MediaFoundation-h265: 746d11721c4dcdbdad8f713fa42b33f4 -> 
  custom:scripting/monoscript/fileName/LegacyStyleProjectGeneration.cs: 8aa3d3f0dc4d59c1ad013b88ff81a18d -> 4858a0ab74312ccaa3ff27a510a9d575
  custom:scripting/monoscript/fileName/FileUtility.cs: ce7e1c41f3666e04a20e8ab169333163 -> 2d70b80c72be1fb3b2b89ce0939e8cef
  custom:video-decoder-ogg-theora: a1e56fd34408186e4bbccfd4996cb3dc -> 
  custom:framework-win-MediaFoundation: 216162199b28c13a410421893ffa2e32 -> 
  custom:scripting/monoscript/fileName/VisualStudioCursorInstallation.cs: 95dc478876e6707a7e0d3e4422a08b22 -> 
  custom:scripting/monoscript/fileName/Messenger.cs: e1a29b4f8717764c5ff32215b741de2c -> f4ebc46d09b2b4de489946914db2aae0
  custom:scripting/monoscript/fileName/ProcessRunner.cs: 9913dac524d7fba7e53010bd3e109769 -> 932a2a80cb9a3539199f645deff3c585
  custom:scripting/monoscript/fileName/ExceptionEventArgs.cs: c1fb418063f3fe95153ce19939c50281 -> 27cb4c00a4137b184e01164606c88685
  custom:scripting/monoscript/fileName/ProjectGeneration.cs: 9ecb66398cf426136e1427db129d71bc -> 5d892aecaaa9b5c9f4162e2ae2b374ef
  custom:scripting/monoscript/fileName/GameOverUI.cs: 204dcc333de1c17b944f34fa4337dc40 -> 
  custom:scripting/monoscript/fileName/Symbols.cs: 37055ad381792899bea2e26647ce5ae9 -> 27613575e8bda8a6448f80ff27c488f9
  custom:scripting/monoscript/fileName/VersionPair.cs: 219dda7a75299c084fd265cf8d4d22ac -> 88b4a0b7e953537f26ded0a68cf4c238
  custom:scripting/precompiled-assembly-types:Unity.Timeline.Editor: b4313fba5652ee5a8449f3ec85f31ae4 -> 534d7c71c4dd9147ea00599cede121e1
  custom:CustomObjectIndexerAttribute: 9a22284fe3817be447336de3de66b15e -> 
  custom:scripting/monoscript/fileName/TestResultAdaptor.cs: 9b1d3d6bb50f08d85d0c8ba1d01b312d -> fb4db3971d5379750cda884e7e44e3e4
  custom:scripting/monoscript/fileName/VisualStudioEditor.cs: edffea2b56ff2fcda30202ca00e6de62 -> 21e59f688ad500ab61aca318850ec505
  custom:scripting/monoscript/fileName/VisualStudioInstallation.cs: d9bdf8280241f81cb63321a50b4ad2cb -> 41612f13db7783c8635801ab159c1079
  custom:scripting/monoscript/fileName/GameStartPanel.cs: f9029a7546d6d0a640aa647183643613 -> 
  custom:container-demuxer-webm: 4f35f7cbe854078d1ac9338744f61a02 -> 
  custom:scripting/monoscript/fileName/Solution.cs: 6f57345c5a9c03cd9de52e226d588ae1 -> 8bc97d0abd509f39b67b3a5bbac1b9a1
  custom:scripting/monoscript/fileName/VisualStudioCodiumInstallation.cs: 8ee758ce837648e8a493211c15ac775a -> 
  custom:scripting/precompiled-assembly-types:Unity.Cursor.Editor: c4135f52e7ee32dfaf93d3e70b9c4e0a -> 
  custom:scripting/monoscript/fileName/GUIDProvider.cs: cb8edf978faeabcee864dce1a906a291 -> cdd3f47e4fe593d2dfdf9915fa537e3f
  custom:container-muxer-webm: aa71ff27fc2769a1b78a27578f13a17b -> 
  custom:video-decoder-webm-vp8: 9c59270c3fd7afecdb556c50c9e8de78 -> 
  custom:scripting/monoscript/fileName/MessageEventArgs.cs: 1019688f506e4394820040d9795c0a7d -> 528473bbcee3623fe954627c6bfadd2e
  custom:SearchIndexIgnoredProperties: e643bd26f0fe6173181afceb89e7c659 -> 
  custom:scripting/monoscript/fileName/ProjectProperties.cs: 2d74649e53a223aa9cd860921346e9bd -> 407063898a13eaad2cd100e43551c6b5
  custom:AudioImporter_EditorPlatform: d09bf68614088b80899f8185d706f6e7 -> 
  custom:scripting/monoscript/fileName/UnityInstallation.cs: e77a4cd80130bf9635eda265c59fc585 -> 0ba30d4545f2c34a9323456723b5dbfe
  custom:scripting/precompiled-assembly-types:Unity.VisualScripting.Core.Editor: 1ac958119c4ad755d50390246b13522a -> 39597c0f3a76e24d87d64afa59c5f88d
  custom:scripting/monoscript/fileName/SolutionParser.cs: 28362f3ad5ff471d352dad937c4f46f0 -> 240a75b5fc2682997268aa77e6a1dd86
  custom:scripting/monoscript/fileName/TestAdaptor.cs: 5be3b7fc797cbdb67976ea5fdb904de5 -> 486cec8559bad7c56adc699f165feb67
  custom:scripting/precompiled-assembly-types:UnityEngine.TestRunner: 7a4d96a0696e29157328c6996c3b82c5 -> f5758234275f5346968d00e3b1a1c0e4
  custom:scripting/monoscript/fileName/Discovery.cs: 43295ac1709a058ba3ec01d8585e170c -> 2b1006b9be47307c73378eaafc98b6fb
  custom:scripting/monoscript/fileName/VisualStudioIntegration.cs: f837b233b752d741f76e0990c5fad160 -> f9e623c49f9f20ea97a4519aa48d72d4
  custom:scripting/monoscript/fileName/FileIOProvider.cs: 081176a77b8b51898d4a1d6cfbab48ce -> 304525d180d2b661ce338fc8a3225752
  custom:scripting/monoscript/fileName/SdkStyleProjectGeneration.cs: 0d12ba8b4cce4103aedd4f5c89736364 -> bbd8a39d16aad1a0b8d5240b1f43f4a4
  custom:scripting/monoscript/fileName/Enemy.cs: 13cc614454c9ae28caa24456faa3d7cf -> 
  custom:video-encoder-webm-vp8: eb34c28f22e8b96e1ab97ce403110664 -> 
  custom:audio-decoder-ogg-vorbis: bf7c407c2cedff20999df2af8eb42d56 -> 
  custom:scripting/monoscript/fileName/SolutionProperties.cs: 0b7dbd9dc0e3af7f872e6112fa6f596e -> ab8751e49ae2f3d9994444a0a38619bd
  custom:scripting/monoscript/fileName/TestRunnerApiListener.cs: 9b7ed325f86e08c020c1bdc783d9bb51 -> cc17cec8825a8f933d6ecbd68d51f1de
  custom:scripting/monoscript/fileName/AssemblyNameProvider.cs: 06c09785a9ef49a49b329ed384758248 -> 170b0fd934f78f2e6a09342014bfa1fc
  custom:scripting/monoscript/fileName/Serializer.cs: 44df498e13906e45a2828923a7f89ac6 -> d7df1b97d0a3bd0bb98fd4d2d5bf5d29
  custom:scripting/monoscript/fileName/Message.cs: 3d319f70d9870482a245157c25577c4e -> 671a789acb2c7a93d0b620fe02979957
  custom:scripting/monoscript/fileName/Deserializer.cs: 7a4843246f0d5a1b063e9a6fef778397 -> 1cc72e9ed2428cc6d6ce2d4d2ad7b02b
  custom:scripting/monoscript/fileName/Test.cs: 8289d0398bd9a051035a87365428a0e7 -> 
  custom:audio-encoder-webm-vorbis: bf7c407c2cedff20999df2af8eb42d56 -> 
  custom:scripting/monoscript/fileName/TestRunnerCallbacks.cs: 901a1f98c6fdb76be420d56e91fe540d -> 5627cb9f4ed769fba607b0cab8e9e63d
  custom:scripting/monoscript/fileName/AsyncOperation.cs: 8f6297df34271fdb1ce2d9607ec6261d -> 90647cc400823b41df847a6cbfc29026
  custom:scripting/precompiled-assembly-types:Assembly-CSharp: 21ebfb0f5adf3ec10b439ac8102297a1 -> 
  custom:scripting/monoscript/fileName/UsageUtility.cs: 3f044a4563e8e23515be1e6c9e7e0fc7 -> 5ed3d13206b2b96245ce59a5c83beed1
========================================================================
Received Prepare
Caller must complete domain reload
Begin MonoManager ReloadAssembly
- Loaded All Assemblies, in  0.420 seconds
Native extension for WindowsStandalone target not found
Native extension for WebGL target not found
Mono: successfully reloaded assembly
- Finished resetting the current domain, in  0.994 seconds
Domain Reload Profiling: 1414ms
	BeginReloadAssembly (156ms)
		ExecutionOrderSort (0ms)
		DisableScriptedObjects (5ms)
		BackupInstance (0ms)
		ReleaseScriptingObjects (0ms)
		CreateAndSetChildDomain (26ms)
	RebuildCommonClasses (35ms)
	RebuildNativeTypeToScriptingClass (13ms)
	initialDomainReloadingComplete (27ms)
	LoadAllAssembliesAndSetupDomain (188ms)
		LoadAssemblies (271ms)
		RebuildTransferFunctionScriptingTraits (0ms)
		AnalyzeDomain (13ms)
			TypeCache.Refresh (5ms)
				TypeCache.ScanAssembly (0ms)
			ScanForSourceGeneratedMonoScriptInfo (0ms)
			ResolveRequiredComponents (6ms)
	FinalizeReload (995ms)
		ReleaseScriptCaches (0ms)
		RebuildScriptCaches (0ms)
		SetupLoadedEditorAssemblies (393ms)
			LogAssemblyErrors (0ms)
			InitializePlatformSupportModulesInManaged (7ms)
			SetLoadedEditorAssemblies (3ms)
			RefreshPlugins (0ms)
			BeforeProcessingInitializeOnLoad (55ms)
			ProcessInitializeOnLoadAttributes (303ms)
			ProcessInitializeOnLoadMethodAttributes (22ms)
			AfterProcessingInitializeOnLoad (3ms)
			EditorAssembliesLoaded (0ms)
		ExecutionOrderSort2 (0ms)
		AwakeInstancesAfterBackupRestoration (14ms)
Refreshing native plugins compatible for Editor in 3.94 ms, found 3 plugins.
Preloading 0 native plugins for Editor in 0.00 ms.
Unloading 3177 Unused Serialized files (Serialized files now loaded: 0)
Unloading 14 unused Assets / (28.5 KB). Loaded Objects now: 3713.
Memory consumption went from 119.1 MB to 119.1 MB.
Total: 2.975300 ms (FindLiveObjects: 0.256700 ms CreateObjectMapping: 0.231600 ms MarkObjects: 2.446300 ms  DeleteObjects: 0.039600 ms)

Prepare: number of updated asset objects reloaded= 0
AssetImportParameters requested are different than current active one (requested -> active):
  custom:scripting/monoscript/fileName/UdpSocket.cs: 5c2b80a042c65f789ef7f3c889fd101f -> 7555d065f81d23e6604acb91cf79ddd6
  custom:scripting/monoscript/fileName/Image.cs: 31ff8141403f4cb357eb7bf7e9ffdaeb -> f32195bbbc1ca9edcb6c8c6185597e40
  custom:scripting/monoscript/fileName/Cli.cs: 3c2ed0c881a657a6a8d1cec2a5d27e18 -> d287e08b50f2cb135aa4d7f8e01b7ef9
  custom:scripting/monoscript/fileName/KnownAssemblies.cs: 5a9878fa8cd33efc58225a4622d3c409 -> 286bea9f8fcee5e392f6fc0f0cd541c8
  custom:scripting/monoscript/fileName/SimpleJSON.cs: 2249b1d8736d53bdbb860984e9900714 -> 70c028a07c79c166db015acda1282d86
  custom:container-demuxer-ogg: 62fdf1f143b41e24485cea50d1cbac27 -> 
  custom:scripting/precompiled-assembly-types:Unity.PlasticSCM.Editor: 72a23a7a65cae48dae511b6579c293e4 -> 7e4e003063ee77e81fbf11080919f8e6
  custom:scripting/monoscript/fileName/SolutionProjectEntry.cs: 2cdbeb47f8763ac80d7836f6135300a9 -> 68cea09e9af09443edf61e18806ac1c2
  custom:scripting/monoscript/fileName/TcpListener.cs: 61afd6a8605bfd0084b595d2a15e8b2e -> 940bfdac0e91ad2884e6359468f2782a
  custom:scripting/monoscript/fileName/TcpClient.cs: 55a65447af3e4d6ecee8fd6d8f8731bd -> a949cfd4c46427829913ee0195fa0103
  custom:video-codec-MediaFoundation-h265: 746d11721c4dcdbdad8f713fa42b33f4 -> 
  custom:scripting/monoscript/fileName/LegacyStyleProjectGeneration.cs: 8aa3d3f0dc4d59c1ad013b88ff81a18d -> 4858a0ab74312ccaa3ff27a510a9d575
  custom:scripting/monoscript/fileName/FileUtility.cs: ce7e1c41f3666e04a20e8ab169333163 -> 2d70b80c72be1fb3b2b89ce0939e8cef
  custom:video-decoder-ogg-theora: a1e56fd34408186e4bbccfd4996cb3dc -> 
  custom:framework-win-MediaFoundation: 216162199b28c13a410421893ffa2e32 -> 
  custom:scripting/monoscript/fileName/VisualStudioCursorInstallation.cs: 95dc478876e6707a7e0d3e4422a08b22 -> 
  custom:scripting/monoscript/fileName/Messenger.cs: e1a29b4f8717764c5ff32215b741de2c -> f4ebc46d09b2b4de489946914db2aae0
  custom:scripting/monoscript/fileName/ProcessRunner.cs: 9913dac524d7fba7e53010bd3e109769 -> 932a2a80cb9a3539199f645deff3c585
  custom:scripting/monoscript/fileName/ExceptionEventArgs.cs: c1fb418063f3fe95153ce19939c50281 -> 27cb4c00a4137b184e01164606c88685
  custom:scripting/monoscript/fileName/ProjectGeneration.cs: 9ecb66398cf426136e1427db129d71bc -> 5d892aecaaa9b5c9f4162e2ae2b374ef
  custom:scripting/monoscript/fileName/GameOverUI.cs: 204dcc333de1c17b944f34fa4337dc40 -> 
  custom:scripting/monoscript/fileName/Symbols.cs: 37055ad381792899bea2e26647ce5ae9 -> 27613575e8bda8a6448f80ff27c488f9
  custom:scripting/monoscript/fileName/VersionPair.cs: 219dda7a75299c084fd265cf8d4d22ac -> 88b4a0b7e953537f26ded0a68cf4c238
  custom:scripting/precompiled-assembly-types:Unity.Timeline.Editor: b4313fba5652ee5a8449f3ec85f31ae4 -> 534d7c71c4dd9147ea00599cede121e1
  custom:CustomObjectIndexerAttribute: 9a22284fe3817be447336de3de66b15e -> 
  custom:scripting/monoscript/fileName/TestResultAdaptor.cs: 9b1d3d6bb50f08d85d0c8ba1d01b312d -> fb4db3971d5379750cda884e7e44e3e4
  custom:scripting/monoscript/fileName/VisualStudioEditor.cs: edffea2b56ff2fcda30202ca00e6de62 -> 21e59f688ad500ab61aca318850ec505
  custom:scripting/monoscript/fileName/VisualStudioInstallation.cs: d9bdf8280241f81cb63321a50b4ad2cb -> 41612f13db7783c8635801ab159c1079
  custom:scripting/monoscript/fileName/GameStartPanel.cs: f9029a7546d6d0a640aa647183643613 -> 
  custom:container-demuxer-webm: 4f35f7cbe854078d1ac9338744f61a02 -> 
  custom:scripting/monoscript/fileName/Solution.cs: 6f57345c5a9c03cd9de52e226d588ae1 -> 8bc97d0abd509f39b67b3a5bbac1b9a1
  custom:scripting/monoscript/fileName/VisualStudioCodiumInstallation.cs: 8ee758ce837648e8a493211c15ac775a -> 
  custom:scripting/precompiled-assembly-types:Unity.Cursor.Editor: c4135f52e7ee32dfaf93d3e70b9c4e0a -> 
  custom:scripting/monoscript/fileName/GUIDProvider.cs: cb8edf978faeabcee864dce1a906a291 -> cdd3f47e4fe593d2dfdf9915fa537e3f
  custom:container-muxer-webm: aa71ff27fc2769a1b78a27578f13a17b -> 
  custom:video-decoder-webm-vp8: 9c59270c3fd7afecdb556c50c9e8de78 -> 
  custom:scripting/monoscript/fileName/MessageEventArgs.cs: 1019688f506e4394820040d9795c0a7d -> 528473bbcee3623fe954627c6bfadd2e
  custom:SearchIndexIgnoredProperties: e643bd26f0fe6173181afceb89e7c659 -> 
  custom:scripting/monoscript/fileName/ProjectProperties.cs: 2d74649e53a223aa9cd860921346e9bd -> 407063898a13eaad2cd100e43551c6b5
  custom:AudioImporter_EditorPlatform: d09bf68614088b80899f8185d706f6e7 -> 
  custom:scripting/monoscript/fileName/UnityInstallation.cs: e77a4cd80130bf9635eda265c59fc585 -> 0ba30d4545f2c34a9323456723b5dbfe
  custom:scripting/precompiled-assembly-types:Unity.VisualScripting.Core.Editor: 1ac958119c4ad755d50390246b13522a -> 39597c0f3a76e24d87d64afa59c5f88d
  custom:scripting/monoscript/fileName/SolutionParser.cs: 28362f3ad5ff471d352dad937c4f46f0 -> 240a75b5fc2682997268aa77e6a1dd86
  custom:scripting/monoscript/fileName/TestAdaptor.cs: 5be3b7fc797cbdb67976ea5fdb904de5 -> 486cec8559bad7c56adc699f165feb67
  custom:scripting/precompiled-assembly-types:UnityEngine.TestRunner: 7a4d96a0696e29157328c6996c3b82c5 -> f5758234275f5346968d00e3b1a1c0e4
  custom:scripting/monoscript/fileName/Discovery.cs: 43295ac1709a058ba3ec01d8585e170c -> 2b1006b9be47307c73378eaafc98b6fb
  custom:scripting/monoscript/fileName/VisualStudioIntegration.cs: f837b233b752d741f76e0990c5fad160 -> f9e623c49f9f20ea97a4519aa48d72d4
  custom:scripting/monoscript/fileName/FileIOProvider.cs: 081176a77b8b51898d4a1d6cfbab48ce -> 304525d180d2b661ce338fc8a3225752
  custom:scripting/monoscript/fileName/SdkStyleProjectGeneration.cs: 0d12ba8b4cce4103aedd4f5c89736364 -> bbd8a39d16aad1a0b8d5240b1f43f4a4
  custom:scripting/monoscript/fileName/Enemy.cs: 13cc614454c9ae28caa24456faa3d7cf -> 
  custom:video-encoder-webm-vp8: eb34c28f22e8b96e1ab97ce403110664 -> 
  custom:audio-decoder-ogg-vorbis: bf7c407c2cedff20999df2af8eb42d56 -> 
  custom:scripting/monoscript/fileName/SolutionProperties.cs: 0b7dbd9dc0e3af7f872e6112fa6f596e -> ab8751e49ae2f3d9994444a0a38619bd
  custom:scripting/monoscript/fileName/TestRunnerApiListener.cs: 9b7ed325f86e08c020c1bdc783d9bb51 -> cc17cec8825a8f933d6ecbd68d51f1de
  custom:scripting/monoscript/fileName/AssemblyNameProvider.cs: 06c09785a9ef49a49b329ed384758248 -> 170b0fd934f78f2e6a09342014bfa1fc
  custom:scripting/monoscript/fileName/Serializer.cs: 44df498e13906e45a2828923a7f89ac6 -> d7df1b97d0a3bd0bb98fd4d2d5bf5d29
  custom:scripting/monoscript/fileName/Message.cs: 3d319f70d9870482a245157c25577c4e -> 671a789acb2c7a93d0b620fe02979957
  custom:scripting/monoscript/fileName/Deserializer.cs: 7a4843246f0d5a1b063e9a6fef778397 -> 1cc72e9ed2428cc6d6ce2d4d2ad7b02b
  custom:scripting/monoscript/fileName/Test.cs: 8289d0398bd9a051035a87365428a0e7 -> 
  custom:audio-encoder-webm-vorbis: bf7c407c2cedff20999df2af8eb42d56 -> 
  custom:scripting/monoscript/fileName/TestRunnerCallbacks.cs: 901a1f98c6fdb76be420d56e91fe540d -> 5627cb9f4ed769fba607b0cab8e9e63d
  custom:scripting/monoscript/fileName/AsyncOperation.cs: 8f6297df34271fdb1ce2d9607ec6261d -> 90647cc400823b41df847a6cbfc29026
  custom:scripting/precompiled-assembly-types:Assembly-CSharp: 21ebfb0f5adf3ec10b439ac8102297a1 -> 
  custom:scripting/monoscript/fileName/UsageUtility.cs: 3f044a4563e8e23515be1e6c9e7e0fc7 -> 5ed3d13206b2b96245ce59a5c83beed1
========================================================================
Received Prepare
Caller must complete domain reload
Begin MonoManager ReloadAssembly
- Loaded All Assemblies, in  0.411 seconds
Native extension for WindowsStandalone target not found
Native extension for WebGL target not found
Mono: successfully reloaded assembly
- Finished resetting the current domain, in  0.957 seconds
Domain Reload Profiling: 1367ms
	BeginReloadAssembly (149ms)
		ExecutionOrderSort (0ms)
		DisableScriptedObjects (6ms)
		BackupInstance (0ms)
		ReleaseScriptingObjects (0ms)
		CreateAndSetChildDomain (26ms)
	RebuildCommonClasses (33ms)
	RebuildNativeTypeToScriptingClass (12ms)
	initialDomainReloadingComplete (24ms)
	LoadAllAssembliesAndSetupDomain (193ms)
		LoadAssemblies (265ms)
		RebuildTransferFunctionScriptingTraits (0ms)
		AnalyzeDomain (16ms)
			TypeCache.Refresh (7ms)
				TypeCache.ScanAssembly (0ms)
			ScanForSourceGeneratedMonoScriptInfo (0ms)
			ResolveRequiredComponents (7ms)
	FinalizeReload (957ms)
		ReleaseScriptCaches (0ms)
		RebuildScriptCaches (0ms)
		SetupLoadedEditorAssemblies (393ms)
			LogAssemblyErrors (0ms)
			InitializePlatformSupportModulesInManaged (6ms)
			SetLoadedEditorAssemblies (4ms)
			RefreshPlugins (0ms)
			BeforeProcessingInitializeOnLoad (55ms)
			ProcessInitializeOnLoadAttributes (301ms)
			ProcessInitializeOnLoadMethodAttributes (24ms)
			AfterProcessingInitializeOnLoad (3ms)
			EditorAssembliesLoaded (0ms)
		ExecutionOrderSort2 (0ms)
		AwakeInstancesAfterBackupRestoration (12ms)
Refreshing native plugins compatible for Editor in 4.20 ms, found 3 plugins.
Preloading 0 native plugins for Editor in 0.00 ms.
Unloading 3177 Unused Serialized files (Serialized files now loaded: 0)
Unloading 14 unused Assets / (28.6 KB). Loaded Objects now: 3716.
Memory consumption went from 119.1 MB to 119.1 MB.
Total: 3.965600 ms (FindLiveObjects: 0.273900 ms CreateObjectMapping: 0.255400 ms MarkObjects: 3.383500 ms  DeleteObjects: 0.051900 ms)

Prepare: number of updated asset objects reloaded= 0
AssetImportParameters requested are different than current active one (requested -> active):
  custom:scripting/monoscript/fileName/UdpSocket.cs: 5c2b80a042c65f789ef7f3c889fd101f -> 7555d065f81d23e6604acb91cf79ddd6
  custom:scripting/monoscript/fileName/Image.cs: 31ff8141403f4cb357eb7bf7e9ffdaeb -> f32195bbbc1ca9edcb6c8c6185597e40
  custom:scripting/monoscript/fileName/Cli.cs: 3c2ed0c881a657a6a8d1cec2a5d27e18 -> d287e08b50f2cb135aa4d7f8e01b7ef9
  custom:scripting/monoscript/fileName/KnownAssemblies.cs: 5a9878fa8cd33efc58225a4622d3c409 -> 286bea9f8fcee5e392f6fc0f0cd541c8
  custom:scripting/monoscript/fileName/SimpleJSON.cs: 2249b1d8736d53bdbb860984e9900714 -> 70c028a07c79c166db015acda1282d86
  custom:container-demuxer-ogg: 62fdf1f143b41e24485cea50d1cbac27 -> 
  custom:scripting/precompiled-assembly-types:Unity.PlasticSCM.Editor: 72a23a7a65cae48dae511b6579c293e4 -> 7e4e003063ee77e81fbf11080919f8e6
  custom:scripting/monoscript/fileName/SolutionProjectEntry.cs: 2cdbeb47f8763ac80d7836f6135300a9 -> 68cea09e9af09443edf61e18806ac1c2
  custom:scripting/monoscript/fileName/TcpListener.cs: 61afd6a8605bfd0084b595d2a15e8b2e -> 940bfdac0e91ad2884e6359468f2782a
  custom:scripting/monoscript/fileName/TcpClient.cs: 55a65447af3e4d6ecee8fd6d8f8731bd -> a949cfd4c46427829913ee0195fa0103
  custom:video-codec-MediaFoundation-h265: 746d11721c4dcdbdad8f713fa42b33f4 -> 
  custom:scripting/monoscript/fileName/LegacyStyleProjectGeneration.cs: 8aa3d3f0dc4d59c1ad013b88ff81a18d -> 4858a0ab74312ccaa3ff27a510a9d575
  custom:scripting/monoscript/fileName/FileUtility.cs: ce7e1c41f3666e04a20e8ab169333163 -> 2d70b80c72be1fb3b2b89ce0939e8cef
  custom:video-decoder-ogg-theora: a1e56fd34408186e4bbccfd4996cb3dc -> 
  custom:framework-win-MediaFoundation: 216162199b28c13a410421893ffa2e32 -> 
  custom:scripting/monoscript/fileName/VisualStudioCursorInstallation.cs: 95dc478876e6707a7e0d3e4422a08b22 -> 
  custom:scripting/monoscript/fileName/Messenger.cs: e1a29b4f8717764c5ff32215b741de2c -> f4ebc46d09b2b4de489946914db2aae0
  custom:scripting/monoscript/fileName/ProcessRunner.cs: 9913dac524d7fba7e53010bd3e109769 -> 932a2a80cb9a3539199f645deff3c585
  custom:scripting/monoscript/fileName/ExceptionEventArgs.cs: c1fb418063f3fe95153ce19939c50281 -> 27cb4c00a4137b184e01164606c88685
  custom:scripting/monoscript/fileName/ProjectGeneration.cs: 9ecb66398cf426136e1427db129d71bc -> 5d892aecaaa9b5c9f4162e2ae2b374ef
  custom:scripting/monoscript/fileName/GameOverUI.cs: 204dcc333de1c17b944f34fa4337dc40 -> 
  custom:scripting/monoscript/fileName/Symbols.cs: 37055ad381792899bea2e26647ce5ae9 -> 27613575e8bda8a6448f80ff27c488f9
  custom:scripting/monoscript/fileName/VersionPair.cs: 219dda7a75299c084fd265cf8d4d22ac -> 88b4a0b7e953537f26ded0a68cf4c238
  custom:scripting/precompiled-assembly-types:Unity.Timeline.Editor: b4313fba5652ee5a8449f3ec85f31ae4 -> 534d7c71c4dd9147ea00599cede121e1
  custom:CustomObjectIndexerAttribute: 9a22284fe3817be447336de3de66b15e -> 
  custom:scripting/monoscript/fileName/TestResultAdaptor.cs: 9b1d3d6bb50f08d85d0c8ba1d01b312d -> fb4db3971d5379750cda884e7e44e3e4
  custom:scripting/monoscript/fileName/VisualStudioEditor.cs: edffea2b56ff2fcda30202ca00e6de62 -> 21e59f688ad500ab61aca318850ec505
  custom:scripting/monoscript/fileName/VisualStudioInstallation.cs: d9bdf8280241f81cb63321a50b4ad2cb -> 41612f13db7783c8635801ab159c1079
  custom:scripting/monoscript/fileName/GameStartPanel.cs: f9029a7546d6d0a640aa647183643613 -> 
  custom:container-demuxer-webm: 4f35f7cbe854078d1ac9338744f61a02 -> 
  custom:scripting/monoscript/fileName/Solution.cs: 6f57345c5a9c03cd9de52e226d588ae1 -> 8bc97d0abd509f39b67b3a5bbac1b9a1
  custom:scripting/monoscript/fileName/VisualStudioCodiumInstallation.cs: 8ee758ce837648e8a493211c15ac775a -> 
  custom:scripting/precompiled-assembly-types:Unity.Cursor.Editor: c4135f52e7ee32dfaf93d3e70b9c4e0a -> 
  custom:scripting/monoscript/fileName/GUIDProvider.cs: cb8edf978faeabcee864dce1a906a291 -> cdd3f47e4fe593d2dfdf9915fa537e3f
  custom:container-muxer-webm: aa71ff27fc2769a1b78a27578f13a17b -> 
  custom:video-decoder-webm-vp8: 9c59270c3fd7afecdb556c50c9e8de78 -> 
  custom:scripting/monoscript/fileName/MessageEventArgs.cs: 1019688f506e4394820040d9795c0a7d -> 528473bbcee3623fe954627c6bfadd2e
  custom:SearchIndexIgnoredProperties: e643bd26f0fe6173181afceb89e7c659 -> 
  custom:scripting/monoscript/fileName/ProjectProperties.cs: 2d74649e53a223aa9cd860921346e9bd -> 407063898a13eaad2cd100e43551c6b5
  custom:AudioImporter_EditorPlatform: d09bf68614088b80899f8185d706f6e7 -> 
  custom:scripting/monoscript/fileName/UnityInstallation.cs: e77a4cd80130bf9635eda265c59fc585 -> 0ba30d4545f2c34a9323456723b5dbfe
  custom:scripting/precompiled-assembly-types:Unity.VisualScripting.Core.Editor: 1ac958119c4ad755d50390246b13522a -> 39597c0f3a76e24d87d64afa59c5f88d
  custom:scripting/monoscript/fileName/SolutionParser.cs: 28362f3ad5ff471d352dad937c4f46f0 -> 240a75b5fc2682997268aa77e6a1dd86
  custom:scripting/monoscript/fileName/TestAdaptor.cs: 5be3b7fc797cbdb67976ea5fdb904de5 -> 486cec8559bad7c56adc699f165feb67
  custom:scripting/precompiled-assembly-types:UnityEngine.TestRunner: 7a4d96a0696e29157328c6996c3b82c5 -> f5758234275f5346968d00e3b1a1c0e4
  custom:scripting/monoscript/fileName/Discovery.cs: 43295ac1709a058ba3ec01d8585e170c -> 2b1006b9be47307c73378eaafc98b6fb
  custom:scripting/monoscript/fileName/VisualStudioIntegration.cs: f837b233b752d741f76e0990c5fad160 -> f9e623c49f9f20ea97a4519aa48d72d4
  custom:scripting/monoscript/fileName/FileIOProvider.cs: 081176a77b8b51898d4a1d6cfbab48ce -> 304525d180d2b661ce338fc8a3225752
  custom:scripting/monoscript/fileName/SdkStyleProjectGeneration.cs: 0d12ba8b4cce4103aedd4f5c89736364 -> bbd8a39d16aad1a0b8d5240b1f43f4a4
  custom:scripting/monoscript/fileName/Enemy.cs: 13cc614454c9ae28caa24456faa3d7cf -> 
  custom:video-encoder-webm-vp8: eb34c28f22e8b96e1ab97ce403110664 -> 
  custom:audio-decoder-ogg-vorbis: bf7c407c2cedff20999df2af8eb42d56 -> 
  custom:scripting/monoscript/fileName/SolutionProperties.cs: 0b7dbd9dc0e3af7f872e6112fa6f596e -> ab8751e49ae2f3d9994444a0a38619bd
  custom:scripting/monoscript/fileName/TestRunnerApiListener.cs: 9b7ed325f86e08c020c1bdc783d9bb51 -> cc17cec8825a8f933d6ecbd68d51f1de
  custom:scripting/monoscript/fileName/AssemblyNameProvider.cs: 06c09785a9ef49a49b329ed384758248 -> 170b0fd934f78f2e6a09342014bfa1fc
  custom:scripting/monoscript/fileName/Serializer.cs: 44df498e13906e45a2828923a7f89ac6 -> d7df1b97d0a3bd0bb98fd4d2d5bf5d29
  custom:scripting/monoscript/fileName/Message.cs: 3d319f70d9870482a245157c25577c4e -> 671a789acb2c7a93d0b620fe02979957
  custom:scripting/monoscript/fileName/Deserializer.cs: 7a4843246f0d5a1b063e9a6fef778397 -> 1cc72e9ed2428cc6d6ce2d4d2ad7b02b
  custom:scripting/monoscript/fileName/Test.cs: 8289d0398bd9a051035a87365428a0e7 -> 
  custom:audio-encoder-webm-vorbis: bf7c407c2cedff20999df2af8eb42d56 -> 
  custom:scripting/monoscript/fileName/TestRunnerCallbacks.cs: 901a1f98c6fdb76be420d56e91fe540d -> 5627cb9f4ed769fba607b0cab8e9e63d
  custom:scripting/monoscript/fileName/AsyncOperation.cs: 8f6297df34271fdb1ce2d9607ec6261d -> 90647cc400823b41df847a6cbfc29026
  custom:scripting/precompiled-assembly-types:Assembly-CSharp: 21ebfb0f5adf3ec10b439ac8102297a1 -> 
  custom:scripting/monoscript/fileName/UsageUtility.cs: 3f044a4563e8e23515be1e6c9e7e0fc7 -> 5ed3d13206b2b96245ce59a5c83beed1
========================================================================
Received Prepare
Caller must complete domain reload
Begin MonoManager ReloadAssembly
- Loaded All Assemblies, in  0.427 seconds
Native extension for WindowsStandalone target not found
Native extension for WebGL target not found
Mono: successfully reloaded assembly
- Finished resetting the current domain, in  0.951 seconds
Domain Reload Profiling: 1377ms
	BeginReloadAssembly (149ms)
		ExecutionOrderSort (0ms)
		DisableScriptedObjects (5ms)
		BackupInstance (0ms)
		ReleaseScriptingObjects (0ms)
		CreateAndSetChildDomain (27ms)
	RebuildCommonClasses (38ms)
	RebuildNativeTypeToScriptingClass (11ms)
	initialDomainReloadingComplete (25ms)
	LoadAllAssembliesAndSetupDomain (202ms)
		LoadAssemblies (277ms)
		RebuildTransferFunctionScriptingTraits (0ms)
		AnalyzeDomain (14ms)
			TypeCache.Refresh (6ms)
				TypeCache.ScanAssembly (0ms)
			ScanForSourceGeneratedMonoScriptInfo (0ms)
			ResolveRequiredComponents (7ms)
	FinalizeReload (952ms)
		ReleaseScriptCaches (0ms)
		RebuildScriptCaches (0ms)
		SetupLoadedEditorAssemblies (384ms)
			LogAssemblyErrors (0ms)
			InitializePlatformSupportModulesInManaged (6ms)
			SetLoadedEditorAssemblies (3ms)
			RefreshPlugins (0ms)
			BeforeProcessingInitializeOnLoad (53ms)
			ProcessInitializeOnLoadAttributes (295ms)
			ProcessInitializeOnLoadMethodAttributes (22ms)
			AfterProcessingInitializeOnLoad (4ms)
			EditorAssembliesLoaded (0ms)
		ExecutionOrderSort2 (0ms)
		AwakeInstancesAfterBackupRestoration (10ms)
Refreshing native plugins compatible for Editor in 5.30 ms, found 3 plugins.
Preloading 0 native plugins for Editor in 0.00 ms.
Unloading 3177 Unused Serialized files (Serialized files now loaded: 0)
Unloading 14 unused Assets / (28.6 KB). Loaded Objects now: 3719.
Memory consumption went from 119.1 MB to 119.1 MB.
Total: 2.737600 ms (FindLiveObjects: 0.249000 ms CreateObjectMapping: 0.195600 ms MarkObjects: 2.251600 ms  DeleteObjects: 0.040300 ms)

Prepare: number of updated asset objects reloaded= 0
AssetImportParameters requested are different than current active one (requested -> active):
  custom:scripting/monoscript/fileName/UdpSocket.cs: 5c2b80a042c65f789ef7f3c889fd101f -> 7555d065f81d23e6604acb91cf79ddd6
  custom:scripting/monoscript/fileName/Image.cs: 31ff8141403f4cb357eb7bf7e9ffdaeb -> f32195bbbc1ca9edcb6c8c6185597e40
  custom:scripting/monoscript/fileName/Cli.cs: 3c2ed0c881a657a6a8d1cec2a5d27e18 -> d287e08b50f2cb135aa4d7f8e01b7ef9
  custom:scripting/monoscript/fileName/KnownAssemblies.cs: 5a9878fa8cd33efc58225a4622d3c409 -> 286bea9f8fcee5e392f6fc0f0cd541c8
  custom:scripting/monoscript/fileName/SimpleJSON.cs: 2249b1d8736d53bdbb860984e9900714 -> 70c028a07c79c166db015acda1282d86
  custom:container-demuxer-ogg: 62fdf1f143b41e24485cea50d1cbac27 -> 
  custom:scripting/precompiled-assembly-types:Unity.PlasticSCM.Editor: 72a23a7a65cae48dae511b6579c293e4 -> 7e4e003063ee77e81fbf11080919f8e6
  custom:scripting/monoscript/fileName/SolutionProjectEntry.cs: 2cdbeb47f8763ac80d7836f6135300a9 -> 68cea09e9af09443edf61e18806ac1c2
  custom:scripting/monoscript/fileName/TcpListener.cs: 61afd6a8605bfd0084b595d2a15e8b2e -> 940bfdac0e91ad2884e6359468f2782a
  custom:scripting/monoscript/fileName/TcpClient.cs: 55a65447af3e4d6ecee8fd6d8f8731bd -> a949cfd4c46427829913ee0195fa0103
  custom:video-codec-MediaFoundation-h265: 746d11721c4dcdbdad8f713fa42b33f4 -> 
  custom:scripting/monoscript/fileName/LegacyStyleProjectGeneration.cs: 8aa3d3f0dc4d59c1ad013b88ff81a18d -> 4858a0ab74312ccaa3ff27a510a9d575
  custom:scripting/monoscript/fileName/FileUtility.cs: ce7e1c41f3666e04a20e8ab169333163 -> 2d70b80c72be1fb3b2b89ce0939e8cef
  custom:video-decoder-ogg-theora: a1e56fd34408186e4bbccfd4996cb3dc -> 
  custom:framework-win-MediaFoundation: 216162199b28c13a410421893ffa2e32 -> 
  custom:scripting/monoscript/fileName/VisualStudioCursorInstallation.cs: 95dc478876e6707a7e0d3e4422a08b22 -> 
  custom:scripting/monoscript/fileName/Messenger.cs: e1a29b4f8717764c5ff32215b741de2c -> f4ebc46d09b2b4de489946914db2aae0
  custom:scripting/monoscript/fileName/ProcessRunner.cs: 9913dac524d7fba7e53010bd3e109769 -> 932a2a80cb9a3539199f645deff3c585
  custom:scripting/monoscript/fileName/ExceptionEventArgs.cs: c1fb418063f3fe95153ce19939c50281 -> 27cb4c00a4137b184e01164606c88685
  custom:scripting/monoscript/fileName/ProjectGeneration.cs: 9ecb66398cf426136e1427db129d71bc -> 5d892aecaaa9b5c9f4162e2ae2b374ef
  custom:scripting/monoscript/fileName/GameOverUI.cs: 204dcc333de1c17b944f34fa4337dc40 -> 
  custom:scripting/monoscript/fileName/Symbols.cs: 37055ad381792899bea2e26647ce5ae9 -> 27613575e8bda8a6448f80ff27c488f9
  custom:scripting/monoscript/fileName/VersionPair.cs: 219dda7a75299c084fd265cf8d4d22ac -> 88b4a0b7e953537f26ded0a68cf4c238
  custom:scripting/precompiled-assembly-types:Unity.Timeline.Editor: b4313fba5652ee5a8449f3ec85f31ae4 -> 534d7c71c4dd9147ea00599cede121e1
  custom:CustomObjectIndexerAttribute: 9a22284fe3817be447336de3de66b15e -> 
  custom:scripting/monoscript/fileName/TestResultAdaptor.cs: 9b1d3d6bb50f08d85d0c8ba1d01b312d -> fb4db3971d5379750cda884e7e44e3e4
  custom:scripting/monoscript/fileName/VisualStudioEditor.cs: edffea2b56ff2fcda30202ca00e6de62 -> 21e59f688ad500ab61aca318850ec505
  custom:scripting/monoscript/fileName/VisualStudioInstallation.cs: d9bdf8280241f81cb63321a50b4ad2cb -> 41612f13db7783c8635801ab159c1079
  custom:scripting/monoscript/fileName/GameStartPanel.cs: f9029a7546d6d0a640aa647183643613 -> 
  custom:container-demuxer-webm: 4f35f7cbe854078d1ac9338744f61a02 -> 
  custom:scripting/monoscript/fileName/Solution.cs: 6f57345c5a9c03cd9de52e226d588ae1 -> 8bc97d0abd509f39b67b3a5bbac1b9a1
  custom:scripting/monoscript/fileName/VisualStudioCodiumInstallation.cs: 8ee758ce837648e8a493211c15ac775a -> 
  custom:scripting/precompiled-assembly-types:Unity.Cursor.Editor: c4135f52e7ee32dfaf93d3e70b9c4e0a -> 
  custom:scripting/monoscript/fileName/GUIDProvider.cs: cb8edf978faeabcee864dce1a906a291 -> cdd3f47e4fe593d2dfdf9915fa537e3f
  custom:container-muxer-webm: aa71ff27fc2769a1b78a27578f13a17b -> 
  custom:video-decoder-webm-vp8: 9c59270c3fd7afecdb556c50c9e8de78 -> 
  custom:scripting/monoscript/fileName/MessageEventArgs.cs: 1019688f506e4394820040d9795c0a7d -> 528473bbcee3623fe954627c6bfadd2e
  custom:SearchIndexIgnoredProperties: e643bd26f0fe6173181afceb89e7c659 -> 
  custom:scripting/monoscript/fileName/ProjectProperties.cs: 2d74649e53a223aa9cd860921346e9bd -> 407063898a13eaad2cd100e43551c6b5
  custom:AudioImporter_EditorPlatform: d09bf68614088b80899f8185d706f6e7 -> 
  custom:scripting/monoscript/fileName/UnityInstallation.cs: e77a4cd80130bf9635eda265c59fc585 -> 0ba30d4545f2c34a9323456723b5dbfe
  custom:scripting/precompiled-assembly-types:Unity.VisualScripting.Core.Editor: 1ac958119c4ad755d50390246b13522a -> 39597c0f3a76e24d87d64afa59c5f88d
  custom:scripting/monoscript/fileName/SolutionParser.cs: 28362f3ad5ff471d352dad937c4f46f0 -> 240a75b5fc2682997268aa77e6a1dd86
  custom:scripting/monoscript/fileName/TestAdaptor.cs: 5be3b7fc797cbdb67976ea5fdb904de5 -> 486cec8559bad7c56adc699f165feb67
  custom:scripting/precompiled-assembly-types:UnityEngine.TestRunner: 7a4d96a0696e29157328c6996c3b82c5 -> f5758234275f5346968d00e3b1a1c0e4
  custom:scripting/monoscript/fileName/Discovery.cs: 43295ac1709a058ba3ec01d8585e170c -> 2b1006b9be47307c73378eaafc98b6fb
  custom:scripting/monoscript/fileName/VisualStudioIntegration.cs: f837b233b752d741f76e0990c5fad160 -> f9e623c49f9f20ea97a4519aa48d72d4
  custom:scripting/monoscript/fileName/FileIOProvider.cs: 081176a77b8b51898d4a1d6cfbab48ce -> 304525d180d2b661ce338fc8a3225752
  custom:scripting/monoscript/fileName/SdkStyleProjectGeneration.cs: 0d12ba8b4cce4103aedd4f5c89736364 -> bbd8a39d16aad1a0b8d5240b1f43f4a4
  custom:scripting/monoscript/fileName/Enemy.cs: 13cc614454c9ae28caa24456faa3d7cf -> 
  custom:video-encoder-webm-vp8: eb34c28f22e8b96e1ab97ce403110664 -> 
  custom:audio-decoder-ogg-vorbis: bf7c407c2cedff20999df2af8eb42d56 -> 
  custom:scripting/monoscript/fileName/SolutionProperties.cs: 0b7dbd9dc0e3af7f872e6112fa6f596e -> ab8751e49ae2f3d9994444a0a38619bd
  custom:scripting/monoscript/fileName/TestRunnerApiListener.cs: 9b7ed325f86e08c020c1bdc783d9bb51 -> cc17cec8825a8f933d6ecbd68d51f1de
  custom:scripting/monoscript/fileName/AssemblyNameProvider.cs: 06c09785a9ef49a49b329ed384758248 -> 170b0fd934f78f2e6a09342014bfa1fc
  custom:scripting/monoscript/fileName/Serializer.cs: 44df498e13906e45a2828923a7f89ac6 -> d7df1b97d0a3bd0bb98fd4d2d5bf5d29
  custom:scripting/monoscript/fileName/Message.cs: 3d319f70d9870482a245157c25577c4e -> 671a789acb2c7a93d0b620fe02979957
  custom:scripting/monoscript/fileName/Deserializer.cs: 7a4843246f0d5a1b063e9a6fef778397 -> 1cc72e9ed2428cc6d6ce2d4d2ad7b02b
  custom:scripting/monoscript/fileName/Test.cs: 8289d0398bd9a051035a87365428a0e7 -> 
  custom:audio-encoder-webm-vorbis: bf7c407c2cedff20999df2af8eb42d56 -> 
  custom:scripting/monoscript/fileName/TestRunnerCallbacks.cs: 901a1f98c6fdb76be420d56e91fe540d -> 5627cb9f4ed769fba607b0cab8e9e63d
  custom:scripting/monoscript/fileName/AsyncOperation.cs: 8f6297df34271fdb1ce2d9607ec6261d -> 90647cc400823b41df847a6cbfc29026
  custom:scripting/precompiled-assembly-types:Assembly-CSharp: 21ebfb0f5adf3ec10b439ac8102297a1 -> 
  custom:scripting/monoscript/fileName/UsageUtility.cs: 3f044a4563e8e23515be1e6c9e7e0fc7 -> 5ed3d13206b2b96245ce59a5c83beed1
========================================================================
Received Prepare
Caller must complete domain reload
Begin MonoManager ReloadAssembly
- Loaded All Assemblies, in  0.416 seconds
Native extension for WindowsStandalone target not found
Native extension for WebGL target not found
Mono: successfully reloaded assembly
- Finished resetting the current domain, in  1.009 seconds
Domain Reload Profiling: 1425ms
	BeginReloadAssembly (156ms)
		ExecutionOrderSort (0ms)
		DisableScriptedObjects (5ms)
		BackupInstance (0ms)
		ReleaseScriptingObjects (0ms)
		CreateAndSetChildDomain (26ms)
	RebuildCommonClasses (33ms)
	RebuildNativeTypeToScriptingClass (11ms)
	initialDomainReloadingComplete (24ms)
	LoadAllAssembliesAndSetupDomain (191ms)
		LoadAssemblies (273ms)
		RebuildTransferFunctionScriptingTraits (0ms)
		AnalyzeDomain (13ms)
			TypeCache.Refresh (5ms)
				TypeCache.ScanAssembly (0ms)
			ScanForSourceGeneratedMonoScriptInfo (0ms)
			ResolveRequiredComponents (6ms)
	FinalizeReload (1010ms)
		ReleaseScriptCaches (0ms)
		RebuildScriptCaches (0ms)
		SetupLoadedEditorAssemblies (411ms)
			LogAssemblyErrors (0ms)
			InitializePlatformSupportModulesInManaged (7ms)
			SetLoadedEditorAssemblies (3ms)
			RefreshPlugins (0ms)
			BeforeProcessingInitializeOnLoad (63ms)
			ProcessInitializeOnLoadAttributes (312ms)
			ProcessInitializeOnLoadMethodAttributes (22ms)
			AfterProcessingInitializeOnLoad (4ms)
			EditorAssembliesLoaded (0ms)
		ExecutionOrderSort2 (0ms)
		AwakeInstancesAfterBackupRestoration (13ms)
Refreshing native plugins compatible for Editor in 4.03 ms, found 3 plugins.
Preloading 0 native plugins for Editor in 0.00 ms.
Unloading 3177 Unused Serialized files (Serialized files now loaded: 0)
Unloading 14 unused Assets / (28.6 KB). Loaded Objects now: 3722.
Memory consumption went from 119.1 MB to 119.1 MB.
Total: 2.686200 ms (FindLiveObjects: 0.268100 ms CreateObjectMapping: 0.207300 ms MarkObjects: 2.172300 ms  DeleteObjects: 0.037200 ms)

Prepare: number of updated asset objects reloaded= 0
AssetImportParameters requested are different than current active one (requested -> active):
  custom:scripting/monoscript/fileName/UdpSocket.cs: 5c2b80a042c65f789ef7f3c889fd101f -> 7555d065f81d23e6604acb91cf79ddd6
  custom:scripting/monoscript/fileName/Image.cs: 31ff8141403f4cb357eb7bf7e9ffdaeb -> f32195bbbc1ca9edcb6c8c6185597e40
  custom:scripting/monoscript/fileName/Cli.cs: 3c2ed0c881a657a6a8d1cec2a5d27e18 -> d287e08b50f2cb135aa4d7f8e01b7ef9
  custom:scripting/monoscript/fileName/KnownAssemblies.cs: 5a9878fa8cd33efc58225a4622d3c409 -> 286bea9f8fcee5e392f6fc0f0cd541c8
  custom:scripting/monoscript/fileName/SimpleJSON.cs: 2249b1d8736d53bdbb860984e9900714 -> 70c028a07c79c166db015acda1282d86
  custom:container-demuxer-ogg: 62fdf1f143b41e24485cea50d1cbac27 -> 
  custom:scripting/precompiled-assembly-types:Unity.PlasticSCM.Editor: 72a23a7a65cae48dae511b6579c293e4 -> 7e4e003063ee77e81fbf11080919f8e6
  custom:scripting/monoscript/fileName/SolutionProjectEntry.cs: 2cdbeb47f8763ac80d7836f6135300a9 -> 68cea09e9af09443edf61e18806ac1c2
  custom:scripting/monoscript/fileName/TcpListener.cs: 61afd6a8605bfd0084b595d2a15e8b2e -> 940bfdac0e91ad2884e6359468f2782a
  custom:scripting/monoscript/fileName/TcpClient.cs: 55a65447af3e4d6ecee8fd6d8f8731bd -> a949cfd4c46427829913ee0195fa0103
  custom:video-codec-MediaFoundation-h265: 746d11721c4dcdbdad8f713fa42b33f4 -> 
  custom:scripting/monoscript/fileName/LegacyStyleProjectGeneration.cs: 8aa3d3f0dc4d59c1ad013b88ff81a18d -> 4858a0ab74312ccaa3ff27a510a9d575
  custom:scripting/monoscript/fileName/FileUtility.cs: ce7e1c41f3666e04a20e8ab169333163 -> 2d70b80c72be1fb3b2b89ce0939e8cef
  custom:video-decoder-ogg-theora: a1e56fd34408186e4bbccfd4996cb3dc -> 
  custom:framework-win-MediaFoundation: 216162199b28c13a410421893ffa2e32 -> 
  custom:scripting/monoscript/fileName/VisualStudioCursorInstallation.cs: 95dc478876e6707a7e0d3e4422a08b22 -> 
  custom:scripting/monoscript/fileName/Messenger.cs: e1a29b4f8717764c5ff32215b741de2c -> f4ebc46d09b2b4de489946914db2aae0
  custom:scripting/monoscript/fileName/ProcessRunner.cs: 9913dac524d7fba7e53010bd3e109769 -> 932a2a80cb9a3539199f645deff3c585
  custom:scripting/monoscript/fileName/ExceptionEventArgs.cs: c1fb418063f3fe95153ce19939c50281 -> 27cb4c00a4137b184e01164606c88685
  custom:scripting/monoscript/fileName/ProjectGeneration.cs: 9ecb66398cf426136e1427db129d71bc -> 5d892aecaaa9b5c9f4162e2ae2b374ef
  custom:scripting/monoscript/fileName/GameOverUI.cs: 204dcc333de1c17b944f34fa4337dc40 -> 
  custom:scripting/monoscript/fileName/Symbols.cs: 37055ad381792899bea2e26647ce5ae9 -> 27613575e8bda8a6448f80ff27c488f9
  custom:scripting/monoscript/fileName/VersionPair.cs: 219dda7a75299c084fd265cf8d4d22ac -> 88b4a0b7e953537f26ded0a68cf4c238
  custom:scripting/precompiled-assembly-types:Unity.Timeline.Editor: b4313fba5652ee5a8449f3ec85f31ae4 -> 534d7c71c4dd9147ea00599cede121e1
  custom:CustomObjectIndexerAttribute: 9a22284fe3817be447336de3de66b15e -> 
  custom:scripting/monoscript/fileName/TestResultAdaptor.cs: 9b1d3d6bb50f08d85d0c8ba1d01b312d -> fb4db3971d5379750cda884e7e44e3e4
  custom:scripting/monoscript/fileName/VisualStudioEditor.cs: edffea2b56ff2fcda30202ca00e6de62 -> 21e59f688ad500ab61aca318850ec505
  custom:scripting/monoscript/fileName/VisualStudioInstallation.cs: d9bdf8280241f81cb63321a50b4ad2cb -> 41612f13db7783c8635801ab159c1079
  custom:scripting/monoscript/fileName/GameStartPanel.cs: f9029a7546d6d0a640aa647183643613 -> 
  custom:container-demuxer-webm: 4f35f7cbe854078d1ac9338744f61a02 -> 
  custom:scripting/monoscript/fileName/Solution.cs: 6f57345c5a9c03cd9de52e226d588ae1 -> 8bc97d0abd509f39b67b3a5bbac1b9a1
  custom:scripting/monoscript/fileName/VisualStudioCodiumInstallation.cs: 8ee758ce837648e8a493211c15ac775a -> 
  custom:scripting/precompiled-assembly-types:Unity.Cursor.Editor: c4135f52e7ee32dfaf93d3e70b9c4e0a -> 
  custom:scripting/monoscript/fileName/GUIDProvider.cs: cb8edf978faeabcee864dce1a906a291 -> cdd3f47e4fe593d2dfdf9915fa537e3f
  custom:container-muxer-webm: aa71ff27fc2769a1b78a27578f13a17b -> 
  custom:video-decoder-webm-vp8: 9c59270c3fd7afecdb556c50c9e8de78 -> 
  custom:scripting/monoscript/fileName/MessageEventArgs.cs: 1019688f506e4394820040d9795c0a7d -> 528473bbcee3623fe954627c6bfadd2e
  custom:SearchIndexIgnoredProperties: e643bd26f0fe6173181afceb89e7c659 -> 
  custom:scripting/monoscript/fileName/ProjectProperties.cs: 2d74649e53a223aa9cd860921346e9bd -> 407063898a13eaad2cd100e43551c6b5
  custom:AudioImporter_EditorPlatform: d09bf68614088b80899f8185d706f6e7 -> 
  custom:scripting/monoscript/fileName/UnityInstallation.cs: e77a4cd80130bf9635eda265c59fc585 -> 0ba30d4545f2c34a9323456723b5dbfe
  custom:scripting/precompiled-assembly-types:Unity.VisualScripting.Core.Editor: 1ac958119c4ad755d50390246b13522a -> 39597c0f3a76e24d87d64afa59c5f88d
  custom:scripting/monoscript/fileName/SolutionParser.cs: 28362f3ad5ff471d352dad937c4f46f0 -> 240a75b5fc2682997268aa77e6a1dd86
  custom:scripting/monoscript/fileName/TestAdaptor.cs: 5be3b7fc797cbdb67976ea5fdb904de5 -> 486cec8559bad7c56adc699f165feb67
  custom:scripting/precompiled-assembly-types:UnityEngine.TestRunner: 7a4d96a0696e29157328c6996c3b82c5 -> f5758234275f5346968d00e3b1a1c0e4
  custom:scripting/monoscript/fileName/Discovery.cs: 43295ac1709a058ba3ec01d8585e170c -> 2b1006b9be47307c73378eaafc98b6fb
  custom:scripting/monoscript/fileName/VisualStudioIntegration.cs: f837b233b752d741f76e0990c5fad160 -> f9e623c49f9f20ea97a4519aa48d72d4
  custom:scripting/monoscript/fileName/FileIOProvider.cs: 081176a77b8b51898d4a1d6cfbab48ce -> 304525d180d2b661ce338fc8a3225752
  custom:scripting/monoscript/fileName/SdkStyleProjectGeneration.cs: 0d12ba8b4cce4103aedd4f5c89736364 -> bbd8a39d16aad1a0b8d5240b1f43f4a4
  custom:scripting/monoscript/fileName/Enemy.cs: 13cc614454c9ae28caa24456faa3d7cf -> 
  custom:video-encoder-webm-vp8: eb34c28f22e8b96e1ab97ce403110664 -> 
  custom:audio-decoder-ogg-vorbis: bf7c407c2cedff20999df2af8eb42d56 -> 
  custom:scripting/monoscript/fileName/SolutionProperties.cs: 0b7dbd9dc0e3af7f872e6112fa6f596e -> ab8751e49ae2f3d9994444a0a38619bd
  custom:scripting/monoscript/fileName/TestRunnerApiListener.cs: 9b7ed325f86e08c020c1bdc783d9bb51 -> cc17cec8825a8f933d6ecbd68d51f1de
  custom:scripting/monoscript/fileName/AssemblyNameProvider.cs: 06c09785a9ef49a49b329ed384758248 -> 170b0fd934f78f2e6a09342014bfa1fc
  custom:scripting/monoscript/fileName/Serializer.cs: 44df498e13906e45a2828923a7f89ac6 -> d7df1b97d0a3bd0bb98fd4d2d5bf5d29
  custom:scripting/monoscript/fileName/Message.cs: 3d319f70d9870482a245157c25577c4e -> 671a789acb2c7a93d0b620fe02979957
  custom:scripting/monoscript/fileName/Deserializer.cs: 7a4843246f0d5a1b063e9a6fef778397 -> 1cc72e9ed2428cc6d6ce2d4d2ad7b02b
  custom:scripting/monoscript/fileName/Test.cs: 8289d0398bd9a051035a87365428a0e7 -> 
  custom:audio-encoder-webm-vorbis: bf7c407c2cedff20999df2af8eb42d56 -> 
  custom:scripting/monoscript/fileName/TestRunnerCallbacks.cs: 901a1f98c6fdb76be420d56e91fe540d -> 5627cb9f4ed769fba607b0cab8e9e63d
  custom:scripting/monoscript/fileName/AsyncOperation.cs: 8f6297df34271fdb1ce2d9607ec6261d -> 90647cc400823b41df847a6cbfc29026
  custom:scripting/precompiled-assembly-types:Assembly-CSharp: 21ebfb0f5adf3ec10b439ac8102297a1 -> 
  custom:scripting/monoscript/fileName/UsageUtility.cs: 3f044a4563e8e23515be1e6c9e7e0fc7 -> 5ed3d13206b2b96245ce59a5c83beed1
========================================================================
Received Prepare
Caller must complete domain reload
Begin MonoManager ReloadAssembly
- Loaded All Assemblies, in  0.410 seconds
Native extension for WindowsStandalone target not found
Native extension for WebGL target not found
Mono: successfully reloaded assembly
- Finished resetting the current domain, in  0.989 seconds
Domain Reload Profiling: 1398ms
	BeginReloadAssembly (152ms)
		ExecutionOrderSort (0ms)
		DisableScriptedObjects (5ms)
		BackupInstance (0ms)
		ReleaseScriptingObjects (0ms)
		CreateAndSetChildDomain (26ms)
	RebuildCommonClasses (33ms)
	RebuildNativeTypeToScriptingClass (11ms)
	initialDomainReloadingComplete (26ms)
	LoadAllAssembliesAndSetupDomain (188ms)
		LoadAssemblies (267ms)
		RebuildTransferFunctionScriptingTraits (0ms)
		AnalyzeDomain (13ms)
			TypeCache.Refresh (6ms)
				TypeCache.ScanAssembly (0ms)
			ScanForSourceGeneratedMonoScriptInfo (0ms)
			ResolveRequiredComponents (5ms)
	FinalizeReload (989ms)
		ReleaseScriptCaches (0ms)
		RebuildScriptCaches (0ms)
		SetupLoadedEditorAssemblies (397ms)
			LogAssemblyErrors (0ms)
			InitializePlatformSupportModulesInManaged (8ms)
			SetLoadedEditorAssemblies (4ms)
			RefreshPlugins (0ms)
			BeforeProcessingInitializeOnLoad (57ms)
			ProcessInitializeOnLoadAttributes (304ms)
			ProcessInitializeOnLoadMethodAttributes (22ms)
			AfterProcessingInitializeOnLoad (3ms)
			EditorAssembliesLoaded (0ms)
		ExecutionOrderSort2 (0ms)
		AwakeInstancesAfterBackupRestoration (11ms)
Refreshing native plugins compatible for Editor in 4.47 ms, found 3 plugins.
Preloading 0 native plugins for Editor in 0.00 ms.
Unloading 3177 Unused Serialized files (Serialized files now loaded: 0)
Unloading 14 unused Assets / (28.7 KB). Loaded Objects now: 3725.
Memory consumption went from 119.1 MB to 119.1 MB.
Total: 2.794100 ms (FindLiveObjects: 0.247900 ms CreateObjectMapping: 0.216600 ms MarkObjects: 2.293200 ms  DeleteObjects: 0.035800 ms)

Prepare: number of updated asset objects reloaded= 0
AssetImportParameters requested are different than current active one (requested -> active):
  custom:scripting/monoscript/fileName/UdpSocket.cs: 5c2b80a042c65f789ef7f3c889fd101f -> 7555d065f81d23e6604acb91cf79ddd6
  custom:scripting/monoscript/fileName/Image.cs: 31ff8141403f4cb357eb7bf7e9ffdaeb -> f32195bbbc1ca9edcb6c8c6185597e40
  custom:scripting/monoscript/fileName/Cli.cs: 3c2ed0c881a657a6a8d1cec2a5d27e18 -> d287e08b50f2cb135aa4d7f8e01b7ef9
  custom:scripting/monoscript/fileName/KnownAssemblies.cs: 5a9878fa8cd33efc58225a4622d3c409 -> 286bea9f8fcee5e392f6fc0f0cd541c8
  custom:scripting/monoscript/fileName/SimpleJSON.cs: 2249b1d8736d53bdbb860984e9900714 -> 70c028a07c79c166db015acda1282d86
  custom:container-demuxer-ogg: 62fdf1f143b41e24485cea50d1cbac27 -> 
  custom:scripting/precompiled-assembly-types:Unity.PlasticSCM.Editor: 72a23a7a65cae48dae511b6579c293e4 -> 7e4e003063ee77e81fbf11080919f8e6
  custom:scripting/monoscript/fileName/SolutionProjectEntry.cs: 2cdbeb47f8763ac80d7836f6135300a9 -> 68cea09e9af09443edf61e18806ac1c2
  custom:scripting/monoscript/fileName/TcpListener.cs: 61afd6a8605bfd0084b595d2a15e8b2e -> 940bfdac0e91ad2884e6359468f2782a
  custom:scripting/monoscript/fileName/TcpClient.cs: 55a65447af3e4d6ecee8fd6d8f8731bd -> a949cfd4c46427829913ee0195fa0103
  custom:video-codec-MediaFoundation-h265: 746d11721c4dcdbdad8f713fa42b33f4 -> 
  custom:scripting/monoscript/fileName/LegacyStyleProjectGeneration.cs: 8aa3d3f0dc4d59c1ad013b88ff81a18d -> 4858a0ab74312ccaa3ff27a510a9d575
  custom:scripting/monoscript/fileName/FileUtility.cs: ce7e1c41f3666e04a20e8ab169333163 -> 2d70b80c72be1fb3b2b89ce0939e8cef
  custom:video-decoder-ogg-theora: a1e56fd34408186e4bbccfd4996cb3dc -> 
  custom:framework-win-MediaFoundation: 216162199b28c13a410421893ffa2e32 -> 
  custom:scripting/monoscript/fileName/VisualStudioCursorInstallation.cs: 95dc478876e6707a7e0d3e4422a08b22 -> 
  custom:scripting/monoscript/fileName/Messenger.cs: e1a29b4f8717764c5ff32215b741de2c -> f4ebc46d09b2b4de489946914db2aae0
  custom:scripting/monoscript/fileName/ProcessRunner.cs: 9913dac524d7fba7e53010bd3e109769 -> 932a2a80cb9a3539199f645deff3c585
  custom:scripting/monoscript/fileName/ExceptionEventArgs.cs: c1fb418063f3fe95153ce19939c50281 -> 27cb4c00a4137b184e01164606c88685
  custom:scripting/monoscript/fileName/ProjectGeneration.cs: 9ecb66398cf426136e1427db129d71bc -> 5d892aecaaa9b5c9f4162e2ae2b374ef
  custom:scripting/monoscript/fileName/GameOverUI.cs: 204dcc333de1c17b944f34fa4337dc40 -> 
  custom:scripting/monoscript/fileName/Symbols.cs: 37055ad381792899bea2e26647ce5ae9 -> 27613575e8bda8a6448f80ff27c488f9
  custom:scripting/monoscript/fileName/VersionPair.cs: 219dda7a75299c084fd265cf8d4d22ac -> 88b4a0b7e953537f26ded0a68cf4c238
  custom:scripting/precompiled-assembly-types:Unity.Timeline.Editor: b4313fba5652ee5a8449f3ec85f31ae4 -> 534d7c71c4dd9147ea00599cede121e1
  custom:CustomObjectIndexerAttribute: 9a22284fe3817be447336de3de66b15e -> 
  custom:scripting/monoscript/fileName/TestResultAdaptor.cs: 9b1d3d6bb50f08d85d0c8ba1d01b312d -> fb4db3971d5379750cda884e7e44e3e4
  custom:scripting/monoscript/fileName/VisualStudioEditor.cs: edffea2b56ff2fcda30202ca00e6de62 -> 21e59f688ad500ab61aca318850ec505
  custom:scripting/monoscript/fileName/VisualStudioInstallation.cs: d9bdf8280241f81cb63321a50b4ad2cb -> 41612f13db7783c8635801ab159c1079
  custom:scripting/monoscript/fileName/GameStartPanel.cs: f9029a7546d6d0a640aa647183643613 -> 
  custom:container-demuxer-webm: 4f35f7cbe854078d1ac9338744f61a02 -> 
  custom:scripting/monoscript/fileName/Solution.cs: 6f57345c5a9c03cd9de52e226d588ae1 -> 8bc97d0abd509f39b67b3a5bbac1b9a1
  custom:scripting/monoscript/fileName/VisualStudioCodiumInstallation.cs: 8ee758ce837648e8a493211c15ac775a -> 
  custom:scripting/precompiled-assembly-types:Unity.Cursor.Editor: c4135f52e7ee32dfaf93d3e70b9c4e0a -> 
  custom:scripting/monoscript/fileName/GUIDProvider.cs: cb8edf978faeabcee864dce1a906a291 -> cdd3f47e4fe593d2dfdf9915fa537e3f
  custom:container-muxer-webm: aa71ff27fc2769a1b78a27578f13a17b -> 
  custom:video-decoder-webm-vp8: 9c59270c3fd7afecdb556c50c9e8de78 -> 
  custom:scripting/monoscript/fileName/MessageEventArgs.cs: 1019688f506e4394820040d9795c0a7d -> 528473bbcee3623fe954627c6bfadd2e
  custom:SearchIndexIgnoredProperties: e643bd26f0fe6173181afceb89e7c659 -> 
  custom:scripting/monoscript/fileName/ProjectProperties.cs: 2d74649e53a223aa9cd860921346e9bd -> 407063898a13eaad2cd100e43551c6b5
  custom:AudioImporter_EditorPlatform: d09bf68614088b80899f8185d706f6e7 -> 
  custom:scripting/monoscript/fileName/UnityInstallation.cs: e77a4cd80130bf9635eda265c59fc585 -> 0ba30d4545f2c34a9323456723b5dbfe
  custom:scripting/precompiled-assembly-types:Unity.VisualScripting.Core.Editor: 1ac958119c4ad755d50390246b13522a -> 39597c0f3a76e24d87d64afa59c5f88d
  custom:scripting/monoscript/fileName/SolutionParser.cs: 28362f3ad5ff471d352dad937c4f46f0 -> 240a75b5fc2682997268aa77e6a1dd86
  custom:scripting/monoscript/fileName/TestAdaptor.cs: 5be3b7fc797cbdb67976ea5fdb904de5 -> 486cec8559bad7c56adc699f165feb67
  custom:scripting/precompiled-assembly-types:UnityEngine.TestRunner: 7a4d96a0696e29157328c6996c3b82c5 -> f5758234275f5346968d00e3b1a1c0e4
  custom:scripting/monoscript/fileName/Discovery.cs: 43295ac1709a058ba3ec01d8585e170c -> 2b1006b9be47307c73378eaafc98b6fb
  custom:scripting/monoscript/fileName/VisualStudioIntegration.cs: f837b233b752d741f76e0990c5fad160 -> f9e623c49f9f20ea97a4519aa48d72d4
  custom:scripting/monoscript/fileName/FileIOProvider.cs: 081176a77b8b51898d4a1d6cfbab48ce -> 304525d180d2b661ce338fc8a3225752
  custom:scripting/monoscript/fileName/SdkStyleProjectGeneration.cs: 0d12ba8b4cce4103aedd4f5c89736364 -> bbd8a39d16aad1a0b8d5240b1f43f4a4
  custom:scripting/monoscript/fileName/Enemy.cs: 13cc614454c9ae28caa24456faa3d7cf -> 
  custom:video-encoder-webm-vp8: eb34c28f22e8b96e1ab97ce403110664 -> 
  custom:audio-decoder-ogg-vorbis: bf7c407c2cedff20999df2af8eb42d56 -> 
  custom:scripting/monoscript/fileName/SolutionProperties.cs: 0b7dbd9dc0e3af7f872e6112fa6f596e -> ab8751e49ae2f3d9994444a0a38619bd
  custom:scripting/monoscript/fileName/TestRunnerApiListener.cs: 9b7ed325f86e08c020c1bdc783d9bb51 -> cc17cec8825a8f933d6ecbd68d51f1de
  custom:scripting/monoscript/fileName/AssemblyNameProvider.cs: 06c09785a9ef49a49b329ed384758248 -> 170b0fd934f78f2e6a09342014bfa1fc
  custom:scripting/monoscript/fileName/Serializer.cs: 44df498e13906e45a2828923a7f89ac6 -> d7df1b97d0a3bd0bb98fd4d2d5bf5d29
  custom:scripting/monoscript/fileName/Message.cs: 3d319f70d9870482a245157c25577c4e -> 671a789acb2c7a93d0b620fe02979957
  custom:scripting/monoscript/fileName/Deserializer.cs: 7a4843246f0d5a1b063e9a6fef778397 -> 1cc72e9ed2428cc6d6ce2d4d2ad7b02b
  custom:scripting/monoscript/fileName/Test.cs: 8289d0398bd9a051035a87365428a0e7 -> 
  custom:audio-encoder-webm-vorbis: bf7c407c2cedff20999df2af8eb42d56 -> 
  custom:scripting/monoscript/fileName/TestRunnerCallbacks.cs: 901a1f98c6fdb76be420d56e91fe540d -> 5627cb9f4ed769fba607b0cab8e9e63d
  custom:scripting/monoscript/fileName/AsyncOperation.cs: 8f6297df34271fdb1ce2d9607ec6261d -> 90647cc400823b41df847a6cbfc29026
  custom:scripting/precompiled-assembly-types:Assembly-CSharp: 21ebfb0f5adf3ec10b439ac8102297a1 -> 
  custom:scripting/monoscript/fileName/UsageUtility.cs: 3f044a4563e8e23515be1e6c9e7e0fc7 -> 5ed3d13206b2b96245ce59a5c83beed1
========================================================================
Received Prepare
Caller must complete domain reload
Begin MonoManager ReloadAssembly
- Loaded All Assemblies, in  0.412 seconds
Native extension for WindowsStandalone target not found
Native extension for WebGL target not found
Mono: successfully reloaded assembly
- Finished resetting the current domain, in  0.964 seconds
Domain Reload Profiling: 1376ms
	BeginReloadAssembly (154ms)
		ExecutionOrderSort (0ms)
		DisableScriptedObjects (6ms)
		BackupInstance (0ms)
		ReleaseScriptingObjects (0ms)
		CreateAndSetChildDomain (28ms)
	RebuildCommonClasses (33ms)
	RebuildNativeTypeToScriptingClass (12ms)
	initialDomainReloadingComplete (26ms)
	LoadAllAssembliesAndSetupDomain (187ms)
		LoadAssemblies (264ms)
		RebuildTransferFunctionScriptingTraits (0ms)
		AnalyzeDomain (13ms)
			TypeCache.Refresh (5ms)
				TypeCache.ScanAssembly (0ms)
			ScanForSourceGeneratedMonoScriptInfo (0ms)
			ResolveRequiredComponents (6ms)
	FinalizeReload (965ms)
		ReleaseScriptCaches (0ms)
		RebuildScriptCaches (0ms)
		SetupLoadedEditorAssemblies (389ms)
			LogAssemblyErrors (0ms)
			InitializePlatformSupportModulesInManaged (7ms)
			SetLoadedEditorAssemblies (3ms)
			RefreshPlugins (0ms)
			BeforeProcessingInitializeOnLoad (56ms)
			ProcessInitializeOnLoadAttributes (297ms)
			ProcessInitializeOnLoadMethodAttributes (23ms)
			AfterProcessingInitializeOnLoad (3ms)
			EditorAssembliesLoaded (0ms)
		ExecutionOrderSort2 (0ms)
		AwakeInstancesAfterBackupRestoration (13ms)
Refreshing native plugins compatible for Editor in 4.72 ms, found 3 plugins.
Preloading 0 native plugins for Editor in 0.00 ms.
Unloading 3177 Unused Serialized files (Serialized files now loaded: 0)
Unloading 14 unused Assets / (28.6 KB). Loaded Objects now: 3728.
Memory consumption went from 119.1 MB to 119.1 MB.
Total: 2.863700 ms (FindLiveObjects: 0.292600 ms CreateObjectMapping: 0.275700 ms MarkObjects: 2.251800 ms  DeleteObjects: 0.042700 ms)

Prepare: number of updated asset objects reloaded= 0
AssetImportParameters requested are different than current active one (requested -> active):
  custom:scripting/monoscript/fileName/UdpSocket.cs: 5c2b80a042c65f789ef7f3c889fd101f -> 7555d065f81d23e6604acb91cf79ddd6
  custom:scripting/monoscript/fileName/Image.cs: 31ff8141403f4cb357eb7bf7e9ffdaeb -> f32195bbbc1ca9edcb6c8c6185597e40
  custom:scripting/monoscript/fileName/Cli.cs: 3c2ed0c881a657a6a8d1cec2a5d27e18 -> d287e08b50f2cb135aa4d7f8e01b7ef9
  custom:scripting/monoscript/fileName/KnownAssemblies.cs: 5a9878fa8cd33efc58225a4622d3c409 -> 286bea9f8fcee5e392f6fc0f0cd541c8
  custom:scripting/monoscript/fileName/SimpleJSON.cs: 2249b1d8736d53bdbb860984e9900714 -> 70c028a07c79c166db015acda1282d86
  custom:container-demuxer-ogg: 62fdf1f143b41e24485cea50d1cbac27 -> 
  custom:scripting/precompiled-assembly-types:Unity.PlasticSCM.Editor: 72a23a7a65cae48dae511b6579c293e4 -> 7e4e003063ee77e81fbf11080919f8e6
  custom:scripting/monoscript/fileName/SolutionProjectEntry.cs: 2cdbeb47f8763ac80d7836f6135300a9 -> 68cea09e9af09443edf61e18806ac1c2
  custom:scripting/monoscript/fileName/TcpListener.cs: 61afd6a8605bfd0084b595d2a15e8b2e -> 940bfdac0e91ad2884e6359468f2782a
  custom:scripting/monoscript/fileName/TcpClient.cs: 55a65447af3e4d6ecee8fd6d8f8731bd -> a949cfd4c46427829913ee0195fa0103
  custom:video-codec-MediaFoundation-h265: 746d11721c4dcdbdad8f713fa42b33f4 -> 
  custom:scripting/monoscript/fileName/LegacyStyleProjectGeneration.cs: 8aa3d3f0dc4d59c1ad013b88ff81a18d -> 4858a0ab74312ccaa3ff27a510a9d575
  custom:scripting/monoscript/fileName/FileUtility.cs: ce7e1c41f3666e04a20e8ab169333163 -> 2d70b80c72be1fb3b2b89ce0939e8cef
  custom:video-decoder-ogg-theora: a1e56fd34408186e4bbccfd4996cb3dc -> 
  custom:framework-win-MediaFoundation: 216162199b28c13a410421893ffa2e32 -> 
  custom:scripting/monoscript/fileName/VisualStudioCursorInstallation.cs: 95dc478876e6707a7e0d3e4422a08b22 -> 
  custom:scripting/monoscript/fileName/Messenger.cs: e1a29b4f8717764c5ff32215b741de2c -> f4ebc46d09b2b4de489946914db2aae0
  custom:scripting/monoscript/fileName/ProcessRunner.cs: 9913dac524d7fba7e53010bd3e109769 -> 932a2a80cb9a3539199f645deff3c585
  custom:scripting/monoscript/fileName/ExceptionEventArgs.cs: c1fb418063f3fe95153ce19939c50281 -> 27cb4c00a4137b184e01164606c88685
  custom:scripting/monoscript/fileName/ProjectGeneration.cs: 9ecb66398cf426136e1427db129d71bc -> 5d892aecaaa9b5c9f4162e2ae2b374ef
  custom:scripting/monoscript/fileName/GameOverUI.cs: 204dcc333de1c17b944f34fa4337dc40 -> 
  custom:scripting/monoscript/fileName/Symbols.cs: 37055ad381792899bea2e26647ce5ae9 -> 27613575e8bda8a6448f80ff27c488f9
  custom:scripting/monoscript/fileName/VersionPair.cs: 219dda7a75299c084fd265cf8d4d22ac -> 88b4a0b7e953537f26ded0a68cf4c238
  custom:scripting/precompiled-assembly-types:Unity.Timeline.Editor: b4313fba5652ee5a8449f3ec85f31ae4 -> 534d7c71c4dd9147ea00599cede121e1
  custom:CustomObjectIndexerAttribute: 9a22284fe3817be447336de3de66b15e -> 
  custom:scripting/monoscript/fileName/TestResultAdaptor.cs: 9b1d3d6bb50f08d85d0c8ba1d01b312d -> fb4db3971d5379750cda884e7e44e3e4
  custom:scripting/monoscript/fileName/VisualStudioEditor.cs: edffea2b56ff2fcda30202ca00e6de62 -> 21e59f688ad500ab61aca318850ec505
  custom:scripting/monoscript/fileName/VisualStudioInstallation.cs: d9bdf8280241f81cb63321a50b4ad2cb -> 41612f13db7783c8635801ab159c1079
  custom:scripting/monoscript/fileName/GameStartPanel.cs: f9029a7546d6d0a640aa647183643613 -> 
  custom:container-demuxer-webm: 4f35f7cbe854078d1ac9338744f61a02 -> 
  custom:scripting/monoscript/fileName/Solution.cs: 6f57345c5a9c03cd9de52e226d588ae1 -> 8bc97d0abd509f39b67b3a5bbac1b9a1
  custom:scripting/monoscript/fileName/VisualStudioCodiumInstallation.cs: 8ee758ce837648e8a493211c15ac775a -> 
  custom:scripting/precompiled-assembly-types:Unity.Cursor.Editor: c4135f52e7ee32dfaf93d3e70b9c4e0a -> 
  custom:scripting/monoscript/fileName/GUIDProvider.cs: cb8edf978faeabcee864dce1a906a291 -> cdd3f47e4fe593d2dfdf9915fa537e3f
  custom:container-muxer-webm: aa71ff27fc2769a1b78a27578f13a17b -> 
  custom:video-decoder-webm-vp8: 9c59270c3fd7afecdb556c50c9e8de78 -> 
  custom:scripting/monoscript/fileName/MessageEventArgs.cs: 1019688f506e4394820040d9795c0a7d -> 528473bbcee3623fe954627c6bfadd2e
  custom:SearchIndexIgnoredProperties: e643bd26f0fe6173181afceb89e7c659 -> 
  custom:scripting/monoscript/fileName/ProjectProperties.cs: 2d74649e53a223aa9cd860921346e9bd -> 407063898a13eaad2cd100e43551c6b5
  custom:AudioImporter_EditorPlatform: d09bf68614088b80899f8185d706f6e7 -> 
  custom:scripting/monoscript/fileName/UnityInstallation.cs: e77a4cd80130bf9635eda265c59fc585 -> 0ba30d4545f2c34a9323456723b5dbfe
  custom:scripting/precompiled-assembly-types:Unity.VisualScripting.Core.Editor: 1ac958119c4ad755d50390246b13522a -> 39597c0f3a76e24d87d64afa59c5f88d
  custom:scripting/monoscript/fileName/SolutionParser.cs: 28362f3ad5ff471d352dad937c4f46f0 -> 240a75b5fc2682997268aa77e6a1dd86
  custom:scripting/monoscript/fileName/TestAdaptor.cs: 5be3b7fc797cbdb67976ea5fdb904de5 -> 486cec8559bad7c56adc699f165feb67
  custom:scripting/precompiled-assembly-types:UnityEngine.TestRunner: 7a4d96a0696e29157328c6996c3b82c5 -> f5758234275f5346968d00e3b1a1c0e4
  custom:scripting/monoscript/fileName/Discovery.cs: 43295ac1709a058ba3ec01d8585e170c -> 2b1006b9be47307c73378eaafc98b6fb
  custom:scripting/monoscript/fileName/VisualStudioIntegration.cs: f837b233b752d741f76e0990c5fad160 -> f9e623c49f9f20ea97a4519aa48d72d4
  custom:scripting/monoscript/fileName/FileIOProvider.cs: 081176a77b8b51898d4a1d6cfbab48ce -> 304525d180d2b661ce338fc8a3225752
  custom:scripting/monoscript/fileName/SdkStyleProjectGeneration.cs: 0d12ba8b4cce4103aedd4f5c89736364 -> bbd8a39d16aad1a0b8d5240b1f43f4a4
  custom:scripting/monoscript/fileName/Enemy.cs: 13cc614454c9ae28caa24456faa3d7cf -> 
  custom:video-encoder-webm-vp8: eb34c28f22e8b96e1ab97ce403110664 -> 
  custom:audio-decoder-ogg-vorbis: bf7c407c2cedff20999df2af8eb42d56 -> 
  custom:scripting/monoscript/fileName/SolutionProperties.cs: 0b7dbd9dc0e3af7f872e6112fa6f596e -> ab8751e49ae2f3d9994444a0a38619bd
  custom:scripting/monoscript/fileName/TestRunnerApiListener.cs: 9b7ed325f86e08c020c1bdc783d9bb51 -> cc17cec8825a8f933d6ecbd68d51f1de
  custom:scripting/monoscript/fileName/AssemblyNameProvider.cs: 06c09785a9ef49a49b329ed384758248 -> 170b0fd934f78f2e6a09342014bfa1fc
  custom:scripting/monoscript/fileName/Serializer.cs: 44df498e13906e45a2828923a7f89ac6 -> d7df1b97d0a3bd0bb98fd4d2d5bf5d29
  custom:scripting/monoscript/fileName/Message.cs: 3d319f70d9870482a245157c25577c4e -> 671a789acb2c7a93d0b620fe02979957
  custom:scripting/monoscript/fileName/Deserializer.cs: 7a4843246f0d5a1b063e9a6fef778397 -> 1cc72e9ed2428cc6d6ce2d4d2ad7b02b
  custom:scripting/monoscript/fileName/Test.cs: 8289d0398bd9a051035a87365428a0e7 -> 
  custom:audio-encoder-webm-vorbis: bf7c407c2cedff20999df2af8eb42d56 -> 
  custom:scripting/monoscript/fileName/TestRunnerCallbacks.cs: 901a1f98c6fdb76be420d56e91fe540d -> 5627cb9f4ed769fba607b0cab8e9e63d
  custom:scripting/monoscript/fileName/AsyncOperation.cs: 8f6297df34271fdb1ce2d9607ec6261d -> 90647cc400823b41df847a6cbfc29026
  custom:scripting/precompiled-assembly-types:Assembly-CSharp: 21ebfb0f5adf3ec10b439ac8102297a1 -> 
  custom:scripting/monoscript/fileName/UsageUtility.cs: 3f044a4563e8e23515be1e6c9e7e0fc7 -> 5ed3d13206b2b96245ce59a5c83beed1
========================================================================
Received Prepare
Caller must complete domain reload
Begin MonoManager ReloadAssembly
- Loaded All Assemblies, in  0.414 seconds
Native extension for WindowsStandalone target not found
Native extension for WebGL target not found
Mono: successfully reloaded assembly
- Finished resetting the current domain, in  0.966 seconds
Domain Reload Profiling: 1379ms
	BeginReloadAssembly (150ms)
		ExecutionOrderSort (0ms)
		DisableScriptedObjects (5ms)
		BackupInstance (0ms)
		ReleaseScriptingObjects (0ms)
		CreateAndSetChildDomain (26ms)
	RebuildCommonClasses (33ms)
	RebuildNativeTypeToScriptingClass (11ms)
	initialDomainReloadingComplete (25ms)
	LoadAllAssembliesAndSetupDomain (195ms)
		LoadAssemblies (272ms)
		RebuildTransferFunctionScriptingTraits (0ms)
		AnalyzeDomain (12ms)
			TypeCache.Refresh (5ms)
				TypeCache.ScanAssembly (0ms)
			ScanForSourceGeneratedMonoScriptInfo (0ms)
			ResolveRequiredComponents (6ms)
	FinalizeReload (966ms)
		ReleaseScriptCaches (0ms)
		RebuildScriptCaches (0ms)
		SetupLoadedEditorAssemblies (399ms)
			LogAssemblyErrors (0ms)
			InitializePlatformSupportModulesInManaged (6ms)
			SetLoadedEditorAssemblies (3ms)
			RefreshPlugins (0ms)
			BeforeProcessingInitializeOnLoad (57ms)
			ProcessInitializeOnLoadAttributes (308ms)
			ProcessInitializeOnLoadMethodAttributes (22ms)
			AfterProcessingInitializeOnLoad (2ms)
			EditorAssembliesLoaded (0ms)
		ExecutionOrderSort2 (0ms)
		AwakeInstancesAfterBackupRestoration (13ms)
Refreshing native plugins compatible for Editor in 4.75 ms, found 3 plugins.
Preloading 0 native plugins for Editor in 0.00 ms.
Unloading 3177 Unused Serialized files (Serialized files now loaded: 0)
Unloading 14 unused Assets / (28.6 KB). Loaded Objects now: 3731.
Memory consumption went from 119.1 MB to 119.1 MB.
Total: 2.805400 ms (FindLiveObjects: 0.257300 ms CreateObjectMapping: 0.212900 ms MarkObjects: 2.282200 ms  DeleteObjects: 0.052100 ms)

Prepare: number of updated asset objects reloaded= 0
AssetImportParameters requested are different than current active one (requested -> active):
  custom:scripting/monoscript/fileName/UdpSocket.cs: 5c2b80a042c65f789ef7f3c889fd101f -> 7555d065f81d23e6604acb91cf79ddd6
  custom:scripting/monoscript/fileName/Image.cs: 31ff8141403f4cb357eb7bf7e9ffdaeb -> f32195bbbc1ca9edcb6c8c6185597e40
  custom:scripting/monoscript/fileName/Cli.cs: 3c2ed0c881a657a6a8d1cec2a5d27e18 -> d287e08b50f2cb135aa4d7f8e01b7ef9
  custom:scripting/monoscript/fileName/KnownAssemblies.cs: 5a9878fa8cd33efc58225a4622d3c409 -> 286bea9f8fcee5e392f6fc0f0cd541c8
  custom:scripting/monoscript/fileName/SimpleJSON.cs: 2249b1d8736d53bdbb860984e9900714 -> 70c028a07c79c166db015acda1282d86
  custom:container-demuxer-ogg: 62fdf1f143b41e24485cea50d1cbac27 -> 
  custom:scripting/precompiled-assembly-types:Unity.PlasticSCM.Editor: 72a23a7a65cae48dae511b6579c293e4 -> 7e4e003063ee77e81fbf11080919f8e6
  custom:scripting/monoscript/fileName/SolutionProjectEntry.cs: 2cdbeb47f8763ac80d7836f6135300a9 -> 68cea09e9af09443edf61e18806ac1c2
  custom:scripting/monoscript/fileName/TcpListener.cs: 61afd6a8605bfd0084b595d2a15e8b2e -> 940bfdac0e91ad2884e6359468f2782a
  custom:scripting/monoscript/fileName/TcpClient.cs: 55a65447af3e4d6ecee8fd6d8f8731bd -> a949cfd4c46427829913ee0195fa0103
  custom:video-codec-MediaFoundation-h265: 746d11721c4dcdbdad8f713fa42b33f4 -> 
  custom:scripting/monoscript/fileName/LegacyStyleProjectGeneration.cs: 8aa3d3f0dc4d59c1ad013b88ff81a18d -> 4858a0ab74312ccaa3ff27a510a9d575
  custom:scripting/monoscript/fileName/FileUtility.cs: ce7e1c41f3666e04a20e8ab169333163 -> 2d70b80c72be1fb3b2b89ce0939e8cef
  custom:video-decoder-ogg-theora: a1e56fd34408186e4bbccfd4996cb3dc -> 
  custom:framework-win-MediaFoundation: 216162199b28c13a410421893ffa2e32 -> 
  custom:scripting/monoscript/fileName/VisualStudioCursorInstallation.cs: 95dc478876e6707a7e0d3e4422a08b22 -> 
  custom:scripting/monoscript/fileName/Messenger.cs: e1a29b4f8717764c5ff32215b741de2c -> f4ebc46d09b2b4de489946914db2aae0
  custom:scripting/monoscript/fileName/ProcessRunner.cs: 9913dac524d7fba7e53010bd3e109769 -> 932a2a80cb9a3539199f645deff3c585
  custom:scripting/monoscript/fileName/ExceptionEventArgs.cs: c1fb418063f3fe95153ce19939c50281 -> 27cb4c00a4137b184e01164606c88685
  custom:scripting/monoscript/fileName/ProjectGeneration.cs: 9ecb66398cf426136e1427db129d71bc -> 5d892aecaaa9b5c9f4162e2ae2b374ef
  custom:scripting/monoscript/fileName/GameOverUI.cs: 204dcc333de1c17b944f34fa4337dc40 -> 
  custom:scripting/monoscript/fileName/Symbols.cs: 37055ad381792899bea2e26647ce5ae9 -> 27613575e8bda8a6448f80ff27c488f9
  custom:scripting/monoscript/fileName/VersionPair.cs: 219dda7a75299c084fd265cf8d4d22ac -> 88b4a0b7e953537f26ded0a68cf4c238
  custom:scripting/precompiled-assembly-types:Unity.Timeline.Editor: b4313fba5652ee5a8449f3ec85f31ae4 -> 534d7c71c4dd9147ea00599cede121e1
  custom:CustomObjectIndexerAttribute: 9a22284fe3817be447336de3de66b15e -> 
  custom:scripting/monoscript/fileName/TestResultAdaptor.cs: 9b1d3d6bb50f08d85d0c8ba1d01b312d -> fb4db3971d5379750cda884e7e44e3e4
  custom:scripting/monoscript/fileName/VisualStudioEditor.cs: edffea2b56ff2fcda30202ca00e6de62 -> 21e59f688ad500ab61aca318850ec505
  custom:scripting/monoscript/fileName/VisualStudioInstallation.cs: d9bdf8280241f81cb63321a50b4ad2cb -> 41612f13db7783c8635801ab159c1079
  custom:scripting/monoscript/fileName/GameStartPanel.cs: f9029a7546d6d0a640aa647183643613 -> 
  custom:container-demuxer-webm: 4f35f7cbe854078d1ac9338744f61a02 -> 
  custom:scripting/monoscript/fileName/Solution.cs: 6f57345c5a9c03cd9de52e226d588ae1 -> 8bc97d0abd509f39b67b3a5bbac1b9a1
  custom:scripting/monoscript/fileName/VisualStudioCodiumInstallation.cs: 8ee758ce837648e8a493211c15ac775a -> 
  custom:scripting/precompiled-assembly-types:Unity.Cursor.Editor: c4135f52e7ee32dfaf93d3e70b9c4e0a -> 
  custom:scripting/monoscript/fileName/GUIDProvider.cs: cb8edf978faeabcee864dce1a906a291 -> cdd3f47e4fe593d2dfdf9915fa537e3f
  custom:container-muxer-webm: aa71ff27fc2769a1b78a27578f13a17b -> 
  custom:video-decoder-webm-vp8: 9c59270c3fd7afecdb556c50c9e8de78 -> 
  custom:scripting/monoscript/fileName/MessageEventArgs.cs: 1019688f506e4394820040d9795c0a7d -> 528473bbcee3623fe954627c6bfadd2e
  custom:SearchIndexIgnoredProperties: e643bd26f0fe6173181afceb89e7c659 -> 
  custom:scripting/monoscript/fileName/ProjectProperties.cs: 2d74649e53a223aa9cd860921346e9bd -> 407063898a13eaad2cd100e43551c6b5
  custom:AudioImporter_EditorPlatform: d09bf68614088b80899f8185d706f6e7 -> 
  custom:scripting/monoscript/fileName/UnityInstallation.cs: e77a4cd80130bf9635eda265c59fc585 -> 0ba30d4545f2c34a9323456723b5dbfe
  custom:scripting/precompiled-assembly-types:Unity.VisualScripting.Core.Editor: 1ac958119c4ad755d50390246b13522a -> 39597c0f3a76e24d87d64afa59c5f88d
  custom:scripting/monoscript/fileName/SolutionParser.cs: 28362f3ad5ff471d352dad937c4f46f0 -> 240a75b5fc2682997268aa77e6a1dd86
  custom:scripting/monoscript/fileName/TestAdaptor.cs: 5be3b7fc797cbdb67976ea5fdb904de5 -> 486cec8559bad7c56adc699f165feb67
  custom:scripting/precompiled-assembly-types:UnityEngine.TestRunner: 7a4d96a0696e29157328c6996c3b82c5 -> f5758234275f5346968d00e3b1a1c0e4
  custom:scripting/monoscript/fileName/Discovery.cs: 43295ac1709a058ba3ec01d8585e170c -> 2b1006b9be47307c73378eaafc98b6fb
  custom:scripting/monoscript/fileName/VisualStudioIntegration.cs: f837b233b752d741f76e0990c5fad160 -> f9e623c49f9f20ea97a4519aa48d72d4
  custom:scripting/monoscript/fileName/FileIOProvider.cs: 081176a77b8b51898d4a1d6cfbab48ce -> 304525d180d2b661ce338fc8a3225752
  custom:scripting/monoscript/fileName/SdkStyleProjectGeneration.cs: 0d12ba8b4cce4103aedd4f5c89736364 -> bbd8a39d16aad1a0b8d5240b1f43f4a4
  custom:scripting/monoscript/fileName/Enemy.cs: 13cc614454c9ae28caa24456faa3d7cf -> 
  custom:video-encoder-webm-vp8: eb34c28f22e8b96e1ab97ce403110664 -> 
  custom:audio-decoder-ogg-vorbis: bf7c407c2cedff20999df2af8eb42d56 -> 
  custom:scripting/monoscript/fileName/SolutionProperties.cs: 0b7dbd9dc0e3af7f872e6112fa6f596e -> ab8751e49ae2f3d9994444a0a38619bd
  custom:scripting/monoscript/fileName/TestRunnerApiListener.cs: 9b7ed325f86e08c020c1bdc783d9bb51 -> cc17cec8825a8f933d6ecbd68d51f1de
  custom:scripting/monoscript/fileName/AssemblyNameProvider.cs: 06c09785a9ef49a49b329ed384758248 -> 170b0fd934f78f2e6a09342014bfa1fc
  custom:scripting/monoscript/fileName/Serializer.cs: 44df498e13906e45a2828923a7f89ac6 -> d7df1b97d0a3bd0bb98fd4d2d5bf5d29
  custom:scripting/monoscript/fileName/Message.cs: 3d319f70d9870482a245157c25577c4e -> 671a789acb2c7a93d0b620fe02979957
  custom:scripting/monoscript/fileName/Deserializer.cs: 7a4843246f0d5a1b063e9a6fef778397 -> 1cc72e9ed2428cc6d6ce2d4d2ad7b02b
  custom:scripting/monoscript/fileName/Test.cs: 8289d0398bd9a051035a87365428a0e7 -> 
  custom:audio-encoder-webm-vorbis: bf7c407c2cedff20999df2af8eb42d56 -> 
  custom:scripting/monoscript/fileName/TestRunnerCallbacks.cs: 901a1f98c6fdb76be420d56e91fe540d -> 5627cb9f4ed769fba607b0cab8e9e63d
  custom:scripting/monoscript/fileName/AsyncOperation.cs: 8f6297df34271fdb1ce2d9607ec6261d -> 90647cc400823b41df847a6cbfc29026
  custom:scripting/precompiled-assembly-types:Assembly-CSharp: 21ebfb0f5adf3ec10b439ac8102297a1 -> 
  custom:scripting/monoscript/fileName/UsageUtility.cs: 3f044a4563e8e23515be1e6c9e7e0fc7 -> 5ed3d13206b2b96245ce59a5c83beed1
========================================================================
Received Prepare
Caller must complete domain reload
Begin MonoManager ReloadAssembly
- Loaded All Assemblies, in  0.413 seconds
Native extension for WindowsStandalone target not found
Native extension for WebGL target not found
Mono: successfully reloaded assembly
- Finished resetting the current domain, in  0.965 seconds
Domain Reload Profiling: 1378ms
	BeginReloadAssembly (152ms)
		ExecutionOrderSort (0ms)
		DisableScriptedObjects (5ms)
		BackupInstance (0ms)
		ReleaseScriptingObjects (0ms)
		CreateAndSetChildDomain (27ms)
	RebuildCommonClasses (33ms)
	RebuildNativeTypeToScriptingClass (11ms)
	initialDomainReloadingComplete (24ms)
	LoadAllAssembliesAndSetupDomain (192ms)
		LoadAssemblies (270ms)
		RebuildTransferFunctionScriptingTraits (0ms)
		AnalyzeDomain (13ms)
			TypeCache.Refresh (5ms)
				TypeCache.ScanAssembly (0ms)
			ScanForSourceGeneratedMonoScriptInfo (0ms)
			ResolveRequiredComponents (7ms)
	FinalizeReload (965ms)
		ReleaseScriptCaches (0ms)
		RebuildScriptCaches (0ms)
		SetupLoadedEditorAssemblies (390ms)
			LogAssemblyErrors (0ms)
			InitializePlatformSupportModulesInManaged (8ms)
			SetLoadedEditorAssemblies (3ms)
			RefreshPlugins (0ms)
			BeforeProcessingInitializeOnLoad (56ms)
			ProcessInitializeOnLoadAttributes (296ms)
			ProcessInitializeOnLoadMethodAttributes (24ms)
			AfterProcessingInitializeOnLoad (3ms)
			EditorAssembliesLoaded (0ms)
		ExecutionOrderSort2 (0ms)
		AwakeInstancesAfterBackupRestoration (11ms)
Refreshing native plugins compatible for Editor in 4.26 ms, found 3 plugins.
Preloading 0 native plugins for Editor in 0.00 ms.
Unloading 3177 Unused Serialized files (Serialized files now loaded: 0)
Unloading 14 unused Assets / (28.6 KB). Loaded Objects now: 3734.
Memory consumption went from 119.1 MB to 119.1 MB.
Total: 4.195400 ms (FindLiveObjects: 0.267300 ms CreateObjectMapping: 0.214400 ms MarkObjects: 3.612300 ms  DeleteObjects: 0.100000 ms)

Prepare: number of updated asset objects reloaded= 0
AssetImportParameters requested are different than current active one (requested -> active):
  custom:scripting/monoscript/fileName/UdpSocket.cs: 5c2b80a042c65f789ef7f3c889fd101f -> 7555d065f81d23e6604acb91cf79ddd6
  custom:scripting/monoscript/fileName/Image.cs: 31ff8141403f4cb357eb7bf7e9ffdaeb -> f32195bbbc1ca9edcb6c8c6185597e40
  custom:scripting/monoscript/fileName/Cli.cs: 3c2ed0c881a657a6a8d1cec2a5d27e18 -> d287e08b50f2cb135aa4d7f8e01b7ef9
  custom:scripting/monoscript/fileName/KnownAssemblies.cs: 5a9878fa8cd33efc58225a4622d3c409 -> 286bea9f8fcee5e392f6fc0f0cd541c8
  custom:scripting/monoscript/fileName/SimpleJSON.cs: 2249b1d8736d53bdbb860984e9900714 -> 70c028a07c79c166db015acda1282d86
  custom:container-demuxer-ogg: 62fdf1f143b41e24485cea50d1cbac27 -> 
  custom:scripting/precompiled-assembly-types:Unity.PlasticSCM.Editor: 72a23a7a65cae48dae511b6579c293e4 -> 7e4e003063ee77e81fbf11080919f8e6
  custom:scripting/monoscript/fileName/SolutionProjectEntry.cs: 2cdbeb47f8763ac80d7836f6135300a9 -> 68cea09e9af09443edf61e18806ac1c2
  custom:scripting/monoscript/fileName/TcpListener.cs: 61afd6a8605bfd0084b595d2a15e8b2e -> 940bfdac0e91ad2884e6359468f2782a
  custom:scripting/monoscript/fileName/TcpClient.cs: 55a65447af3e4d6ecee8fd6d8f8731bd -> a949cfd4c46427829913ee0195fa0103
  custom:video-codec-MediaFoundation-h265: 746d11721c4dcdbdad8f713fa42b33f4 -> 
  custom:scripting/monoscript/fileName/LegacyStyleProjectGeneration.cs: 8aa3d3f0dc4d59c1ad013b88ff81a18d -> 4858a0ab74312ccaa3ff27a510a9d575
  custom:scripting/monoscript/fileName/FileUtility.cs: ce7e1c41f3666e04a20e8ab169333163 -> 2d70b80c72be1fb3b2b89ce0939e8cef
  custom:video-decoder-ogg-theora: a1e56fd34408186e4bbccfd4996cb3dc -> 
  custom:framework-win-MediaFoundation: 216162199b28c13a410421893ffa2e32 -> 
  custom:scripting/monoscript/fileName/VisualStudioCursorInstallation.cs: 95dc478876e6707a7e0d3e4422a08b22 -> 
  custom:scripting/monoscript/fileName/Messenger.cs: e1a29b4f8717764c5ff32215b741de2c -> f4ebc46d09b2b4de489946914db2aae0
  custom:scripting/monoscript/fileName/ProcessRunner.cs: 9913dac524d7fba7e53010bd3e109769 -> 932a2a80cb9a3539199f645deff3c585
  custom:scripting/monoscript/fileName/ExceptionEventArgs.cs: c1fb418063f3fe95153ce19939c50281 -> 27cb4c00a4137b184e01164606c88685
  custom:scripting/monoscript/fileName/ProjectGeneration.cs: 9ecb66398cf426136e1427db129d71bc -> 5d892aecaaa9b5c9f4162e2ae2b374ef
  custom:scripting/monoscript/fileName/GameOverUI.cs: 204dcc333de1c17b944f34fa4337dc40 -> 
  custom:scripting/monoscript/fileName/Symbols.cs: 37055ad381792899bea2e26647ce5ae9 -> 27613575e8bda8a6448f80ff27c488f9
  custom:scripting/monoscript/fileName/VersionPair.cs: 219dda7a75299c084fd265cf8d4d22ac -> 88b4a0b7e953537f26ded0a68cf4c238
  custom:scripting/precompiled-assembly-types:Unity.Timeline.Editor: b4313fba5652ee5a8449f3ec85f31ae4 -> 534d7c71c4dd9147ea00599cede121e1
  custom:CustomObjectIndexerAttribute: 9a22284fe3817be447336de3de66b15e -> 
  custom:scripting/monoscript/fileName/TestResultAdaptor.cs: 9b1d3d6bb50f08d85d0c8ba1d01b312d -> fb4db3971d5379750cda884e7e44e3e4
  custom:scripting/monoscript/fileName/VisualStudioEditor.cs: edffea2b56ff2fcda30202ca00e6de62 -> 21e59f688ad500ab61aca318850ec505
  custom:scripting/monoscript/fileName/VisualStudioInstallation.cs: d9bdf8280241f81cb63321a50b4ad2cb -> 41612f13db7783c8635801ab159c1079
  custom:scripting/monoscript/fileName/GameStartPanel.cs: f9029a7546d6d0a640aa647183643613 -> 
  custom:container-demuxer-webm: 4f35f7cbe854078d1ac9338744f61a02 -> 
  custom:scripting/monoscript/fileName/Solution.cs: 6f57345c5a9c03cd9de52e226d588ae1 -> 8bc97d0abd509f39b67b3a5bbac1b9a1
  custom:scripting/monoscript/fileName/VisualStudioCodiumInstallation.cs: 8ee758ce837648e8a493211c15ac775a -> 
  custom:scripting/precompiled-assembly-types:Unity.Cursor.Editor: c4135f52e7ee32dfaf93d3e70b9c4e0a -> 
  custom:scripting/monoscript/fileName/GUIDProvider.cs: cb8edf978faeabcee864dce1a906a291 -> cdd3f47e4fe593d2dfdf9915fa537e3f
  custom:container-muxer-webm: aa71ff27fc2769a1b78a27578f13a17b -> 
  custom:video-decoder-webm-vp8: 9c59270c3fd7afecdb556c50c9e8de78 -> 
  custom:scripting/monoscript/fileName/MessageEventArgs.cs: 1019688f506e4394820040d9795c0a7d -> 528473bbcee3623fe954627c6bfadd2e
  custom:SearchIndexIgnoredProperties: e643bd26f0fe6173181afceb89e7c659 -> 
  custom:scripting/monoscript/fileName/ProjectProperties.cs: 2d74649e53a223aa9cd860921346e9bd -> 407063898a13eaad2cd100e43551c6b5
  custom:AudioImporter_EditorPlatform: d09bf68614088b80899f8185d706f6e7 -> 
  custom:scripting/monoscript/fileName/UnityInstallation.cs: e77a4cd80130bf9635eda265c59fc585 -> 0ba30d4545f2c34a9323456723b5dbfe
  custom:scripting/precompiled-assembly-types:Unity.VisualScripting.Core.Editor: 1ac958119c4ad755d50390246b13522a -> 39597c0f3a76e24d87d64afa59c5f88d
  custom:scripting/monoscript/fileName/SolutionParser.cs: 28362f3ad5ff471d352dad937c4f46f0 -> 240a75b5fc2682997268aa77e6a1dd86
  custom:scripting/monoscript/fileName/TestAdaptor.cs: 5be3b7fc797cbdb67976ea5fdb904de5 -> 486cec8559bad7c56adc699f165feb67
  custom:scripting/precompiled-assembly-types:UnityEngine.TestRunner: 7a4d96a0696e29157328c6996c3b82c5 -> f5758234275f5346968d00e3b1a1c0e4
  custom:scripting/monoscript/fileName/Discovery.cs: 43295ac1709a058ba3ec01d8585e170c -> 2b1006b9be47307c73378eaafc98b6fb
  custom:scripting/monoscript/fileName/VisualStudioIntegration.cs: f837b233b752d741f76e0990c5fad160 -> f9e623c49f9f20ea97a4519aa48d72d4
  custom:scripting/monoscript/fileName/FileIOProvider.cs: 081176a77b8b51898d4a1d6cfbab48ce -> 304525d180d2b661ce338fc8a3225752
  custom:scripting/monoscript/fileName/SdkStyleProjectGeneration.cs: 0d12ba8b4cce4103aedd4f5c89736364 -> bbd8a39d16aad1a0b8d5240b1f43f4a4
  custom:scripting/monoscript/fileName/Enemy.cs: 13cc614454c9ae28caa24456faa3d7cf -> 
  custom:video-encoder-webm-vp8: eb34c28f22e8b96e1ab97ce403110664 -> 
  custom:audio-decoder-ogg-vorbis: bf7c407c2cedff20999df2af8eb42d56 -> 
  custom:scripting/monoscript/fileName/SolutionProperties.cs: 0b7dbd9dc0e3af7f872e6112fa6f596e -> ab8751e49ae2f3d9994444a0a38619bd
  custom:scripting/monoscript/fileName/TestRunnerApiListener.cs: 9b7ed325f86e08c020c1bdc783d9bb51 -> cc17cec8825a8f933d6ecbd68d51f1de
  custom:scripting/monoscript/fileName/AssemblyNameProvider.cs: 06c09785a9ef49a49b329ed384758248 -> 170b0fd934f78f2e6a09342014bfa1fc
  custom:scripting/monoscript/fileName/Serializer.cs: 44df498e13906e45a2828923a7f89ac6 -> d7df1b97d0a3bd0bb98fd4d2d5bf5d29
  custom:scripting/monoscript/fileName/Message.cs: 3d319f70d9870482a245157c25577c4e -> 671a789acb2c7a93d0b620fe02979957
  custom:scripting/monoscript/fileName/Deserializer.cs: 7a4843246f0d5a1b063e9a6fef778397 -> 1cc72e9ed2428cc6d6ce2d4d2ad7b02b
  custom:scripting/monoscript/fileName/Test.cs: 8289d0398bd9a051035a87365428a0e7 -> 
  custom:audio-encoder-webm-vorbis: bf7c407c2cedff20999df2af8eb42d56 -> 
  custom:scripting/monoscript/fileName/TestRunnerCallbacks.cs: 901a1f98c6fdb76be420d56e91fe540d -> 5627cb9f4ed769fba607b0cab8e9e63d
  custom:scripting/monoscript/fileName/AsyncOperation.cs: 8f6297df34271fdb1ce2d9607ec6261d -> 90647cc400823b41df847a6cbfc29026
  custom:scripting/precompiled-assembly-types:Assembly-CSharp: 21ebfb0f5adf3ec10b439ac8102297a1 -> 
  custom:scripting/monoscript/fileName/UsageUtility.cs: 3f044a4563e8e23515be1e6c9e7e0fc7 -> 5ed3d13206b2b96245ce59a5c83beed1
========================================================================
Received Prepare
Caller must complete domain reload
Begin MonoManager ReloadAssembly
- Loaded All Assemblies, in  0.404 seconds
Native extension for WindowsStandalone target not found
Native extension for WebGL target not found
Mono: successfully reloaded assembly
- Finished resetting the current domain, in  0.981 seconds
Domain Reload Profiling: 1385ms
	BeginReloadAssembly (151ms)
		ExecutionOrderSort (0ms)
		DisableScriptedObjects (5ms)
		BackupInstance (0ms)
		ReleaseScriptingObjects (0ms)
		CreateAndSetChildDomain (25ms)
	RebuildCommonClasses (34ms)
	RebuildNativeTypeToScriptingClass (11ms)
	initialDomainReloadingComplete (25ms)
	LoadAllAssembliesAndSetupDomain (184ms)
		LoadAssemblies (262ms)
		RebuildTransferFunctionScriptingTraits (0ms)
		AnalyzeDomain (13ms)
			TypeCache.Refresh (6ms)
				TypeCache.ScanAssembly (0ms)
			ScanForSourceGeneratedMonoScriptInfo (0ms)
			ResolveRequiredComponents (6ms)
	FinalizeReload (981ms)
		ReleaseScriptCaches (0ms)
		RebuildScriptCaches (0ms)
		SetupLoadedEditorAssemblies (397ms)
			LogAssemblyErrors (0ms)
			InitializePlatformSupportModulesInManaged (12ms)
			SetLoadedEditorAssemblies (5ms)
			RefreshPlugins (0ms)
			BeforeProcessingInitializeOnLoad (55ms)
			ProcessInitializeOnLoadAttributes (299ms)
			ProcessInitializeOnLoadMethodAttributes (21ms)
			AfterProcessingInitializeOnLoad (4ms)
			EditorAssembliesLoaded (0ms)
		ExecutionOrderSort2 (0ms)
		AwakeInstancesAfterBackupRestoration (14ms)
Refreshing native plugins compatible for Editor in 5.45 ms, found 3 plugins.
Preloading 0 native plugins for Editor in 0.00 ms.
Unloading 3177 Unused Serialized files (Serialized files now loaded: 0)
Unloading 14 unused Assets / (28.6 KB). Loaded Objects now: 3737.
Memory consumption went from 119.1 MB to 119.1 MB.
Total: 2.814600 ms (FindLiveObjects: 0.245300 ms CreateObjectMapping: 0.214000 ms MarkObjects: 2.318300 ms  DeleteObjects: 0.036200 ms)

Prepare: number of updated asset objects reloaded= 0
AssetImportParameters requested are different than current active one (requested -> active):
  custom:scripting/monoscript/fileName/UdpSocket.cs: 5c2b80a042c65f789ef7f3c889fd101f -> 7555d065f81d23e6604acb91cf79ddd6
  custom:scripting/monoscript/fileName/Image.cs: 31ff8141403f4cb357eb7bf7e9ffdaeb -> f32195bbbc1ca9edcb6c8c6185597e40
  custom:scripting/monoscript/fileName/Cli.cs: 3c2ed0c881a657a6a8d1cec2a5d27e18 -> d287e08b50f2cb135aa4d7f8e01b7ef9
  custom:scripting/monoscript/fileName/KnownAssemblies.cs: 5a9878fa8cd33efc58225a4622d3c409 -> 286bea9f8fcee5e392f6fc0f0cd541c8
  custom:scripting/monoscript/fileName/SimpleJSON.cs: 2249b1d8736d53bdbb860984e9900714 -> 70c028a07c79c166db015acda1282d86
  custom:container-demuxer-ogg: 62fdf1f143b41e24485cea50d1cbac27 -> 
  custom:scripting/precompiled-assembly-types:Unity.PlasticSCM.Editor: 72a23a7a65cae48dae511b6579c293e4 -> 7e4e003063ee77e81fbf11080919f8e6
  custom:scripting/monoscript/fileName/SolutionProjectEntry.cs: 2cdbeb47f8763ac80d7836f6135300a9 -> 68cea09e9af09443edf61e18806ac1c2
  custom:scripting/monoscript/fileName/TcpListener.cs: 61afd6a8605bfd0084b595d2a15e8b2e -> 940bfdac0e91ad2884e6359468f2782a
  custom:scripting/monoscript/fileName/TcpClient.cs: 55a65447af3e4d6ecee8fd6d8f8731bd -> a949cfd4c46427829913ee0195fa0103
  custom:video-codec-MediaFoundation-h265: 746d11721c4dcdbdad8f713fa42b33f4 -> 
  custom:scripting/monoscript/fileName/LegacyStyleProjectGeneration.cs: 8aa3d3f0dc4d59c1ad013b88ff81a18d -> 4858a0ab74312ccaa3ff27a510a9d575
  custom:scripting/monoscript/fileName/FileUtility.cs: ce7e1c41f3666e04a20e8ab169333163 -> 2d70b80c72be1fb3b2b89ce0939e8cef
  custom:video-decoder-ogg-theora: a1e56fd34408186e4bbccfd4996cb3dc -> 
  custom:framework-win-MediaFoundation: 216162199b28c13a410421893ffa2e32 -> 
  custom:scripting/monoscript/fileName/VisualStudioCursorInstallation.cs: 95dc478876e6707a7e0d3e4422a08b22 -> 
  custom:scripting/monoscript/fileName/Messenger.cs: e1a29b4f8717764c5ff32215b741de2c -> f4ebc46d09b2b4de489946914db2aae0
  custom:scripting/monoscript/fileName/ProcessRunner.cs: 9913dac524d7fba7e53010bd3e109769 -> 932a2a80cb9a3539199f645deff3c585
  custom:scripting/monoscript/fileName/ExceptionEventArgs.cs: c1fb418063f3fe95153ce19939c50281 -> 27cb4c00a4137b184e01164606c88685
  custom:scripting/monoscript/fileName/ProjectGeneration.cs: 9ecb66398cf426136e1427db129d71bc -> 5d892aecaaa9b5c9f4162e2ae2b374ef
  custom:scripting/monoscript/fileName/GameOverUI.cs: 204dcc333de1c17b944f34fa4337dc40 -> 
  custom:scripting/monoscript/fileName/Symbols.cs: 37055ad381792899bea2e26647ce5ae9 -> 27613575e8bda8a6448f80ff27c488f9
  custom:scripting/monoscript/fileName/VersionPair.cs: 219dda7a75299c084fd265cf8d4d22ac -> 88b4a0b7e953537f26ded0a68cf4c238
  custom:scripting/precompiled-assembly-types:Unity.Timeline.Editor: b4313fba5652ee5a8449f3ec85f31ae4 -> 534d7c71c4dd9147ea00599cede121e1
  custom:CustomObjectIndexerAttribute: 9a22284fe3817be447336de3de66b15e -> 
  custom:scripting/monoscript/fileName/TestResultAdaptor.cs: 9b1d3d6bb50f08d85d0c8ba1d01b312d -> fb4db3971d5379750cda884e7e44e3e4
  custom:scripting/monoscript/fileName/VisualStudioEditor.cs: edffea2b56ff2fcda30202ca00e6de62 -> 21e59f688ad500ab61aca318850ec505
  custom:scripting/monoscript/fileName/VisualStudioInstallation.cs: d9bdf8280241f81cb63321a50b4ad2cb -> 41612f13db7783c8635801ab159c1079
  custom:scripting/monoscript/fileName/GameStartPanel.cs: f9029a7546d6d0a640aa647183643613 -> 
  custom:container-demuxer-webm: 4f35f7cbe854078d1ac9338744f61a02 -> 
  custom:scripting/monoscript/fileName/Solution.cs: 6f57345c5a9c03cd9de52e226d588ae1 -> 8bc97d0abd509f39b67b3a5bbac1b9a1
  custom:scripting/monoscript/fileName/VisualStudioCodiumInstallation.cs: 8ee758ce837648e8a493211c15ac775a -> 
  custom:scripting/precompiled-assembly-types:Unity.Cursor.Editor: c4135f52e7ee32dfaf93d3e70b9c4e0a -> 
  custom:scripting/monoscript/fileName/GUIDProvider.cs: cb8edf978faeabcee864dce1a906a291 -> cdd3f47e4fe593d2dfdf9915fa537e3f
  custom:container-muxer-webm: aa71ff27fc2769a1b78a27578f13a17b -> 
  custom:video-decoder-webm-vp8: 9c59270c3fd7afecdb556c50c9e8de78 -> 
  custom:scripting/monoscript/fileName/MessageEventArgs.cs: 1019688f506e4394820040d9795c0a7d -> 528473bbcee3623fe954627c6bfadd2e
  custom:SearchIndexIgnoredProperties: e643bd26f0fe6173181afceb89e7c659 -> 
  custom:scripting/monoscript/fileName/ProjectProperties.cs: 2d74649e53a223aa9cd860921346e9bd -> 407063898a13eaad2cd100e43551c6b5
  custom:AudioImporter_EditorPlatform: d09bf68614088b80899f8185d706f6e7 -> 
  custom:scripting/monoscript/fileName/UnityInstallation.cs: e77a4cd80130bf9635eda265c59fc585 -> 0ba30d4545f2c34a9323456723b5dbfe
  custom:scripting/precompiled-assembly-types:Unity.VisualScripting.Core.Editor: 1ac958119c4ad755d50390246b13522a -> 39597c0f3a76e24d87d64afa59c5f88d
  custom:scripting/monoscript/fileName/SolutionParser.cs: 28362f3ad5ff471d352dad937c4f46f0 -> 240a75b5fc2682997268aa77e6a1dd86
  custom:scripting/monoscript/fileName/TestAdaptor.cs: 5be3b7fc797cbdb67976ea5fdb904de5 -> 486cec8559bad7c56adc699f165feb67
  custom:scripting/precompiled-assembly-types:UnityEngine.TestRunner: 7a4d96a0696e29157328c6996c3b82c5 -> f5758234275f5346968d00e3b1a1c0e4
  custom:scripting/monoscript/fileName/Discovery.cs: 43295ac1709a058ba3ec01d8585e170c -> 2b1006b9be47307c73378eaafc98b6fb
  custom:scripting/monoscript/fileName/VisualStudioIntegration.cs: f837b233b752d741f76e0990c5fad160 -> f9e623c49f9f20ea97a4519aa48d72d4
  custom:scripting/monoscript/fileName/FileIOProvider.cs: 081176a77b8b51898d4a1d6cfbab48ce -> 304525d180d2b661ce338fc8a3225752
  custom:scripting/monoscript/fileName/SdkStyleProjectGeneration.cs: 0d12ba8b4cce4103aedd4f5c89736364 -> bbd8a39d16aad1a0b8d5240b1f43f4a4
  custom:scripting/monoscript/fileName/Enemy.cs: 13cc614454c9ae28caa24456faa3d7cf -> 
  custom:video-encoder-webm-vp8: eb34c28f22e8b96e1ab97ce403110664 -> 
  custom:audio-decoder-ogg-vorbis: bf7c407c2cedff20999df2af8eb42d56 -> 
  custom:scripting/monoscript/fileName/SolutionProperties.cs: 0b7dbd9dc0e3af7f872e6112fa6f596e -> ab8751e49ae2f3d9994444a0a38619bd
  custom:scripting/monoscript/fileName/TestRunnerApiListener.cs: 9b7ed325f86e08c020c1bdc783d9bb51 -> cc17cec8825a8f933d6ecbd68d51f1de
  custom:scripting/monoscript/fileName/AssemblyNameProvider.cs: 06c09785a9ef49a49b329ed384758248 -> 170b0fd934f78f2e6a09342014bfa1fc
  custom:scripting/monoscript/fileName/Serializer.cs: 44df498e13906e45a2828923a7f89ac6 -> d7df1b97d0a3bd0bb98fd4d2d5bf5d29
  custom:scripting/monoscript/fileName/Message.cs: 3d319f70d9870482a245157c25577c4e -> 671a789acb2c7a93d0b620fe02979957
  custom:scripting/monoscript/fileName/Deserializer.cs: 7a4843246f0d5a1b063e9a6fef778397 -> 1cc72e9ed2428cc6d6ce2d4d2ad7b02b
  custom:scripting/monoscript/fileName/Test.cs: 8289d0398bd9a051035a87365428a0e7 -> 
  custom:audio-encoder-webm-vorbis: bf7c407c2cedff20999df2af8eb42d56 -> 
  custom:scripting/monoscript/fileName/TestRunnerCallbacks.cs: 901a1f98c6fdb76be420d56e91fe540d -> 5627cb9f4ed769fba607b0cab8e9e63d
  custom:scripting/monoscript/fileName/AsyncOperation.cs: 8f6297df34271fdb1ce2d9607ec6261d -> 90647cc400823b41df847a6cbfc29026
  custom:scripting/precompiled-assembly-types:Assembly-CSharp: 21ebfb0f5adf3ec10b439ac8102297a1 -> 
  custom:scripting/monoscript/fileName/UsageUtility.cs: 3f044a4563e8e23515be1e6c9e7e0fc7 -> 5ed3d13206b2b96245ce59a5c83beed1
========================================================================
Received Prepare
Caller must complete domain reload
Begin MonoManager ReloadAssembly
- Loaded All Assemblies, in  0.414 seconds
Native extension for WindowsStandalone target not found
Native extension for WebGL target not found
Mono: successfully reloaded assembly
- Finished resetting the current domain, in  1.007 seconds
Domain Reload Profiling: 1421ms
	BeginReloadAssembly (153ms)
		ExecutionOrderSort (0ms)
		DisableScriptedObjects (6ms)
		BackupInstance (0ms)
		ReleaseScriptingObjects (0ms)
		CreateAndSetChildDomain (27ms)
	RebuildCommonClasses (33ms)
	RebuildNativeTypeToScriptingClass (11ms)
	initialDomainReloadingComplete (25ms)
	LoadAllAssembliesAndSetupDomain (191ms)
		LoadAssemblies (270ms)
		RebuildTransferFunctionScriptingTraits (0ms)
		AnalyzeDomain (13ms)
			TypeCache.Refresh (5ms)
				TypeCache.ScanAssembly (0ms)
			ScanForSourceGeneratedMonoScriptInfo (0ms)
			ResolveRequiredComponents (6ms)
	FinalizeReload (1008ms)
		ReleaseScriptCaches (0ms)
		RebuildScriptCaches (0ms)
		SetupLoadedEditorAssemblies (409ms)
			LogAssemblyErrors (0ms)
			InitializePlatformSupportModulesInManaged (7ms)
			SetLoadedEditorAssemblies (3ms)
			RefreshPlugins (0ms)
			BeforeProcessingInitializeOnLoad (60ms)
			ProcessInitializeOnLoadAttributes (313ms)
			ProcessInitializeOnLoadMethodAttributes (22ms)
			AfterProcessingInitializeOnLoad (2ms)
			EditorAssembliesLoaded (0ms)
		ExecutionOrderSort2 (0ms)
		AwakeInstancesAfterBackupRestoration (11ms)
Refreshing native plugins compatible for Editor in 4.39 ms, found 3 plugins.
Preloading 0 native plugins for Editor in 0.00 ms.
Unloading 3177 Unused Serialized files (Serialized files now loaded: 0)
Unloading 14 unused Assets / (28.6 KB). Loaded Objects now: 3740.
Memory consumption went from 119.1 MB to 119.1 MB.
Total: 2.861800 ms (FindLiveObjects: 0.266200 ms CreateObjectMapping: 0.230600 ms MarkObjects: 2.326400 ms  DeleteObjects: 0.037500 ms)

Prepare: number of updated asset objects reloaded= 0
AssetImportParameters requested are different than current active one (requested -> active):
  custom:scripting/monoscript/fileName/UdpSocket.cs: 5c2b80a042c65f789ef7f3c889fd101f -> 7555d065f81d23e6604acb91cf79ddd6
  custom:scripting/monoscript/fileName/Image.cs: 31ff8141403f4cb357eb7bf7e9ffdaeb -> f32195bbbc1ca9edcb6c8c6185597e40
  custom:scripting/monoscript/fileName/Cli.cs: 3c2ed0c881a657a6a8d1cec2a5d27e18 -> d287e08b50f2cb135aa4d7f8e01b7ef9
  custom:scripting/monoscript/fileName/KnownAssemblies.cs: 5a9878fa8cd33efc58225a4622d3c409 -> 286bea9f8fcee5e392f6fc0f0cd541c8
  custom:scripting/monoscript/fileName/SimpleJSON.cs: 2249b1d8736d53bdbb860984e9900714 -> 70c028a07c79c166db015acda1282d86
  custom:container-demuxer-ogg: 62fdf1f143b41e24485cea50d1cbac27 -> 
  custom:scripting/precompiled-assembly-types:Unity.PlasticSCM.Editor: 72a23a7a65cae48dae511b6579c293e4 -> 7e4e003063ee77e81fbf11080919f8e6
  custom:scripting/monoscript/fileName/SolutionProjectEntry.cs: 2cdbeb47f8763ac80d7836f6135300a9 -> 68cea09e9af09443edf61e18806ac1c2
  custom:scripting/monoscript/fileName/TcpListener.cs: 61afd6a8605bfd0084b595d2a15e8b2e -> 940bfdac0e91ad2884e6359468f2782a
  custom:scripting/monoscript/fileName/TcpClient.cs: 55a65447af3e4d6ecee8fd6d8f8731bd -> a949cfd4c46427829913ee0195fa0103
  custom:video-codec-MediaFoundation-h265: 746d11721c4dcdbdad8f713fa42b33f4 -> 
  custom:scripting/monoscript/fileName/LegacyStyleProjectGeneration.cs: 8aa3d3f0dc4d59c1ad013b88ff81a18d -> 4858a0ab74312ccaa3ff27a510a9d575
  custom:scripting/monoscript/fileName/FileUtility.cs: ce7e1c41f3666e04a20e8ab169333163 -> 2d70b80c72be1fb3b2b89ce0939e8cef
  custom:video-decoder-ogg-theora: a1e56fd34408186e4bbccfd4996cb3dc -> 
  custom:framework-win-MediaFoundation: 216162199b28c13a410421893ffa2e32 -> 
  custom:scripting/monoscript/fileName/VisualStudioCursorInstallation.cs: 95dc478876e6707a7e0d3e4422a08b22 -> 
  custom:scripting/monoscript/fileName/Messenger.cs: e1a29b4f8717764c5ff32215b741de2c -> f4ebc46d09b2b4de489946914db2aae0
  custom:scripting/monoscript/fileName/ProcessRunner.cs: 9913dac524d7fba7e53010bd3e109769 -> 932a2a80cb9a3539199f645deff3c585
  custom:scripting/monoscript/fileName/ExceptionEventArgs.cs: c1fb418063f3fe95153ce19939c50281 -> 27cb4c00a4137b184e01164606c88685
  custom:scripting/monoscript/fileName/ProjectGeneration.cs: 9ecb66398cf426136e1427db129d71bc -> 5d892aecaaa9b5c9f4162e2ae2b374ef
  custom:scripting/monoscript/fileName/GameOverUI.cs: 204dcc333de1c17b944f34fa4337dc40 -> 
  custom:scripting/monoscript/fileName/Symbols.cs: 37055ad381792899bea2e26647ce5ae9 -> 27613575e8bda8a6448f80ff27c488f9
  custom:scripting/monoscript/fileName/VersionPair.cs: 219dda7a75299c084fd265cf8d4d22ac -> 88b4a0b7e953537f26ded0a68cf4c238
  custom:scripting/precompiled-assembly-types:Unity.Timeline.Editor: b4313fba5652ee5a8449f3ec85f31ae4 -> 534d7c71c4dd9147ea00599cede121e1
  custom:CustomObjectIndexerAttribute: 9a22284fe3817be447336de3de66b15e -> 
  custom:scripting/monoscript/fileName/TestResultAdaptor.cs: 9b1d3d6bb50f08d85d0c8ba1d01b312d -> fb4db3971d5379750cda884e7e44e3e4
  custom:scripting/monoscript/fileName/VisualStudioEditor.cs: edffea2b56ff2fcda30202ca00e6de62 -> 21e59f688ad500ab61aca318850ec505
  custom:scripting/monoscript/fileName/VisualStudioInstallation.cs: d9bdf8280241f81cb63321a50b4ad2cb -> 41612f13db7783c8635801ab159c1079
  custom:scripting/monoscript/fileName/GameStartPanel.cs: f9029a7546d6d0a640aa647183643613 -> 
  custom:container-demuxer-webm: 4f35f7cbe854078d1ac9338744f61a02 -> 
  custom:scripting/monoscript/fileName/Solution.cs: 6f57345c5a9c03cd9de52e226d588ae1 -> 8bc97d0abd509f39b67b3a5bbac1b9a1
  custom:scripting/monoscript/fileName/VisualStudioCodiumInstallation.cs: 8ee758ce837648e8a493211c15ac775a -> 
  custom:scripting/precompiled-assembly-types:Unity.Cursor.Editor: c4135f52e7ee32dfaf93d3e70b9c4e0a -> 
  custom:scripting/monoscript/fileName/GUIDProvider.cs: cb8edf978faeabcee864dce1a906a291 -> cdd3f47e4fe593d2dfdf9915fa537e3f
  custom:container-muxer-webm: aa71ff27fc2769a1b78a27578f13a17b -> 
  custom:video-decoder-webm-vp8: 9c59270c3fd7afecdb556c50c9e8de78 -> 
  custom:scripting/monoscript/fileName/MessageEventArgs.cs: 1019688f506e4394820040d9795c0a7d -> 528473bbcee3623fe954627c6bfadd2e
  custom:SearchIndexIgnoredProperties: e643bd26f0fe6173181afceb89e7c659 -> 
  custom:scripting/monoscript/fileName/ProjectProperties.cs: 2d74649e53a223aa9cd860921346e9bd -> 407063898a13eaad2cd100e43551c6b5
  custom:AudioImporter_EditorPlatform: d09bf68614088b80899f8185d706f6e7 -> 
  custom:scripting/monoscript/fileName/UnityInstallation.cs: e77a4cd80130bf9635eda265c59fc585 -> 0ba30d4545f2c34a9323456723b5dbfe
  custom:scripting/precompiled-assembly-types:Unity.VisualScripting.Core.Editor: 1ac958119c4ad755d50390246b13522a -> 39597c0f3a76e24d87d64afa59c5f88d
  custom:scripting/monoscript/fileName/SolutionParser.cs: 28362f3ad5ff471d352dad937c4f46f0 -> 240a75b5fc2682997268aa77e6a1dd86
  custom:scripting/monoscript/fileName/TestAdaptor.cs: 5be3b7fc797cbdb67976ea5fdb904de5 -> 486cec8559bad7c56adc699f165feb67
  custom:scripting/precompiled-assembly-types:UnityEngine.TestRunner: 7a4d96a0696e29157328c6996c3b82c5 -> f5758234275f5346968d00e3b1a1c0e4
  custom:scripting/monoscript/fileName/Discovery.cs: 43295ac1709a058ba3ec01d8585e170c -> 2b1006b9be47307c73378eaafc98b6fb
  custom:scripting/monoscript/fileName/VisualStudioIntegration.cs: f837b233b752d741f76e0990c5fad160 -> f9e623c49f9f20ea97a4519aa48d72d4
  custom:scripting/monoscript/fileName/FileIOProvider.cs: 081176a77b8b51898d4a1d6cfbab48ce -> 304525d180d2b661ce338fc8a3225752
  custom:scripting/monoscript/fileName/SdkStyleProjectGeneration.cs: 0d12ba8b4cce4103aedd4f5c89736364 -> bbd8a39d16aad1a0b8d5240b1f43f4a4
  custom:scripting/monoscript/fileName/Enemy.cs: 13cc614454c9ae28caa24456faa3d7cf -> 
  custom:video-encoder-webm-vp8: eb34c28f22e8b96e1ab97ce403110664 -> 
  custom:audio-decoder-ogg-vorbis: bf7c407c2cedff20999df2af8eb42d56 -> 
  custom:scripting/monoscript/fileName/SolutionProperties.cs: 0b7dbd9dc0e3af7f872e6112fa6f596e -> ab8751e49ae2f3d9994444a0a38619bd
  custom:scripting/monoscript/fileName/TestRunnerApiListener.cs: 9b7ed325f86e08c020c1bdc783d9bb51 -> cc17cec8825a8f933d6ecbd68d51f1de
  custom:scripting/monoscript/fileName/AssemblyNameProvider.cs: 06c09785a9ef49a49b329ed384758248 -> 170b0fd934f78f2e6a09342014bfa1fc
  custom:scripting/monoscript/fileName/Serializer.cs: 44df498e13906e45a2828923a7f89ac6 -> d7df1b97d0a3bd0bb98fd4d2d5bf5d29
  custom:scripting/monoscript/fileName/Message.cs: 3d319f70d9870482a245157c25577c4e -> 671a789acb2c7a93d0b620fe02979957
  custom:scripting/monoscript/fileName/Deserializer.cs: 7a4843246f0d5a1b063e9a6fef778397 -> 1cc72e9ed2428cc6d6ce2d4d2ad7b02b
  custom:scripting/monoscript/fileName/Test.cs: 8289d0398bd9a051035a87365428a0e7 -> 
  custom:audio-encoder-webm-vorbis: bf7c407c2cedff20999df2af8eb42d56 -> 
  custom:scripting/monoscript/fileName/TestRunnerCallbacks.cs: 901a1f98c6fdb76be420d56e91fe540d -> 5627cb9f4ed769fba607b0cab8e9e63d
  custom:scripting/monoscript/fileName/AsyncOperation.cs: 8f6297df34271fdb1ce2d9607ec6261d -> 90647cc400823b41df847a6cbfc29026
  custom:scripting/precompiled-assembly-types:Assembly-CSharp: 21ebfb0f5adf3ec10b439ac8102297a1 -> 
  custom:scripting/monoscript/fileName/UsageUtility.cs: 3f044a4563e8e23515be1e6c9e7e0fc7 -> 5ed3d13206b2b96245ce59a5c83beed1
========================================================================
Received Prepare
Caller must complete domain reload
Begin MonoManager ReloadAssembly
- Loaded All Assemblies, in  0.487 seconds
Native extension for WindowsStandalone target not found
Native extension for WebGL target not found
Mono: successfully reloaded assembly
- Finished resetting the current domain, in  1.088 seconds
Domain Reload Profiling: 1575ms
	BeginReloadAssembly (164ms)
		ExecutionOrderSort (0ms)
		DisableScriptedObjects (6ms)
		BackupInstance (0ms)
		ReleaseScriptingObjects (0ms)
		CreateAndSetChildDomain (30ms)
	RebuildCommonClasses (36ms)
	RebuildNativeTypeToScriptingClass (11ms)
	initialDomainReloadingComplete (29ms)
	LoadAllAssembliesAndSetupDomain (246ms)
		LoadAssemblies (311ms)
		RebuildTransferFunctionScriptingTraits (0ms)
		AnalyzeDomain (32ms)
			TypeCache.Refresh (14ms)
				TypeCache.ScanAssembly (0ms)
			ScanForSourceGeneratedMonoScriptInfo (11ms)
			ResolveRequiredComponents (6ms)
	FinalizeReload (1089ms)
		ReleaseScriptCaches (0ms)
		RebuildScriptCaches (0ms)
		SetupLoadedEditorAssemblies (380ms)
			LogAssemblyErrors (0ms)
			InitializePlatformSupportModulesInManaged (6ms)
			SetLoadedEditorAssemblies (4ms)
			RefreshPlugins (0ms)
			BeforeProcessingInitializeOnLoad (52ms)
			ProcessInitializeOnLoadAttributes (296ms)
			ProcessInitializeOnLoadMethodAttributes (20ms)
			AfterProcessingInitializeOnLoad (3ms)
			EditorAssembliesLoaded (0ms)
		ExecutionOrderSort2 (0ms)
		AwakeInstancesAfterBackupRestoration (10ms)
Refreshing native plugins compatible for Editor in 4.27 ms, found 3 plugins.
Preloading 0 native plugins for Editor in 0.00 ms.
Unloading 3177 Unused Serialized files (Serialized files now loaded: 0)
Unloading 14 unused Assets / (28.5 KB). Loaded Objects now: 3743.
Memory consumption went from 119.1 MB to 119.1 MB.
Total: 3.549000 ms (FindLiveObjects: 0.242900 ms CreateObjectMapping: 0.172500 ms MarkObjects: 3.090800 ms  DeleteObjects: 0.041700 ms)

Prepare: number of updated asset objects reloaded= 0
AssetImportParameters requested are different than current active one (requested -> active):
  custom:scripting/monoscript/fileName/UdpSocket.cs: 5c2b80a042c65f789ef7f3c889fd101f -> 7555d065f81d23e6604acb91cf79ddd6
  custom:scripting/monoscript/fileName/Image.cs: 31ff8141403f4cb357eb7bf7e9ffdaeb -> f32195bbbc1ca9edcb6c8c6185597e40
  custom:scripting/monoscript/fileName/Cli.cs: 3c2ed0c881a657a6a8d1cec2a5d27e18 -> d287e08b50f2cb135aa4d7f8e01b7ef9
  custom:scripting/monoscript/fileName/KnownAssemblies.cs: 5a9878fa8cd33efc58225a4622d3c409 -> 286bea9f8fcee5e392f6fc0f0cd541c8
  custom:scripting/monoscript/fileName/SimpleJSON.cs: 2249b1d8736d53bdbb860984e9900714 -> 70c028a07c79c166db015acda1282d86
  custom:container-demuxer-ogg: 62fdf1f143b41e24485cea50d1cbac27 -> 
  custom:scripting/precompiled-assembly-types:Unity.PlasticSCM.Editor: 72a23a7a65cae48dae511b6579c293e4 -> 7e4e003063ee77e81fbf11080919f8e6
  custom:scripting/monoscript/fileName/SolutionProjectEntry.cs: 2cdbeb47f8763ac80d7836f6135300a9 -> 68cea09e9af09443edf61e18806ac1c2
  custom:scripting/monoscript/fileName/TcpListener.cs: 61afd6a8605bfd0084b595d2a15e8b2e -> 940bfdac0e91ad2884e6359468f2782a
  custom:scripting/monoscript/fileName/TcpClient.cs: 55a65447af3e4d6ecee8fd6d8f8731bd -> a949cfd4c46427829913ee0195fa0103
  custom:video-codec-MediaFoundation-h265: 746d11721c4dcdbdad8f713fa42b33f4 -> 
  custom:scripting/monoscript/fileName/LegacyStyleProjectGeneration.cs: 8aa3d3f0dc4d59c1ad013b88ff81a18d -> 4858a0ab74312ccaa3ff27a510a9d575
  custom:scripting/monoscript/fileName/FileUtility.cs: ce7e1c41f3666e04a20e8ab169333163 -> 2d70b80c72be1fb3b2b89ce0939e8cef
  custom:video-decoder-ogg-theora: a1e56fd34408186e4bbccfd4996cb3dc -> 
  custom:framework-win-MediaFoundation: 216162199b28c13a410421893ffa2e32 -> 
  custom:scripting/monoscript/fileName/VisualStudioCursorInstallation.cs: 95dc478876e6707a7e0d3e4422a08b22 -> 
  custom:scripting/monoscript/fileName/Messenger.cs: e1a29b4f8717764c5ff32215b741de2c -> f4ebc46d09b2b4de489946914db2aae0
  custom:scripting/monoscript/fileName/ProcessRunner.cs: 9913dac524d7fba7e53010bd3e109769 -> 932a2a80cb9a3539199f645deff3c585
  custom:scripting/monoscript/fileName/ExceptionEventArgs.cs: c1fb418063f3fe95153ce19939c50281 -> 27cb4c00a4137b184e01164606c88685
  custom:scripting/monoscript/fileName/ProjectGeneration.cs: 9ecb66398cf426136e1427db129d71bc -> 5d892aecaaa9b5c9f4162e2ae2b374ef
  custom:scripting/monoscript/fileName/GameOverUI.cs: 204dcc333de1c17b944f34fa4337dc40 -> 
  custom:scripting/monoscript/fileName/Symbols.cs: 37055ad381792899bea2e26647ce5ae9 -> 27613575e8bda8a6448f80ff27c488f9
  custom:scripting/monoscript/fileName/VersionPair.cs: 219dda7a75299c084fd265cf8d4d22ac -> 88b4a0b7e953537f26ded0a68cf4c238
  custom:scripting/precompiled-assembly-types:Unity.Timeline.Editor: b4313fba5652ee5a8449f3ec85f31ae4 -> 534d7c71c4dd9147ea00599cede121e1
  custom:CustomObjectIndexerAttribute: 9a22284fe3817be447336de3de66b15e -> 
  custom:scripting/monoscript/fileName/TestResultAdaptor.cs: 9b1d3d6bb50f08d85d0c8ba1d01b312d -> fb4db3971d5379750cda884e7e44e3e4
  custom:scripting/monoscript/fileName/VisualStudioEditor.cs: edffea2b56ff2fcda30202ca00e6de62 -> 21e59f688ad500ab61aca318850ec505
  custom:scripting/monoscript/fileName/VisualStudioInstallation.cs: d9bdf8280241f81cb63321a50b4ad2cb -> 41612f13db7783c8635801ab159c1079
  custom:scripting/monoscript/fileName/GameStartPanel.cs: f9029a7546d6d0a640aa647183643613 -> 
  custom:container-demuxer-webm: 4f35f7cbe854078d1ac9338744f61a02 -> 
  custom:scripting/monoscript/fileName/Solution.cs: 6f57345c5a9c03cd9de52e226d588ae1 -> 8bc97d0abd509f39b67b3a5bbac1b9a1
  custom:scripting/monoscript/fileName/VisualStudioCodiumInstallation.cs: 8ee758ce837648e8a493211c15ac775a -> 
  custom:scripting/precompiled-assembly-types:Unity.Cursor.Editor: c4135f52e7ee32dfaf93d3e70b9c4e0a -> 
  custom:scripting/monoscript/fileName/GUIDProvider.cs: cb8edf978faeabcee864dce1a906a291 -> cdd3f47e4fe593d2dfdf9915fa537e3f
  custom:container-muxer-webm: aa71ff27fc2769a1b78a27578f13a17b -> 
  custom:video-decoder-webm-vp8: 9c59270c3fd7afecdb556c50c9e8de78 -> 
  custom:scripting/monoscript/fileName/MessageEventArgs.cs: 1019688f506e4394820040d9795c0a7d -> 528473bbcee3623fe954627c6bfadd2e
  custom:SearchIndexIgnoredProperties: e643bd26f0fe6173181afceb89e7c659 -> 
  custom:scripting/monoscript/fileName/ProjectProperties.cs: 2d74649e53a223aa9cd860921346e9bd -> 407063898a13eaad2cd100e43551c6b5
  custom:AudioImporter_EditorPlatform: d09bf68614088b80899f8185d706f6e7 -> 
  custom:scripting/monoscript/fileName/UnityInstallation.cs: e77a4cd80130bf9635eda265c59fc585 -> 0ba30d4545f2c34a9323456723b5dbfe
  custom:scripting/precompiled-assembly-types:Unity.VisualScripting.Core.Editor: 1ac958119c4ad755d50390246b13522a -> 39597c0f3a76e24d87d64afa59c5f88d
  custom:scripting/monoscript/fileName/SolutionParser.cs: 28362f3ad5ff471d352dad937c4f46f0 -> 240a75b5fc2682997268aa77e6a1dd86
  custom:scripting/monoscript/fileName/TestAdaptor.cs: 5be3b7fc797cbdb67976ea5fdb904de5 -> 486cec8559bad7c56adc699f165feb67
  custom:scripting/precompiled-assembly-types:UnityEngine.TestRunner: 7a4d96a0696e29157328c6996c3b82c5 -> f5758234275f5346968d00e3b1a1c0e4
  custom:scripting/monoscript/fileName/Discovery.cs: 43295ac1709a058ba3ec01d8585e170c -> 2b1006b9be47307c73378eaafc98b6fb
  custom:scripting/monoscript/fileName/VisualStudioIntegration.cs: f837b233b752d741f76e0990c5fad160 -> f9e623c49f9f20ea97a4519aa48d72d4
  custom:scripting/monoscript/fileName/FileIOProvider.cs: 081176a77b8b51898d4a1d6cfbab48ce -> 304525d180d2b661ce338fc8a3225752
  custom:scripting/monoscript/fileName/SdkStyleProjectGeneration.cs: 0d12ba8b4cce4103aedd4f5c89736364 -> bbd8a39d16aad1a0b8d5240b1f43f4a4
  custom:scripting/monoscript/fileName/Enemy.cs: 13cc614454c9ae28caa24456faa3d7cf -> 
  custom:video-encoder-webm-vp8: eb34c28f22e8b96e1ab97ce403110664 -> 
  custom:audio-decoder-ogg-vorbis: bf7c407c2cedff20999df2af8eb42d56 -> 
  custom:scripting/monoscript/fileName/SolutionProperties.cs: 0b7dbd9dc0e3af7f872e6112fa6f596e -> ab8751e49ae2f3d9994444a0a38619bd
  custom:scripting/monoscript/fileName/TestRunnerApiListener.cs: 9b7ed325f86e08c020c1bdc783d9bb51 -> cc17cec8825a8f933d6ecbd68d51f1de
  custom:scripting/monoscript/fileName/AssemblyNameProvider.cs: 06c09785a9ef49a49b329ed384758248 -> 170b0fd934f78f2e6a09342014bfa1fc
  custom:scripting/monoscript/fileName/Serializer.cs: 44df498e13906e45a2828923a7f89ac6 -> d7df1b97d0a3bd0bb98fd4d2d5bf5d29
  custom:scripting/monoscript/fileName/Message.cs: 3d319f70d9870482a245157c25577c4e -> 671a789acb2c7a93d0b620fe02979957
  custom:scripting/monoscript/fileName/Deserializer.cs: 7a4843246f0d5a1b063e9a6fef778397 -> 1cc72e9ed2428cc6d6ce2d4d2ad7b02b
  custom:scripting/monoscript/fileName/Test.cs: 8289d0398bd9a051035a87365428a0e7 -> 
  custom:audio-encoder-webm-vorbis: bf7c407c2cedff20999df2af8eb42d56 -> 
  custom:scripting/monoscript/fileName/TestRunnerCallbacks.cs: 901a1f98c6fdb76be420d56e91fe540d -> 5627cb9f4ed769fba607b0cab8e9e63d
  custom:scripting/monoscript/fileName/AsyncOperation.cs: 8f6297df34271fdb1ce2d9607ec6261d -> 90647cc400823b41df847a6cbfc29026
  custom:scripting/precompiled-assembly-types:Assembly-CSharp: 21ebfb0f5adf3ec10b439ac8102297a1 -> 
  custom:scripting/monoscript/fileName/UsageUtility.cs: 3f044a4563e8e23515be1e6c9e7e0fc7 -> 5ed3d13206b2b96245ce59a5c83beed1
