Using pre-set license
Built from '2022.3/china_unity/release' branch; Version is '2022.3.55f1c1 (06b99830297d) revision 440728'; Using compiler version '192829333'; Build Type 'Release'
OS: 'Windows 11  (10.0.22631) 64bit Professional' Language: 'zh' Physical Memory: 32542 MB
BatchMode: 1, IsHumanControllingUs: 0, StartBugReporterOnCrash: 0, Is64bit: 1, IsPro: 1

COMMAND LINE ARGUMENTS:
C:\Program Files\Unity\Hub\Editor\2022.3.55f1c1\Editor\Unity.exe
-adb2
-batchMode
-noUpm
-name
AssetImportWorker0
-projectPath
D:/UnityWork/PointPointPoint/PointPointPoint/Point
-logFile
Logs/AssetImportWorker0.log
-srvPort
64148
Successfully changed project path to: D:/UnityWork/PointPointPoint/PointPointPoint/Point
D:/UnityWork/PointPointPoint/PointPointPoint/Point
[UnityMemory] Configuration Parameters - Can be set up in boot.config
    "memorysetup-bucket-allocator-granularity=16"
    "memorysetup-bucket-allocator-bucket-count=8"
    "memorysetup-bucket-allocator-block-size=33554432"
    "memorysetup-bucket-allocator-block-count=8"
    "memorysetup-main-allocator-block-size=16777216"
    "memorysetup-thread-allocator-block-size=16777216"
    "memorysetup-gfx-main-allocator-block-size=16777216"
    "memorysetup-gfx-thread-allocator-block-size=16777216"
    "memorysetup-cache-allocator-block-size=4194304"
    "memorysetup-typetree-allocator-block-size=2097152"
    "memorysetup-profiler-bucket-allocator-granularity=16"
    "memorysetup-profiler-bucket-allocator-bucket-count=8"
    "memorysetup-profiler-bucket-allocator-block-size=33554432"
    "memorysetup-profiler-bucket-allocator-block-count=8"
    "memorysetup-profiler-allocator-block-size=16777216"
    "memorysetup-profiler-editor-allocator-block-size=1048576"
    "memorysetup-temp-allocator-size-main=16777216"
    "memorysetup-job-temp-allocator-block-size=2097152"
    "memorysetup-job-temp-allocator-block-size-background=1048576"
    "memorysetup-job-temp-allocator-reduction-small-platforms=262144"
    "memorysetup-allocator-temp-initial-block-size-main=262144"
    "memorysetup-allocator-temp-initial-block-size-worker=262144"
    "memorysetup-temp-allocator-size-background-worker=32768"
    "memorysetup-temp-allocator-size-job-worker=262144"
    "memorysetup-temp-allocator-size-preload-manager=33554432"
    "memorysetup-temp-allocator-size-nav-mesh-worker=65536"
    "memorysetup-temp-allocator-size-audio-worker=65536"
    "memorysetup-temp-allocator-size-cloud-worker=32768"
    "memorysetup-temp-allocator-size-gi-baking-worker=262144"
    "memorysetup-temp-allocator-size-gfx=262144"
Player connection [41552]  Target information:

Player connection [41552]  * "[IP] 10.98.246.23 [Port] 0 [Flags] 2 [Guid] 849179602 [EditorId] 849179602 [Version] 1048832 [Id] WindowsEditor(7,V_ZRAYCHEN-PCO8) [Debug] 1 [PackageName] WindowsEditor [ProjectName] Editor" 

Player connection [41552]  * "[IP] 192.168.255.10 [Port] 0 [Flags] 2 [Guid] 849179602 [EditorId] 849179602 [Version] 1048832 [Id] WindowsEditor(7,V_ZRAYCHEN-PCO8) [Debug] 1 [PackageName] WindowsEditor [ProjectName] Editor" 

Player connection [41552] Host joined multi-casting on [225.0.0.222:54997]...
Player connection [41552] Host joined alternative multi-casting on [225.0.0.222:34997]...
[PhysX] Initialized MultithreadedTaskDispatcher with 8 workers.
Refreshing native plugins compatible for Editor in 8.62 ms, found 3 plugins.
Preloading 0 native plugins for Editor in 0.00 ms.
Initialize engine version: 2022.3.55f1c1 (06b99830297d)
[Subsystems] Discovering subsystems at path C:/Program Files/Unity/Hub/Editor/2022.3.55f1c1/Editor/Data/Resources/UnitySubsystems
[Subsystems] Discovering subsystems at path D:/UnityWork/PointPointPoint/PointPointPoint/Point/Assets
GfxDevice: creating device client; threaded=0; jobified=0
Direct3D:
    Version:  Direct3D 11.0 [level 11.1]
    Renderer: NVIDIA GeForce RTX 2060 (ID=0x1f08)
    Vendor:   NVIDIA
    VRAM:     5955 MB
    Driver:   32.0.15.5635
Initialize mono
Mono path[0] = 'C:/Program Files/Unity/Hub/Editor/2022.3.55f1c1/Editor/Data/Managed'
Mono path[1] = 'C:/Program Files/Unity/Hub/Editor/2022.3.55f1c1/Editor/Data/MonoBleedingEdge/lib/mono/unityjit-win32'
Mono config path = 'C:/Program Files/Unity/Hub/Editor/2022.3.55f1c1/Editor/Data/MonoBleedingEdge/etc'
Using monoOptions --debugger-agent=transport=dt_socket,embedding=1,server=y,suspend=n,address=127.0.0.1:56696
Begin MonoManager ReloadAssembly
Registering precompiled unity dll's ...
Register platform support module: C:/Program Files/Unity/Hub/Editor/2022.3.55f1c1/Editor/Data/PlaybackEngines/WebGLSupport/UnityEditor.WebGL.Extensions.dll
Register platform support module: C:/Program Files/Unity/Hub/Editor/2022.3.55f1c1/Editor/Data/PlaybackEngines/WindowsStandaloneSupport/UnityEditor.WindowsStandalone.Extensions.dll
Registered in 0.005232 seconds.
- Loaded All Assemblies, in  0.404 seconds
Native extension for WindowsStandalone target not found
Native extension for WebGL target not found
Mono: successfully reloaded assembly
- Finished resetting the current domain, in  0.299 seconds
Domain Reload Profiling: 704ms
	BeginReloadAssembly (120ms)
		ExecutionOrderSort (0ms)
		DisableScriptedObjects (0ms)
		BackupInstance (0ms)
		ReleaseScriptingObjects (0ms)
		CreateAndSetChildDomain (1ms)
	RebuildCommonClasses (46ms)
	RebuildNativeTypeToScriptingClass (13ms)
	initialDomainReloadingComplete (58ms)
	LoadAllAssembliesAndSetupDomain (168ms)
		LoadAssemblies (120ms)
		RebuildTransferFunctionScriptingTraits (0ms)
		AnalyzeDomain (165ms)
			TypeCache.Refresh (164ms)
				TypeCache.ScanAssembly (150ms)
			ScanForSourceGeneratedMonoScriptInfo (0ms)
			ResolveRequiredComponents (0ms)
	FinalizeReload (300ms)
		ReleaseScriptCaches (0ms)
		RebuildScriptCaches (0ms)
		SetupLoadedEditorAssemblies (252ms)
			LogAssemblyErrors (0ms)
			InitializePlatformSupportModulesInManaged (10ms)
			SetLoadedEditorAssemblies (5ms)
			RefreshPlugins (0ms)
			BeforeProcessingInitializeOnLoad (2ms)
			ProcessInitializeOnLoadAttributes (175ms)
			ProcessInitializeOnLoadMethodAttributes (60ms)
			AfterProcessingInitializeOnLoad (0ms)
			EditorAssembliesLoaded (0ms)
		ExecutionOrderSort2 (0ms)
		AwakeInstancesAfterBackupRestoration (0ms)
========================================================================
Worker process is ready to serve import requests
Caller must complete domain reload
Begin MonoManager ReloadAssembly
- Loaded All Assemblies, in  0.680 seconds
Native extension for WindowsStandalone target not found
Native extension for WebGL target not found
Mono: successfully reloaded assembly
- Finished resetting the current domain, in  0.621 seconds
Domain Reload Profiling: 1301ms
	BeginReloadAssembly (159ms)
		ExecutionOrderSort (0ms)
		DisableScriptedObjects (5ms)
		BackupInstance (0ms)
		ReleaseScriptingObjects (0ms)
		CreateAndSetChildDomain (21ms)
	RebuildCommonClasses (36ms)
	RebuildNativeTypeToScriptingClass (12ms)
	initialDomainReloadingComplete (39ms)
	LoadAllAssembliesAndSetupDomain (432ms)
		LoadAssemblies (336ms)
		RebuildTransferFunctionScriptingTraits (0ms)
		AnalyzeDomain (194ms)
			TypeCache.Refresh (172ms)
				TypeCache.ScanAssembly (157ms)
			ScanForSourceGeneratedMonoScriptInfo (15ms)
			ResolveRequiredComponents (5ms)
	FinalizeReload (622ms)
		ReleaseScriptCaches (0ms)
		RebuildScriptCaches (0ms)
		SetupLoadedEditorAssemblies (457ms)
			LogAssemblyErrors (0ms)
			InitializePlatformSupportModulesInManaged (7ms)
			SetLoadedEditorAssemblies (3ms)
			RefreshPlugins (0ms)
			BeforeProcessingInitializeOnLoad (59ms)
			ProcessInitializeOnLoadAttributes (361ms)
			ProcessInitializeOnLoadMethodAttributes (23ms)
			AfterProcessingInitializeOnLoad (3ms)
			EditorAssembliesLoaded (0ms)
		ExecutionOrderSort2 (0ms)
		AwakeInstancesAfterBackupRestoration (10ms)
Launched and connected shader compiler UnityShaderCompiler.exe after 0.07 seconds
Refreshing native plugins compatible for Editor in 3.96 ms, found 3 plugins.
Preloading 0 native plugins for Editor in 0.00 ms.
Unloading 3135 Unused Serialized files (Serialized files now loaded: 0)
Unloading 19 unused Assets / (54.5 KB). Loaded Objects now: 3601.
Memory consumption went from 118.9 MB to 118.9 MB.
Total: 2.757600 ms (FindLiveObjects: 0.273900 ms CreateObjectMapping: 0.292300 ms MarkObjects: 2.109800 ms  DeleteObjects: 0.080700 ms)

AssetImportParameters requested are different than current active one (requested -> active):
  custom:container-demuxer-ogg: 62fdf1f143b41e24485cea50d1cbac27 -> 
  custom:video-codec-MediaFoundation-h265: 746d11721c4dcdbdad8f713fa42b33f4 -> 
  custom:video-decoder-ogg-theora: a1e56fd34408186e4bbccfd4996cb3dc -> 
  custom:framework-win-MediaFoundation: 216162199b28c13a410421893ffa2e32 -> 
  custom:CustomObjectIndexerAttribute: 9a22284fe3817be447336de3de66b15e -> 
  custom:container-demuxer-webm: 4f35f7cbe854078d1ac9338744f61a02 -> 
  custom:container-muxer-webm: aa71ff27fc2769a1b78a27578f13a17b -> 
  custom:video-decoder-webm-vp8: 9c59270c3fd7afecdb556c50c9e8de78 -> 
  custom:SearchIndexIgnoredProperties: e643bd26f0fe6173181afceb89e7c659 -> 
  custom:AudioImporter_EditorPlatform: d09bf68614088b80899f8185d706f6e7 -> 
  custom:video-encoder-webm-vp8: eb34c28f22e8b96e1ab97ce403110664 -> 
  custom:audio-decoder-ogg-vorbis: bf7c407c2cedff20999df2af8eb42d56 -> 
  custom:audio-encoder-webm-vorbis: bf7c407c2cedff20999df2af8eb42d56 -> 
========================================================================
Received Import Request.
  Time since last request: 203162.488248 seconds.
  path: Assets/Scenes/SampleScene.unity
  artifactKey: Guid(9fc0d4010bbf28b4594072e72b8655ab) Importer(2089858483,0ecaa5967403d082aa24f35e1b516d23)
Start importing Assets/Scenes/SampleScene.unity using Guid(9fc0d4010bbf28b4594072e72b8655ab) Importer(2089858483,0ecaa5967403d082aa24f35e1b516d23) [PhysX] Initialized MultithreadedTaskDispatcher with 8 workers.
 -> (artifact id: 'e1a4dbd2d271a4cb954f435455c9a867') in 0.085202 seconds
Number of updated asset objects reloaded before import = 0
Number of asset objects unloaded after import = 1
========================================================================
Received Prepare
Caller must complete domain reload
Begin MonoManager ReloadAssembly
- Loaded All Assemblies, in  0.486 seconds
Native extension for WindowsStandalone target not found
Native extension for WebGL target not found
Mono: successfully reloaded assembly
- Finished resetting the current domain, in  3.883 seconds
Domain Reload Profiling: 4369ms
	BeginReloadAssembly (186ms)
		ExecutionOrderSort (0ms)
		DisableScriptedObjects (6ms)
		BackupInstance (0ms)
		ReleaseScriptingObjects (0ms)
		CreateAndSetChildDomain (35ms)
	RebuildCommonClasses (36ms)
	RebuildNativeTypeToScriptingClass (12ms)
	initialDomainReloadingComplete (26ms)
	LoadAllAssembliesAndSetupDomain (225ms)
		LoadAssemblies (294ms)
		RebuildTransferFunctionScriptingTraits (0ms)
		AnalyzeDomain (25ms)
			TypeCache.Refresh (10ms)
				TypeCache.ScanAssembly (1ms)
			ScanForSourceGeneratedMonoScriptInfo (7ms)
			ResolveRequiredComponents (7ms)
	FinalizeReload (3883ms)
		ReleaseScriptCaches (0ms)
		RebuildScriptCaches (0ms)
		SetupLoadedEditorAssemblies (394ms)
			LogAssemblyErrors (0ms)
			InitializePlatformSupportModulesInManaged (7ms)
			SetLoadedEditorAssemblies (3ms)
			RefreshPlugins (0ms)
			BeforeProcessingInitializeOnLoad (57ms)
			ProcessInitializeOnLoadAttributes (298ms)
			ProcessInitializeOnLoadMethodAttributes (25ms)
			AfterProcessingInitializeOnLoad (4ms)
			EditorAssembliesLoaded (0ms)
		ExecutionOrderSort2 (0ms)
		AwakeInstancesAfterBackupRestoration (20ms)
Refreshing native plugins compatible for Editor in 4.86 ms, found 3 plugins.
Preloading 0 native plugins for Editor in 0.00 ms.
Unloading 3172 Unused Serialized files (Serialized files now loaded: 0)
Unloading 14 unused Assets / (28.5 KB). Loaded Objects now: 3649.
Memory consumption went from 118.7 MB to 118.6 MB.
Total: 2.785900 ms (FindLiveObjects: 0.346000 ms CreateObjectMapping: 0.255500 ms MarkObjects: 2.146300 ms  DeleteObjects: 0.037200 ms)

Prepare: number of updated asset objects reloaded= 0
AssetImportParameters requested are different than current active one (requested -> active):
  custom:scripting/monoscript/fileName/UdpSocket.cs: 5c2b80a042c65f789ef7f3c889fd101f -> 7555d065f81d23e6604acb91cf79ddd6
  custom:scripting/monoscript/fileName/Image.cs: 31ff8141403f4cb357eb7bf7e9ffdaeb -> f32195bbbc1ca9edcb6c8c6185597e40
  custom:scripting/monoscript/fileName/Cli.cs: 3c2ed0c881a657a6a8d1cec2a5d27e18 -> d287e08b50f2cb135aa4d7f8e01b7ef9
  custom:scripting/monoscript/fileName/KnownAssemblies.cs: 5a9878fa8cd33efc58225a4622d3c409 -> 286bea9f8fcee5e392f6fc0f0cd541c8
  custom:scripting/monoscript/fileName/SimpleJSON.cs: 2249b1d8736d53bdbb860984e9900714 -> 70c028a07c79c166db015acda1282d86
  custom:container-demuxer-ogg: 62fdf1f143b41e24485cea50d1cbac27 -> 
  custom:scripting/monoscript/fileName/SolutionProjectEntry.cs: 2cdbeb47f8763ac80d7836f6135300a9 -> 68cea09e9af09443edf61e18806ac1c2
  custom:scripting/monoscript/fileName/TcpListener.cs: 61afd6a8605bfd0084b595d2a15e8b2e -> 940bfdac0e91ad2884e6359468f2782a
  custom:scripting/monoscript/fileName/TcpClient.cs: 55a65447af3e4d6ecee8fd6d8f8731bd -> a949cfd4c46427829913ee0195fa0103
  custom:video-codec-MediaFoundation-h265: 746d11721c4dcdbdad8f713fa42b33f4 -> 
  custom:scripting/monoscript/fileName/LegacyStyleProjectGeneration.cs: 8aa3d3f0dc4d59c1ad013b88ff81a18d -> 4858a0ab74312ccaa3ff27a510a9d575
  custom:scripting/monoscript/fileName/FileUtility.cs: ce7e1c41f3666e04a20e8ab169333163 -> 2d70b80c72be1fb3b2b89ce0939e8cef
  custom:video-decoder-ogg-theora: a1e56fd34408186e4bbccfd4996cb3dc -> 
  custom:framework-win-MediaFoundation: 216162199b28c13a410421893ffa2e32 -> 
  custom:scripting/monoscript/fileName/VisualStudioCursorInstallation.cs: 95dc478876e6707a7e0d3e4422a08b22 -> 
  custom:scripting/monoscript/fileName/Messenger.cs: e1a29b4f8717764c5ff32215b741de2c -> f4ebc46d09b2b4de489946914db2aae0
  custom:scripting/monoscript/fileName/ProcessRunner.cs: 9913dac524d7fba7e53010bd3e109769 -> 932a2a80cb9a3539199f645deff3c585
  custom:scripting/monoscript/fileName/ExceptionEventArgs.cs: c1fb418063f3fe95153ce19939c50281 -> 27cb4c00a4137b184e01164606c88685
  custom:scripting/monoscript/fileName/ProjectGeneration.cs: 9ecb66398cf426136e1427db129d71bc -> 5d892aecaaa9b5c9f4162e2ae2b374ef
  custom:scripting/monoscript/fileName/Symbols.cs: 37055ad381792899bea2e26647ce5ae9 -> 27613575e8bda8a6448f80ff27c488f9
  custom:scripting/monoscript/fileName/VersionPair.cs: 219dda7a75299c084fd265cf8d4d22ac -> 88b4a0b7e953537f26ded0a68cf4c238
  custom:CustomObjectIndexerAttribute: 9a22284fe3817be447336de3de66b15e -> 
  custom:scripting/monoscript/fileName/TestResultAdaptor.cs: 9b1d3d6bb50f08d85d0c8ba1d01b312d -> fb4db3971d5379750cda884e7e44e3e4
  custom:scripting/monoscript/fileName/VisualStudioEditor.cs: edffea2b56ff2fcda30202ca00e6de62 -> 21e59f688ad500ab61aca318850ec505
  custom:scripting/monoscript/fileName/VisualStudioInstallation.cs: d9bdf8280241f81cb63321a50b4ad2cb -> 41612f13db7783c8635801ab159c1079
  custom:container-demuxer-webm: 4f35f7cbe854078d1ac9338744f61a02 -> 
  custom:scripting/monoscript/fileName/Solution.cs: 6f57345c5a9c03cd9de52e226d588ae1 -> 8bc97d0abd509f39b67b3a5bbac1b9a1
  custom:scripting/monoscript/fileName/VisualStudioCodiumInstallation.cs: 8ee758ce837648e8a493211c15ac775a -> 
  custom:scripting/precompiled-assembly-types:Unity.Cursor.Editor: c4135f52e7ee32dfaf93d3e70b9c4e0a -> 
  custom:scripting/monoscript/fileName/GUIDProvider.cs: cb8edf978faeabcee864dce1a906a291 -> cdd3f47e4fe593d2dfdf9915fa537e3f
  custom:container-muxer-webm: aa71ff27fc2769a1b78a27578f13a17b -> 
  custom:video-decoder-webm-vp8: 9c59270c3fd7afecdb556c50c9e8de78 -> 
  custom:scripting/monoscript/fileName/MessageEventArgs.cs: 1019688f506e4394820040d9795c0a7d -> 528473bbcee3623fe954627c6bfadd2e
  custom:SearchIndexIgnoredProperties: e643bd26f0fe6173181afceb89e7c659 -> 
  custom:scripting/monoscript/fileName/ProjectProperties.cs: 2d74649e53a223aa9cd860921346e9bd -> 407063898a13eaad2cd100e43551c6b5
  custom:AudioImporter_EditorPlatform: d09bf68614088b80899f8185d706f6e7 -> 
  custom:scripting/monoscript/fileName/UnityInstallation.cs: e77a4cd80130bf9635eda265c59fc585 -> 0ba30d4545f2c34a9323456723b5dbfe
  custom:scripting/monoscript/fileName/SolutionParser.cs: 28362f3ad5ff471d352dad937c4f46f0 -> 240a75b5fc2682997268aa77e6a1dd86
  custom:scripting/monoscript/fileName/TestAdaptor.cs: 5be3b7fc797cbdb67976ea5fdb904de5 -> 486cec8559bad7c56adc699f165feb67
  custom:scripting/monoscript/fileName/Discovery.cs: 43295ac1709a058ba3ec01d8585e170c -> 2b1006b9be47307c73378eaafc98b6fb
  custom:scripting/monoscript/fileName/VisualStudioIntegration.cs: f837b233b752d741f76e0990c5fad160 -> f9e623c49f9f20ea97a4519aa48d72d4
  custom:scripting/monoscript/fileName/FileIOProvider.cs: 081176a77b8b51898d4a1d6cfbab48ce -> 304525d180d2b661ce338fc8a3225752
  custom:scripting/monoscript/fileName/SdkStyleProjectGeneration.cs: 0d12ba8b4cce4103aedd4f5c89736364 -> bbd8a39d16aad1a0b8d5240b1f43f4a4
  custom:video-encoder-webm-vp8: eb34c28f22e8b96e1ab97ce403110664 -> 
  custom:audio-decoder-ogg-vorbis: bf7c407c2cedff20999df2af8eb42d56 -> 
  custom:scripting/monoscript/fileName/SolutionProperties.cs: 0b7dbd9dc0e3af7f872e6112fa6f596e -> ab8751e49ae2f3d9994444a0a38619bd
  custom:scripting/monoscript/fileName/TestRunnerApiListener.cs: 9b7ed325f86e08c020c1bdc783d9bb51 -> cc17cec8825a8f933d6ecbd68d51f1de
  custom:scripting/monoscript/fileName/AssemblyNameProvider.cs: 06c09785a9ef49a49b329ed384758248 -> 170b0fd934f78f2e6a09342014bfa1fc
  custom:scripting/monoscript/fileName/Serializer.cs: 44df498e13906e45a2828923a7f89ac6 -> d7df1b97d0a3bd0bb98fd4d2d5bf5d29
  custom:scripting/monoscript/fileName/Message.cs: 3d319f70d9870482a245157c25577c4e -> 671a789acb2c7a93d0b620fe02979957
  custom:scripting/monoscript/fileName/Deserializer.cs: 7a4843246f0d5a1b063e9a6fef778397 -> 1cc72e9ed2428cc6d6ce2d4d2ad7b02b
  custom:audio-encoder-webm-vorbis: bf7c407c2cedff20999df2af8eb42d56 -> 
  custom:scripting/monoscript/fileName/TestRunnerCallbacks.cs: 901a1f98c6fdb76be420d56e91fe540d -> 5627cb9f4ed769fba607b0cab8e9e63d
  custom:scripting/monoscript/fileName/AsyncOperation.cs: 8f6297df34271fdb1ce2d9607ec6261d -> 90647cc400823b41df847a6cbfc29026
  custom:scripting/monoscript/fileName/UsageUtility.cs: 3f044a4563e8e23515be1e6c9e7e0fc7 -> 5ed3d13206b2b96245ce59a5c83beed1
========================================================================
Received Import Request.
  Time since last request: 172.602777 seconds.
  path: Assets
  artifactKey: Guid(00000000000000001000000000000000) Importer(815301076,1909f56bfc062723c751e8b465ee728b)
Start importing Assets using Guid(00000000000000001000000000000000) Importer(815301076,1909f56bfc062723c751e8b465ee728b) [PhysX] Initialized MultithreadedTaskDispatcher with 8 workers.
 -> (artifact id: 'ae5280ad91af67e2a353905758f96678') in 0.006916 seconds
Number of updated asset objects reloaded before import = 0
Number of asset objects unloaded after import = 0
========================================================================
Received Import Request.
  Time since last request: 4.343026 seconds.
  path: Assets/Scripts
  artifactKey: Guid(77aef56860856584c824e93254078241) Importer(815301076,1909f56bfc062723c751e8b465ee728b)
Start importing Assets/Scripts using Guid(77aef56860856584c824e93254078241) Importer(815301076,1909f56bfc062723c751e8b465ee728b) [PhysX] Initialized MultithreadedTaskDispatcher with 8 workers.
 -> (artifact id: 'e22a0f0c31b54fea2c0f23d2d0a64c1b') in 0.001873 seconds
Number of updated asset objects reloaded before import = 0
Number of asset objects unloaded after import = 0
========================================================================
Received Import Request.
  Time since last request: 9.200705 seconds.
  path: Assets/Scripts/Test.cs
  artifactKey: Guid(fe8d753cae8a06648a12c5813b17b4bf) Importer(815301076,1909f56bfc062723c751e8b465ee728b)
Start importing Assets/Scripts/Test.cs using Guid(fe8d753cae8a06648a12c5813b17b4bf) Importer(815301076,1909f56bfc062723c751e8b465ee728b) [PhysX] Initialized MultithreadedTaskDispatcher with 8 workers.
 -> (artifact id: 'ef5ea94e79462faf1eac7e0eb2454dd2') in 0.000657 seconds
Number of updated asset objects reloaded before import = 0
Number of asset objects unloaded after import = 0
========================================================================
Received Prepare
Caller must complete domain reload
Begin MonoManager ReloadAssembly
- Loaded All Assemblies, in  1.341 seconds
Native extension for WindowsStandalone target not found
Native extension for WebGL target not found
Mono: successfully reloaded assembly
- Finished resetting the current domain, in  1.949 seconds
Domain Reload Profiling: 3290ms
	BeginReloadAssembly (638ms)
		ExecutionOrderSort (0ms)
		DisableScriptedObjects (16ms)
		BackupInstance (0ms)
		ReleaseScriptingObjects (0ms)
		CreateAndSetChildDomain (68ms)
	RebuildCommonClasses (100ms)
	RebuildNativeTypeToScriptingClass (27ms)
	initialDomainReloadingComplete (101ms)
	LoadAllAssembliesAndSetupDomain (473ms)
		LoadAssemblies (924ms)
		RebuildTransferFunctionScriptingTraits (0ms)
		AnalyzeDomain (40ms)
			TypeCache.Refresh (13ms)
				TypeCache.ScanAssembly (0ms)
			ScanForSourceGeneratedMonoScriptInfo (13ms)
			ResolveRequiredComponents (13ms)
	FinalizeReload (1950ms)
		ReleaseScriptCaches (0ms)
		RebuildScriptCaches (0ms)
		SetupLoadedEditorAssemblies (805ms)
			LogAssemblyErrors (0ms)
			InitializePlatformSupportModulesInManaged (10ms)
			SetLoadedEditorAssemblies (6ms)
			RefreshPlugins (0ms)
			BeforeProcessingInitializeOnLoad (153ms)
			ProcessInitializeOnLoadAttributes (555ms)
			ProcessInitializeOnLoadMethodAttributes (73ms)
			AfterProcessingInitializeOnLoad (7ms)
			EditorAssembliesLoaded (0ms)
		ExecutionOrderSort2 (0ms)
		AwakeInstancesAfterBackupRestoration (17ms)
Refreshing native plugins compatible for Editor in 4.75 ms, found 3 plugins.
Preloading 0 native plugins for Editor in 0.00 ms.
Unloading 3173 Unused Serialized files (Serialized files now loaded: 0)
Unloading 14 unused Assets / (28.5 KB). Loaded Objects now: 3653.
Memory consumption went from 118.7 MB to 118.7 MB.
Total: 3.887400 ms (FindLiveObjects: 0.288200 ms CreateObjectMapping: 0.232800 ms MarkObjects: 3.315300 ms  DeleteObjects: 0.049900 ms)

Prepare: number of updated asset objects reloaded= 0
AssetImportParameters requested are different than current active one (requested -> active):
  custom:scripting/monoscript/fileName/UdpSocket.cs: 5c2b80a042c65f789ef7f3c889fd101f -> 7555d065f81d23e6604acb91cf79ddd6
  custom:scripting/monoscript/fileName/Image.cs: 31ff8141403f4cb357eb7bf7e9ffdaeb -> f32195bbbc1ca9edcb6c8c6185597e40
  custom:scripting/monoscript/fileName/Cli.cs: 3c2ed0c881a657a6a8d1cec2a5d27e18 -> d287e08b50f2cb135aa4d7f8e01b7ef9
  custom:scripting/monoscript/fileName/KnownAssemblies.cs: 5a9878fa8cd33efc58225a4622d3c409 -> 286bea9f8fcee5e392f6fc0f0cd541c8
  custom:scripting/monoscript/fileName/SimpleJSON.cs: 2249b1d8736d53bdbb860984e9900714 -> 70c028a07c79c166db015acda1282d86
  custom:container-demuxer-ogg: 62fdf1f143b41e24485cea50d1cbac27 -> 
  custom:scripting/monoscript/fileName/SolutionProjectEntry.cs: 2cdbeb47f8763ac80d7836f6135300a9 -> 68cea09e9af09443edf61e18806ac1c2
  custom:scripting/monoscript/fileName/TcpListener.cs: 61afd6a8605bfd0084b595d2a15e8b2e -> 940bfdac0e91ad2884e6359468f2782a
  custom:scripting/monoscript/fileName/TcpClient.cs: 55a65447af3e4d6ecee8fd6d8f8731bd -> a949cfd4c46427829913ee0195fa0103
  custom:video-codec-MediaFoundation-h265: 746d11721c4dcdbdad8f713fa42b33f4 -> 
  custom:scripting/monoscript/fileName/LegacyStyleProjectGeneration.cs: 8aa3d3f0dc4d59c1ad013b88ff81a18d -> 4858a0ab74312ccaa3ff27a510a9d575
  custom:scripting/monoscript/fileName/FileUtility.cs: ce7e1c41f3666e04a20e8ab169333163 -> 2d70b80c72be1fb3b2b89ce0939e8cef
  custom:video-decoder-ogg-theora: a1e56fd34408186e4bbccfd4996cb3dc -> 
  custom:framework-win-MediaFoundation: 216162199b28c13a410421893ffa2e32 -> 
  custom:scripting/monoscript/fileName/VisualStudioCursorInstallation.cs: 95dc478876e6707a7e0d3e4422a08b22 -> 
  custom:scripting/monoscript/fileName/Messenger.cs: e1a29b4f8717764c5ff32215b741de2c -> f4ebc46d09b2b4de489946914db2aae0
  custom:scripting/monoscript/fileName/ProcessRunner.cs: 9913dac524d7fba7e53010bd3e109769 -> 932a2a80cb9a3539199f645deff3c585
  custom:scripting/monoscript/fileName/ExceptionEventArgs.cs: c1fb418063f3fe95153ce19939c50281 -> 27cb4c00a4137b184e01164606c88685
  custom:scripting/monoscript/fileName/ProjectGeneration.cs: 9ecb66398cf426136e1427db129d71bc -> 5d892aecaaa9b5c9f4162e2ae2b374ef
  custom:scripting/monoscript/fileName/Symbols.cs: 37055ad381792899bea2e26647ce5ae9 -> 27613575e8bda8a6448f80ff27c488f9
  custom:scripting/monoscript/fileName/VersionPair.cs: 219dda7a75299c084fd265cf8d4d22ac -> 88b4a0b7e953537f26ded0a68cf4c238
  custom:CustomObjectIndexerAttribute: 9a22284fe3817be447336de3de66b15e -> 
  custom:scripting/monoscript/fileName/TestResultAdaptor.cs: 9b1d3d6bb50f08d85d0c8ba1d01b312d -> fb4db3971d5379750cda884e7e44e3e4
  custom:scripting/monoscript/fileName/VisualStudioEditor.cs: edffea2b56ff2fcda30202ca00e6de62 -> 21e59f688ad500ab61aca318850ec505
  custom:scripting/monoscript/fileName/VisualStudioInstallation.cs: d9bdf8280241f81cb63321a50b4ad2cb -> 41612f13db7783c8635801ab159c1079
  custom:container-demuxer-webm: 4f35f7cbe854078d1ac9338744f61a02 -> 
  custom:scripting/monoscript/fileName/Solution.cs: 6f57345c5a9c03cd9de52e226d588ae1 -> 8bc97d0abd509f39b67b3a5bbac1b9a1
  custom:scripting/monoscript/fileName/VisualStudioCodiumInstallation.cs: 8ee758ce837648e8a493211c15ac775a -> 
  custom:scripting/precompiled-assembly-types:Unity.Cursor.Editor: c4135f52e7ee32dfaf93d3e70b9c4e0a -> 
  custom:scripting/monoscript/fileName/GUIDProvider.cs: cb8edf978faeabcee864dce1a906a291 -> cdd3f47e4fe593d2dfdf9915fa537e3f
  custom:container-muxer-webm: aa71ff27fc2769a1b78a27578f13a17b -> 
  custom:video-decoder-webm-vp8: 9c59270c3fd7afecdb556c50c9e8de78 -> 
  custom:scripting/monoscript/fileName/MessageEventArgs.cs: 1019688f506e4394820040d9795c0a7d -> 528473bbcee3623fe954627c6bfadd2e
  custom:SearchIndexIgnoredProperties: e643bd26f0fe6173181afceb89e7c659 -> 
  custom:scripting/monoscript/fileName/ProjectProperties.cs: 2d74649e53a223aa9cd860921346e9bd -> 407063898a13eaad2cd100e43551c6b5
  custom:AudioImporter_EditorPlatform: d09bf68614088b80899f8185d706f6e7 -> 
  custom:scripting/monoscript/fileName/UnityInstallation.cs: e77a4cd80130bf9635eda265c59fc585 -> 0ba30d4545f2c34a9323456723b5dbfe
  custom:scripting/monoscript/fileName/SolutionParser.cs: 28362f3ad5ff471d352dad937c4f46f0 -> 240a75b5fc2682997268aa77e6a1dd86
  custom:scripting/monoscript/fileName/TestAdaptor.cs: 5be3b7fc797cbdb67976ea5fdb904de5 -> 486cec8559bad7c56adc699f165feb67
  custom:scripting/monoscript/fileName/Discovery.cs: 43295ac1709a058ba3ec01d8585e170c -> 2b1006b9be47307c73378eaafc98b6fb
  custom:scripting/monoscript/fileName/VisualStudioIntegration.cs: f837b233b752d741f76e0990c5fad160 -> f9e623c49f9f20ea97a4519aa48d72d4
  custom:scripting/monoscript/fileName/FileIOProvider.cs: 081176a77b8b51898d4a1d6cfbab48ce -> 304525d180d2b661ce338fc8a3225752
  custom:scripting/monoscript/fileName/SdkStyleProjectGeneration.cs: 0d12ba8b4cce4103aedd4f5c89736364 -> bbd8a39d16aad1a0b8d5240b1f43f4a4
  custom:video-encoder-webm-vp8: eb34c28f22e8b96e1ab97ce403110664 -> 
  custom:audio-decoder-ogg-vorbis: bf7c407c2cedff20999df2af8eb42d56 -> 
  custom:scripting/monoscript/fileName/SolutionProperties.cs: 0b7dbd9dc0e3af7f872e6112fa6f596e -> ab8751e49ae2f3d9994444a0a38619bd
  custom:scripting/monoscript/fileName/TestRunnerApiListener.cs: 9b7ed325f86e08c020c1bdc783d9bb51 -> cc17cec8825a8f933d6ecbd68d51f1de
  custom:scripting/monoscript/fileName/AssemblyNameProvider.cs: 06c09785a9ef49a49b329ed384758248 -> 170b0fd934f78f2e6a09342014bfa1fc
  custom:scripting/monoscript/fileName/Serializer.cs: 44df498e13906e45a2828923a7f89ac6 -> d7df1b97d0a3bd0bb98fd4d2d5bf5d29
  custom:scripting/monoscript/fileName/Message.cs: 3d319f70d9870482a245157c25577c4e -> 671a789acb2c7a93d0b620fe02979957
  custom:scripting/monoscript/fileName/Deserializer.cs: 7a4843246f0d5a1b063e9a6fef778397 -> 1cc72e9ed2428cc6d6ce2d4d2ad7b02b
  custom:scripting/monoscript/fileName/Test.cs: 8289d0398bd9a051035a87365428a0e7 -> 
  custom:audio-encoder-webm-vorbis: bf7c407c2cedff20999df2af8eb42d56 -> 
  custom:scripting/monoscript/fileName/TestRunnerCallbacks.cs: 901a1f98c6fdb76be420d56e91fe540d -> 5627cb9f4ed769fba607b0cab8e9e63d
  custom:scripting/monoscript/fileName/AsyncOperation.cs: 8f6297df34271fdb1ce2d9607ec6261d -> 90647cc400823b41df847a6cbfc29026
  custom:scripting/precompiled-assembly-types:Assembly-CSharp: cad87785f746702e2b4f6866c3aeaa28 -> 
  custom:scripting/monoscript/fileName/UsageUtility.cs: 3f044a4563e8e23515be1e6c9e7e0fc7 -> 5ed3d13206b2b96245ce59a5c83beed1
========================================================================
Received Import Request.
  Time since last request: 11.941799 seconds.
  path: Assets/Scripts/Test.cs
  artifactKey: Guid(fe8d753cae8a06648a12c5813b17b4bf) Importer(815301076,1909f56bfc062723c751e8b465ee728b)
Start importing Assets/Scripts/Test.cs using Guid(fe8d753cae8a06648a12c5813b17b4bf) Importer(815301076,1909f56bfc062723c751e8b465ee728b) [PhysX] Initialized MultithreadedTaskDispatcher with 8 workers.
 -> (artifact id: '450af91dce3b4da3f5cf66193b9b8dfc') in 0.002037 seconds
Number of updated asset objects reloaded before import = 0
Number of asset objects unloaded after import = 0
========================================================================
Received Prepare
Caller must complete domain reload
Begin MonoManager ReloadAssembly
- Loaded All Assemblies, in  0.659 seconds
Native extension for WindowsStandalone target not found
Native extension for WebGL target not found
Mono: successfully reloaded assembly
- Finished resetting the current domain, in  1.244 seconds
Domain Reload Profiling: 1903ms
	BeginReloadAssembly (266ms)
		ExecutionOrderSort (0ms)
		DisableScriptedObjects (6ms)
		BackupInstance (0ms)
		ReleaseScriptingObjects (0ms)
		CreateAndSetChildDomain (49ms)
	RebuildCommonClasses (43ms)
	RebuildNativeTypeToScriptingClass (13ms)
	initialDomainReloadingComplete (31ms)
	LoadAllAssembliesAndSetupDomain (305ms)
		LoadAssemblies (375ms)
		RebuildTransferFunctionScriptingTraits (0ms)
		AnalyzeDomain (104ms)
			TypeCache.Refresh (82ms)
				TypeCache.ScanAssembly (71ms)
			ScanForSourceGeneratedMonoScriptInfo (15ms)
			ResolveRequiredComponents (5ms)
	FinalizeReload (1244ms)
		ReleaseScriptCaches (0ms)
		RebuildScriptCaches (0ms)
		SetupLoadedEditorAssemblies (458ms)
			LogAssemblyErrors (0ms)
			InitializePlatformSupportModulesInManaged (9ms)
			SetLoadedEditorAssemblies (4ms)
			RefreshPlugins (0ms)
			BeforeProcessingInitializeOnLoad (54ms)
			ProcessInitializeOnLoadAttributes (322ms)
			ProcessInitializeOnLoadMethodAttributes (56ms)
			AfterProcessingInitializeOnLoad (11ms)
			EditorAssembliesLoaded (3ms)
		ExecutionOrderSort2 (0ms)
		AwakeInstancesAfterBackupRestoration (43ms)
Refreshing native plugins compatible for Editor in 3.95 ms, found 3 plugins.
Preloading 0 native plugins for Editor in 0.00 ms.
Unloading 3173 Unused Serialized files (Serialized files now loaded: 0)
Unloading 14 unused Assets / (28.5 KB). Loaded Objects now: 3656.
Memory consumption went from 118.7 MB to 118.7 MB.
Total: 2.448700 ms (FindLiveObjects: 0.230000 ms CreateObjectMapping: 0.168700 ms MarkObjects: 2.016500 ms  DeleteObjects: 0.032800 ms)

Prepare: number of updated asset objects reloaded= 0
AssetImportParameters requested are different than current active one (requested -> active):
  custom:scripting/monoscript/fileName/UdpSocket.cs: 5c2b80a042c65f789ef7f3c889fd101f -> 7555d065f81d23e6604acb91cf79ddd6
  custom:scripting/monoscript/fileName/Image.cs: 31ff8141403f4cb357eb7bf7e9ffdaeb -> f32195bbbc1ca9edcb6c8c6185597e40
  custom:scripting/monoscript/fileName/Cli.cs: 3c2ed0c881a657a6a8d1cec2a5d27e18 -> d287e08b50f2cb135aa4d7f8e01b7ef9
  custom:scripting/monoscript/fileName/KnownAssemblies.cs: 5a9878fa8cd33efc58225a4622d3c409 -> 286bea9f8fcee5e392f6fc0f0cd541c8
  custom:scripting/monoscript/fileName/SimpleJSON.cs: 2249b1d8736d53bdbb860984e9900714 -> 70c028a07c79c166db015acda1282d86
  custom:container-demuxer-ogg: 62fdf1f143b41e24485cea50d1cbac27 -> 
  custom:scripting/precompiled-assembly-types:Unity.PlasticSCM.Editor: 72a23a7a65cae48dae511b6579c293e4 -> 7e4e003063ee77e81fbf11080919f8e6
  custom:scripting/monoscript/fileName/SolutionProjectEntry.cs: 2cdbeb47f8763ac80d7836f6135300a9 -> 68cea09e9af09443edf61e18806ac1c2
  custom:scripting/monoscript/fileName/TcpListener.cs: 61afd6a8605bfd0084b595d2a15e8b2e -> 940bfdac0e91ad2884e6359468f2782a
  custom:scripting/monoscript/fileName/TcpClient.cs: 55a65447af3e4d6ecee8fd6d8f8731bd -> a949cfd4c46427829913ee0195fa0103
  custom:video-codec-MediaFoundation-h265: 746d11721c4dcdbdad8f713fa42b33f4 -> 
  custom:scripting/monoscript/fileName/LegacyStyleProjectGeneration.cs: 8aa3d3f0dc4d59c1ad013b88ff81a18d -> 4858a0ab74312ccaa3ff27a510a9d575
  custom:scripting/monoscript/fileName/FileUtility.cs: ce7e1c41f3666e04a20e8ab169333163 -> 2d70b80c72be1fb3b2b89ce0939e8cef
  custom:video-decoder-ogg-theora: a1e56fd34408186e4bbccfd4996cb3dc -> 
  custom:framework-win-MediaFoundation: 216162199b28c13a410421893ffa2e32 -> 
  custom:scripting/monoscript/fileName/VisualStudioCursorInstallation.cs: 95dc478876e6707a7e0d3e4422a08b22 -> 
  custom:scripting/monoscript/fileName/Messenger.cs: e1a29b4f8717764c5ff32215b741de2c -> f4ebc46d09b2b4de489946914db2aae0
  custom:scripting/monoscript/fileName/ProcessRunner.cs: 9913dac524d7fba7e53010bd3e109769 -> 932a2a80cb9a3539199f645deff3c585
  custom:scripting/monoscript/fileName/ExceptionEventArgs.cs: c1fb418063f3fe95153ce19939c50281 -> 27cb4c00a4137b184e01164606c88685
  custom:scripting/monoscript/fileName/ProjectGeneration.cs: 9ecb66398cf426136e1427db129d71bc -> 5d892aecaaa9b5c9f4162e2ae2b374ef
  custom:scripting/monoscript/fileName/Symbols.cs: 37055ad381792899bea2e26647ce5ae9 -> 27613575e8bda8a6448f80ff27c488f9
  custom:scripting/monoscript/fileName/VersionPair.cs: 219dda7a75299c084fd265cf8d4d22ac -> 88b4a0b7e953537f26ded0a68cf4c238
  custom:scripting/precompiled-assembly-types:Unity.Timeline.Editor: b4313fba5652ee5a8449f3ec85f31ae4 -> 534d7c71c4dd9147ea00599cede121e1
  custom:CustomObjectIndexerAttribute: 9a22284fe3817be447336de3de66b15e -> 
  custom:scripting/monoscript/fileName/TestResultAdaptor.cs: 9b1d3d6bb50f08d85d0c8ba1d01b312d -> fb4db3971d5379750cda884e7e44e3e4
  custom:scripting/monoscript/fileName/VisualStudioEditor.cs: edffea2b56ff2fcda30202ca00e6de62 -> 21e59f688ad500ab61aca318850ec505
  custom:scripting/monoscript/fileName/VisualStudioInstallation.cs: d9bdf8280241f81cb63321a50b4ad2cb -> 41612f13db7783c8635801ab159c1079
  custom:container-demuxer-webm: 4f35f7cbe854078d1ac9338744f61a02 -> 
  custom:scripting/monoscript/fileName/Solution.cs: 6f57345c5a9c03cd9de52e226d588ae1 -> 8bc97d0abd509f39b67b3a5bbac1b9a1
  custom:scripting/monoscript/fileName/VisualStudioCodiumInstallation.cs: 8ee758ce837648e8a493211c15ac775a -> 
  custom:scripting/precompiled-assembly-types:Unity.Cursor.Editor: c4135f52e7ee32dfaf93d3e70b9c4e0a -> 
  custom:scripting/monoscript/fileName/GUIDProvider.cs: cb8edf978faeabcee864dce1a906a291 -> cdd3f47e4fe593d2dfdf9915fa537e3f
  custom:container-muxer-webm: aa71ff27fc2769a1b78a27578f13a17b -> 
  custom:video-decoder-webm-vp8: 9c59270c3fd7afecdb556c50c9e8de78 -> 
  custom:scripting/monoscript/fileName/MessageEventArgs.cs: 1019688f506e4394820040d9795c0a7d -> 528473bbcee3623fe954627c6bfadd2e
  custom:SearchIndexIgnoredProperties: e643bd26f0fe6173181afceb89e7c659 -> 
  custom:scripting/monoscript/fileName/ProjectProperties.cs: 2d74649e53a223aa9cd860921346e9bd -> 407063898a13eaad2cd100e43551c6b5
  custom:AudioImporter_EditorPlatform: d09bf68614088b80899f8185d706f6e7 -> 
  custom:scripting/monoscript/fileName/UnityInstallation.cs: e77a4cd80130bf9635eda265c59fc585 -> 0ba30d4545f2c34a9323456723b5dbfe
  custom:scripting/precompiled-assembly-types:Unity.VisualScripting.Core.Editor: 1ac958119c4ad755d50390246b13522a -> 39597c0f3a76e24d87d64afa59c5f88d
  custom:scripting/monoscript/fileName/SolutionParser.cs: 28362f3ad5ff471d352dad937c4f46f0 -> 240a75b5fc2682997268aa77e6a1dd86
  custom:scripting/monoscript/fileName/TestAdaptor.cs: 5be3b7fc797cbdb67976ea5fdb904de5 -> 486cec8559bad7c56adc699f165feb67
  custom:scripting/precompiled-assembly-types:UnityEngine.TestRunner: 7a4d96a0696e29157328c6996c3b82c5 -> f5758234275f5346968d00e3b1a1c0e4
  custom:scripting/monoscript/fileName/Discovery.cs: 43295ac1709a058ba3ec01d8585e170c -> 2b1006b9be47307c73378eaafc98b6fb
  custom:scripting/monoscript/fileName/VisualStudioIntegration.cs: f837b233b752d741f76e0990c5fad160 -> f9e623c49f9f20ea97a4519aa48d72d4
  custom:scripting/monoscript/fileName/FileIOProvider.cs: 081176a77b8b51898d4a1d6cfbab48ce -> 304525d180d2b661ce338fc8a3225752
  custom:scripting/monoscript/fileName/SdkStyleProjectGeneration.cs: 0d12ba8b4cce4103aedd4f5c89736364 -> bbd8a39d16aad1a0b8d5240b1f43f4a4
  custom:video-encoder-webm-vp8: eb34c28f22e8b96e1ab97ce403110664 -> 
  custom:audio-decoder-ogg-vorbis: bf7c407c2cedff20999df2af8eb42d56 -> 
  custom:scripting/monoscript/fileName/SolutionProperties.cs: 0b7dbd9dc0e3af7f872e6112fa6f596e -> ab8751e49ae2f3d9994444a0a38619bd
  custom:scripting/monoscript/fileName/TestRunnerApiListener.cs: 9b7ed325f86e08c020c1bdc783d9bb51 -> cc17cec8825a8f933d6ecbd68d51f1de
  custom:scripting/monoscript/fileName/AssemblyNameProvider.cs: 06c09785a9ef49a49b329ed384758248 -> 170b0fd934f78f2e6a09342014bfa1fc
  custom:scripting/monoscript/fileName/Serializer.cs: 44df498e13906e45a2828923a7f89ac6 -> d7df1b97d0a3bd0bb98fd4d2d5bf5d29
  custom:scripting/monoscript/fileName/Message.cs: 3d319f70d9870482a245157c25577c4e -> 671a789acb2c7a93d0b620fe02979957
  custom:scripting/monoscript/fileName/Deserializer.cs: 7a4843246f0d5a1b063e9a6fef778397 -> 1cc72e9ed2428cc6d6ce2d4d2ad7b02b
  custom:scripting/monoscript/fileName/Test.cs: 8289d0398bd9a051035a87365428a0e7 -> 
  custom:audio-encoder-webm-vorbis: bf7c407c2cedff20999df2af8eb42d56 -> 
  custom:scripting/monoscript/fileName/TestRunnerCallbacks.cs: 901a1f98c6fdb76be420d56e91fe540d -> 5627cb9f4ed769fba607b0cab8e9e63d
  custom:scripting/monoscript/fileName/AsyncOperation.cs: 8f6297df34271fdb1ce2d9607ec6261d -> 90647cc400823b41df847a6cbfc29026
  custom:scripting/precompiled-assembly-types:Assembly-CSharp: cad87785f746702e2b4f6866c3aeaa28 -> 
  custom:scripting/monoscript/fileName/UsageUtility.cs: 3f044a4563e8e23515be1e6c9e7e0fc7 -> 5ed3d13206b2b96245ce59a5c83beed1
========================================================================
Received Prepare
Caller must complete domain reload
Begin MonoManager ReloadAssembly
- Loaded All Assemblies, in  0.451 seconds
Native extension for WindowsStandalone target not found
Native extension for WebGL target not found
Mono: successfully reloaded assembly
- Finished resetting the current domain, in  1.015 seconds
Domain Reload Profiling: 1466ms
	BeginReloadAssembly (170ms)
		ExecutionOrderSort (0ms)
		DisableScriptedObjects (9ms)
		BackupInstance (0ms)
		ReleaseScriptingObjects (0ms)
		CreateAndSetChildDomain (30ms)
	RebuildCommonClasses (37ms)
	RebuildNativeTypeToScriptingClass (13ms)
	initialDomainReloadingComplete (28ms)
	LoadAllAssembliesAndSetupDomain (203ms)
		LoadAssemblies (289ms)
		RebuildTransferFunctionScriptingTraits (0ms)
		AnalyzeDomain (15ms)
			TypeCache.Refresh (8ms)
				TypeCache.ScanAssembly (0ms)
			ScanForSourceGeneratedMonoScriptInfo (0ms)
			ResolveRequiredComponents (6ms)
	FinalizeReload (1015ms)
		ReleaseScriptCaches (0ms)
		RebuildScriptCaches (0ms)
		SetupLoadedEditorAssemblies (418ms)
			LogAssemblyErrors (0ms)
			InitializePlatformSupportModulesInManaged (8ms)
			SetLoadedEditorAssemblies (4ms)
			RefreshPlugins (0ms)
			BeforeProcessingInitializeOnLoad (64ms)
			ProcessInitializeOnLoadAttributes (315ms)
			ProcessInitializeOnLoadMethodAttributes (23ms)
			AfterProcessingInitializeOnLoad (3ms)
			EditorAssembliesLoaded (0ms)
		ExecutionOrderSort2 (0ms)
		AwakeInstancesAfterBackupRestoration (14ms)
Refreshing native plugins compatible for Editor in 4.05 ms, found 3 plugins.
Preloading 0 native plugins for Editor in 0.00 ms.
Unloading 3174 Unused Serialized files (Serialized files now loaded: 0)
Unloading 14 unused Assets / (28.5 KB). Loaded Objects now: 3659.
Memory consumption went from 119.0 MB to 119.0 MB.
Total: 3.502300 ms (FindLiveObjects: 1.057300 ms CreateObjectMapping: 0.276400 ms MarkObjects: 2.120600 ms  DeleteObjects: 0.047100 ms)

Prepare: number of updated asset objects reloaded= 0
AssetImportParameters requested are different than current active one (requested -> active):
  custom:scripting/monoscript/fileName/UdpSocket.cs: 5c2b80a042c65f789ef7f3c889fd101f -> 7555d065f81d23e6604acb91cf79ddd6
  custom:scripting/monoscript/fileName/Image.cs: 31ff8141403f4cb357eb7bf7e9ffdaeb -> f32195bbbc1ca9edcb6c8c6185597e40
  custom:scripting/monoscript/fileName/Cli.cs: 3c2ed0c881a657a6a8d1cec2a5d27e18 -> d287e08b50f2cb135aa4d7f8e01b7ef9
  custom:scripting/monoscript/fileName/KnownAssemblies.cs: 5a9878fa8cd33efc58225a4622d3c409 -> 286bea9f8fcee5e392f6fc0f0cd541c8
  custom:scripting/monoscript/fileName/SimpleJSON.cs: 2249b1d8736d53bdbb860984e9900714 -> 70c028a07c79c166db015acda1282d86
  custom:container-demuxer-ogg: 62fdf1f143b41e24485cea50d1cbac27 -> 
  custom:scripting/precompiled-assembly-types:Unity.PlasticSCM.Editor: 72a23a7a65cae48dae511b6579c293e4 -> 7e4e003063ee77e81fbf11080919f8e6
  custom:scripting/monoscript/fileName/SolutionProjectEntry.cs: 2cdbeb47f8763ac80d7836f6135300a9 -> 68cea09e9af09443edf61e18806ac1c2
  custom:scripting/monoscript/fileName/TcpListener.cs: 61afd6a8605bfd0084b595d2a15e8b2e -> 940bfdac0e91ad2884e6359468f2782a
  custom:scripting/monoscript/fileName/TcpClient.cs: 55a65447af3e4d6ecee8fd6d8f8731bd -> a949cfd4c46427829913ee0195fa0103
  custom:video-codec-MediaFoundation-h265: 746d11721c4dcdbdad8f713fa42b33f4 -> 
  custom:scripting/monoscript/fileName/LegacyStyleProjectGeneration.cs: 8aa3d3f0dc4d59c1ad013b88ff81a18d -> 4858a0ab74312ccaa3ff27a510a9d575
  custom:scripting/monoscript/fileName/FileUtility.cs: ce7e1c41f3666e04a20e8ab169333163 -> 2d70b80c72be1fb3b2b89ce0939e8cef
  custom:video-decoder-ogg-theora: a1e56fd34408186e4bbccfd4996cb3dc -> 
  custom:framework-win-MediaFoundation: 216162199b28c13a410421893ffa2e32 -> 
  custom:scripting/monoscript/fileName/VisualStudioCursorInstallation.cs: 95dc478876e6707a7e0d3e4422a08b22 -> 
  custom:scripting/monoscript/fileName/Messenger.cs: e1a29b4f8717764c5ff32215b741de2c -> f4ebc46d09b2b4de489946914db2aae0
  custom:scripting/monoscript/fileName/ProcessRunner.cs: 9913dac524d7fba7e53010bd3e109769 -> 932a2a80cb9a3539199f645deff3c585
  custom:scripting/monoscript/fileName/ExceptionEventArgs.cs: c1fb418063f3fe95153ce19939c50281 -> 27cb4c00a4137b184e01164606c88685
  custom:scripting/monoscript/fileName/ProjectGeneration.cs: 9ecb66398cf426136e1427db129d71bc -> 5d892aecaaa9b5c9f4162e2ae2b374ef
  custom:scripting/monoscript/fileName/Symbols.cs: 37055ad381792899bea2e26647ce5ae9 -> 27613575e8bda8a6448f80ff27c488f9
  custom:scripting/monoscript/fileName/VersionPair.cs: 219dda7a75299c084fd265cf8d4d22ac -> 88b4a0b7e953537f26ded0a68cf4c238
  custom:scripting/precompiled-assembly-types:Unity.Timeline.Editor: b4313fba5652ee5a8449f3ec85f31ae4 -> 534d7c71c4dd9147ea00599cede121e1
  custom:CustomObjectIndexerAttribute: 9a22284fe3817be447336de3de66b15e -> 
  custom:scripting/monoscript/fileName/TestResultAdaptor.cs: 9b1d3d6bb50f08d85d0c8ba1d01b312d -> fb4db3971d5379750cda884e7e44e3e4
  custom:scripting/monoscript/fileName/VisualStudioEditor.cs: edffea2b56ff2fcda30202ca00e6de62 -> 21e59f688ad500ab61aca318850ec505
  custom:scripting/monoscript/fileName/VisualStudioInstallation.cs: d9bdf8280241f81cb63321a50b4ad2cb -> 41612f13db7783c8635801ab159c1079
  custom:container-demuxer-webm: 4f35f7cbe854078d1ac9338744f61a02 -> 
  custom:scripting/monoscript/fileName/Solution.cs: 6f57345c5a9c03cd9de52e226d588ae1 -> 8bc97d0abd509f39b67b3a5bbac1b9a1
  custom:scripting/monoscript/fileName/VisualStudioCodiumInstallation.cs: 8ee758ce837648e8a493211c15ac775a -> 
  custom:scripting/precompiled-assembly-types:Unity.Cursor.Editor: c4135f52e7ee32dfaf93d3e70b9c4e0a -> 
  custom:scripting/monoscript/fileName/GUIDProvider.cs: cb8edf978faeabcee864dce1a906a291 -> cdd3f47e4fe593d2dfdf9915fa537e3f
  custom:container-muxer-webm: aa71ff27fc2769a1b78a27578f13a17b -> 
  custom:video-decoder-webm-vp8: 9c59270c3fd7afecdb556c50c9e8de78 -> 
  custom:scripting/monoscript/fileName/MessageEventArgs.cs: 1019688f506e4394820040d9795c0a7d -> 528473bbcee3623fe954627c6bfadd2e
  custom:SearchIndexIgnoredProperties: e643bd26f0fe6173181afceb89e7c659 -> 
  custom:scripting/monoscript/fileName/ProjectProperties.cs: 2d74649e53a223aa9cd860921346e9bd -> 407063898a13eaad2cd100e43551c6b5
  custom:AudioImporter_EditorPlatform: d09bf68614088b80899f8185d706f6e7 -> 
  custom:scripting/monoscript/fileName/UnityInstallation.cs: e77a4cd80130bf9635eda265c59fc585 -> 0ba30d4545f2c34a9323456723b5dbfe
  custom:scripting/precompiled-assembly-types:Unity.VisualScripting.Core.Editor: 1ac958119c4ad755d50390246b13522a -> 39597c0f3a76e24d87d64afa59c5f88d
  custom:scripting/monoscript/fileName/SolutionParser.cs: 28362f3ad5ff471d352dad937c4f46f0 -> 240a75b5fc2682997268aa77e6a1dd86
  custom:scripting/monoscript/fileName/TestAdaptor.cs: 5be3b7fc797cbdb67976ea5fdb904de5 -> 486cec8559bad7c56adc699f165feb67
  custom:scripting/precompiled-assembly-types:UnityEngine.TestRunner: 7a4d96a0696e29157328c6996c3b82c5 -> f5758234275f5346968d00e3b1a1c0e4
  custom:scripting/monoscript/fileName/Discovery.cs: 43295ac1709a058ba3ec01d8585e170c -> 2b1006b9be47307c73378eaafc98b6fb
  custom:scripting/monoscript/fileName/VisualStudioIntegration.cs: f837b233b752d741f76e0990c5fad160 -> f9e623c49f9f20ea97a4519aa48d72d4
  custom:scripting/monoscript/fileName/FileIOProvider.cs: 081176a77b8b51898d4a1d6cfbab48ce -> 304525d180d2b661ce338fc8a3225752
  custom:scripting/monoscript/fileName/SdkStyleProjectGeneration.cs: 0d12ba8b4cce4103aedd4f5c89736364 -> bbd8a39d16aad1a0b8d5240b1f43f4a4
  custom:video-encoder-webm-vp8: eb34c28f22e8b96e1ab97ce403110664 -> 
  custom:audio-decoder-ogg-vorbis: bf7c407c2cedff20999df2af8eb42d56 -> 
  custom:scripting/monoscript/fileName/SolutionProperties.cs: 0b7dbd9dc0e3af7f872e6112fa6f596e -> ab8751e49ae2f3d9994444a0a38619bd
  custom:scripting/monoscript/fileName/TestRunnerApiListener.cs: 9b7ed325f86e08c020c1bdc783d9bb51 -> cc17cec8825a8f933d6ecbd68d51f1de
  custom:scripting/monoscript/fileName/AssemblyNameProvider.cs: 06c09785a9ef49a49b329ed384758248 -> 170b0fd934f78f2e6a09342014bfa1fc
  custom:scripting/monoscript/fileName/Serializer.cs: 44df498e13906e45a2828923a7f89ac6 -> d7df1b97d0a3bd0bb98fd4d2d5bf5d29
  custom:scripting/monoscript/fileName/Message.cs: 3d319f70d9870482a245157c25577c4e -> 671a789acb2c7a93d0b620fe02979957
  custom:scripting/monoscript/fileName/Deserializer.cs: 7a4843246f0d5a1b063e9a6fef778397 -> 1cc72e9ed2428cc6d6ce2d4d2ad7b02b
  custom:scripting/monoscript/fileName/Test.cs: 8289d0398bd9a051035a87365428a0e7 -> 
  custom:audio-encoder-webm-vorbis: bf7c407c2cedff20999df2af8eb42d56 -> 
  custom:scripting/monoscript/fileName/TestRunnerCallbacks.cs: 901a1f98c6fdb76be420d56e91fe540d -> 5627cb9f4ed769fba607b0cab8e9e63d
  custom:scripting/monoscript/fileName/AsyncOperation.cs: 8f6297df34271fdb1ce2d9607ec6261d -> 90647cc400823b41df847a6cbfc29026
  custom:scripting/precompiled-assembly-types:Assembly-CSharp: cad87785f746702e2b4f6866c3aeaa28 -> 
  custom:scripting/monoscript/fileName/UsageUtility.cs: 3f044a4563e8e23515be1e6c9e7e0fc7 -> 5ed3d13206b2b96245ce59a5c83beed1
========================================================================
Received Import Request.
  Time since last request: 383.315034 seconds.
  path: Assets/Scripts/GameStartPanel.cs
  artifactKey: Guid(c113919375c15e547a592549933192a6) Importer(815301076,1909f56bfc062723c751e8b465ee728b)
Start importing Assets/Scripts/GameStartPanel.cs using Guid(c113919375c15e547a592549933192a6) Importer(815301076,1909f56bfc062723c751e8b465ee728b) [PhysX] Initialized MultithreadedTaskDispatcher with 8 workers.
 -> (artifact id: '2d89a6813c3d65acc4192ccaf3afda6d') in 0.002788 seconds
Number of updated asset objects reloaded before import = 0
Number of asset objects unloaded after import = 0
========================================================================
Received Prepare
Caller must complete domain reload
Begin MonoManager ReloadAssembly
- Loaded All Assemblies, in  0.438 seconds
Native extension for WindowsStandalone target not found
Native extension for WebGL target not found
Mono: successfully reloaded assembly
- Finished resetting the current domain, in  1.006 seconds
Domain Reload Profiling: 1443ms
	BeginReloadAssembly (159ms)
		ExecutionOrderSort (0ms)
		DisableScriptedObjects (5ms)
		BackupInstance (0ms)
		ReleaseScriptingObjects (0ms)
		CreateAndSetChildDomain (30ms)
	RebuildCommonClasses (34ms)
	RebuildNativeTypeToScriptingClass (12ms)
	initialDomainReloadingComplete (27ms)
	LoadAllAssembliesAndSetupDomain (206ms)
		LoadAssemblies (276ms)
		RebuildTransferFunctionScriptingTraits (0ms)
		AnalyzeDomain (25ms)
			TypeCache.Refresh (9ms)
				TypeCache.ScanAssembly (0ms)
			ScanForSourceGeneratedMonoScriptInfo (7ms)
			ResolveRequiredComponents (8ms)
	FinalizeReload (1006ms)
		ReleaseScriptCaches (0ms)
		RebuildScriptCaches (0ms)
		SetupLoadedEditorAssemblies (400ms)
			LogAssemblyErrors (0ms)
			InitializePlatformSupportModulesInManaged (6ms)
			SetLoadedEditorAssemblies (3ms)
			RefreshPlugins (0ms)
			BeforeProcessingInitializeOnLoad (57ms)
			ProcessInitializeOnLoadAttributes (310ms)
			ProcessInitializeOnLoadMethodAttributes (21ms)
			AfterProcessingInitializeOnLoad (2ms)
			EditorAssembliesLoaded (0ms)
		ExecutionOrderSort2 (0ms)
		AwakeInstancesAfterBackupRestoration (12ms)
Refreshing native plugins compatible for Editor in 5.27 ms, found 3 plugins.
Preloading 0 native plugins for Editor in 0.00 ms.
Unloading 3174 Unused Serialized files (Serialized files now loaded: 0)
Unloading 14 unused Assets / (28.5 KB). Loaded Objects now: 3663.
Memory consumption went from 118.8 MB to 118.7 MB.
Total: 2.828700 ms (FindLiveObjects: 0.281500 ms CreateObjectMapping: 0.277500 ms MarkObjects: 2.212500 ms  DeleteObjects: 0.056100 ms)

Prepare: number of updated asset objects reloaded= 0
AssetImportParameters requested are different than current active one (requested -> active):
  custom:scripting/monoscript/fileName/UdpSocket.cs: 5c2b80a042c65f789ef7f3c889fd101f -> 7555d065f81d23e6604acb91cf79ddd6
  custom:scripting/monoscript/fileName/Image.cs: 31ff8141403f4cb357eb7bf7e9ffdaeb -> f32195bbbc1ca9edcb6c8c6185597e40
  custom:scripting/monoscript/fileName/Cli.cs: 3c2ed0c881a657a6a8d1cec2a5d27e18 -> d287e08b50f2cb135aa4d7f8e01b7ef9
  custom:scripting/monoscript/fileName/KnownAssemblies.cs: 5a9878fa8cd33efc58225a4622d3c409 -> 286bea9f8fcee5e392f6fc0f0cd541c8
  custom:scripting/monoscript/fileName/SimpleJSON.cs: 2249b1d8736d53bdbb860984e9900714 -> 70c028a07c79c166db015acda1282d86
  custom:container-demuxer-ogg: 62fdf1f143b41e24485cea50d1cbac27 -> 
  custom:scripting/precompiled-assembly-types:Unity.PlasticSCM.Editor: 72a23a7a65cae48dae511b6579c293e4 -> 7e4e003063ee77e81fbf11080919f8e6
  custom:scripting/monoscript/fileName/SolutionProjectEntry.cs: 2cdbeb47f8763ac80d7836f6135300a9 -> 68cea09e9af09443edf61e18806ac1c2
  custom:scripting/monoscript/fileName/TcpListener.cs: 61afd6a8605bfd0084b595d2a15e8b2e -> 940bfdac0e91ad2884e6359468f2782a
  custom:scripting/monoscript/fileName/TcpClient.cs: 55a65447af3e4d6ecee8fd6d8f8731bd -> a949cfd4c46427829913ee0195fa0103
  custom:video-codec-MediaFoundation-h265: 746d11721c4dcdbdad8f713fa42b33f4 -> 
  custom:scripting/monoscript/fileName/LegacyStyleProjectGeneration.cs: 8aa3d3f0dc4d59c1ad013b88ff81a18d -> 4858a0ab74312ccaa3ff27a510a9d575
  custom:scripting/monoscript/fileName/FileUtility.cs: ce7e1c41f3666e04a20e8ab169333163 -> 2d70b80c72be1fb3b2b89ce0939e8cef
  custom:video-decoder-ogg-theora: a1e56fd34408186e4bbccfd4996cb3dc -> 
  custom:framework-win-MediaFoundation: 216162199b28c13a410421893ffa2e32 -> 
  custom:scripting/monoscript/fileName/VisualStudioCursorInstallation.cs: 95dc478876e6707a7e0d3e4422a08b22 -> 
  custom:scripting/monoscript/fileName/Messenger.cs: e1a29b4f8717764c5ff32215b741de2c -> f4ebc46d09b2b4de489946914db2aae0
  custom:scripting/monoscript/fileName/ProcessRunner.cs: 9913dac524d7fba7e53010bd3e109769 -> 932a2a80cb9a3539199f645deff3c585
  custom:scripting/monoscript/fileName/ExceptionEventArgs.cs: c1fb418063f3fe95153ce19939c50281 -> 27cb4c00a4137b184e01164606c88685
  custom:scripting/monoscript/fileName/ProjectGeneration.cs: 9ecb66398cf426136e1427db129d71bc -> 5d892aecaaa9b5c9f4162e2ae2b374ef
  custom:scripting/monoscript/fileName/Symbols.cs: 37055ad381792899bea2e26647ce5ae9 -> 27613575e8bda8a6448f80ff27c488f9
  custom:scripting/monoscript/fileName/VersionPair.cs: 219dda7a75299c084fd265cf8d4d22ac -> 88b4a0b7e953537f26ded0a68cf4c238
  custom:scripting/precompiled-assembly-types:Unity.Timeline.Editor: b4313fba5652ee5a8449f3ec85f31ae4 -> 534d7c71c4dd9147ea00599cede121e1
  custom:CustomObjectIndexerAttribute: 9a22284fe3817be447336de3de66b15e -> 
  custom:scripting/monoscript/fileName/TestResultAdaptor.cs: 9b1d3d6bb50f08d85d0c8ba1d01b312d -> fb4db3971d5379750cda884e7e44e3e4
  custom:scripting/monoscript/fileName/VisualStudioEditor.cs: edffea2b56ff2fcda30202ca00e6de62 -> 21e59f688ad500ab61aca318850ec505
  custom:scripting/monoscript/fileName/VisualStudioInstallation.cs: d9bdf8280241f81cb63321a50b4ad2cb -> 41612f13db7783c8635801ab159c1079
  custom:scripting/monoscript/fileName/GameStartPanel.cs: f9029a7546d6d0a640aa647183643613 -> 
  custom:container-demuxer-webm: 4f35f7cbe854078d1ac9338744f61a02 -> 
  custom:scripting/monoscript/fileName/Solution.cs: 6f57345c5a9c03cd9de52e226d588ae1 -> 8bc97d0abd509f39b67b3a5bbac1b9a1
  custom:scripting/monoscript/fileName/VisualStudioCodiumInstallation.cs: 8ee758ce837648e8a493211c15ac775a -> 
  custom:scripting/precompiled-assembly-types:Unity.Cursor.Editor: c4135f52e7ee32dfaf93d3e70b9c4e0a -> 
  custom:scripting/monoscript/fileName/GUIDProvider.cs: cb8edf978faeabcee864dce1a906a291 -> cdd3f47e4fe593d2dfdf9915fa537e3f
  custom:container-muxer-webm: aa71ff27fc2769a1b78a27578f13a17b -> 
  custom:video-decoder-webm-vp8: 9c59270c3fd7afecdb556c50c9e8de78 -> 
  custom:scripting/monoscript/fileName/MessageEventArgs.cs: 1019688f506e4394820040d9795c0a7d -> 528473bbcee3623fe954627c6bfadd2e
  custom:SearchIndexIgnoredProperties: e643bd26f0fe6173181afceb89e7c659 -> 
  custom:scripting/monoscript/fileName/ProjectProperties.cs: 2d74649e53a223aa9cd860921346e9bd -> 407063898a13eaad2cd100e43551c6b5
  custom:AudioImporter_EditorPlatform: d09bf68614088b80899f8185d706f6e7 -> 
  custom:scripting/monoscript/fileName/UnityInstallation.cs: e77a4cd80130bf9635eda265c59fc585 -> 0ba30d4545f2c34a9323456723b5dbfe
  custom:scripting/precompiled-assembly-types:Unity.VisualScripting.Core.Editor: 1ac958119c4ad755d50390246b13522a -> 39597c0f3a76e24d87d64afa59c5f88d
  custom:scripting/monoscript/fileName/SolutionParser.cs: 28362f3ad5ff471d352dad937c4f46f0 -> 240a75b5fc2682997268aa77e6a1dd86
  custom:scripting/monoscript/fileName/TestAdaptor.cs: 5be3b7fc797cbdb67976ea5fdb904de5 -> 486cec8559bad7c56adc699f165feb67
  custom:scripting/precompiled-assembly-types:UnityEngine.TestRunner: 7a4d96a0696e29157328c6996c3b82c5 -> f5758234275f5346968d00e3b1a1c0e4
  custom:scripting/monoscript/fileName/Discovery.cs: 43295ac1709a058ba3ec01d8585e170c -> 2b1006b9be47307c73378eaafc98b6fb
  custom:scripting/monoscript/fileName/VisualStudioIntegration.cs: f837b233b752d741f76e0990c5fad160 -> f9e623c49f9f20ea97a4519aa48d72d4
  custom:scripting/monoscript/fileName/FileIOProvider.cs: 081176a77b8b51898d4a1d6cfbab48ce -> 304525d180d2b661ce338fc8a3225752
  custom:scripting/monoscript/fileName/SdkStyleProjectGeneration.cs: 0d12ba8b4cce4103aedd4f5c89736364 -> bbd8a39d16aad1a0b8d5240b1f43f4a4
  custom:video-encoder-webm-vp8: eb34c28f22e8b96e1ab97ce403110664 -> 
  custom:audio-decoder-ogg-vorbis: bf7c407c2cedff20999df2af8eb42d56 -> 
  custom:scripting/monoscript/fileName/SolutionProperties.cs: 0b7dbd9dc0e3af7f872e6112fa6f596e -> ab8751e49ae2f3d9994444a0a38619bd
  custom:scripting/monoscript/fileName/TestRunnerApiListener.cs: 9b7ed325f86e08c020c1bdc783d9bb51 -> cc17cec8825a8f933d6ecbd68d51f1de
  custom:scripting/monoscript/fileName/AssemblyNameProvider.cs: 06c09785a9ef49a49b329ed384758248 -> 170b0fd934f78f2e6a09342014bfa1fc
  custom:scripting/monoscript/fileName/Serializer.cs: 44df498e13906e45a2828923a7f89ac6 -> d7df1b97d0a3bd0bb98fd4d2d5bf5d29
  custom:scripting/monoscript/fileName/Message.cs: 3d319f70d9870482a245157c25577c4e -> 671a789acb2c7a93d0b620fe02979957
  custom:scripting/monoscript/fileName/Deserializer.cs: 7a4843246f0d5a1b063e9a6fef778397 -> 1cc72e9ed2428cc6d6ce2d4d2ad7b02b
  custom:scripting/monoscript/fileName/Test.cs: 8289d0398bd9a051035a87365428a0e7 -> 
  custom:audio-encoder-webm-vorbis: bf7c407c2cedff20999df2af8eb42d56 -> 
  custom:scripting/monoscript/fileName/TestRunnerCallbacks.cs: 901a1f98c6fdb76be420d56e91fe540d -> 5627cb9f4ed769fba607b0cab8e9e63d
  custom:scripting/monoscript/fileName/AsyncOperation.cs: 8f6297df34271fdb1ce2d9607ec6261d -> 90647cc400823b41df847a6cbfc29026
  custom:scripting/precompiled-assembly-types:Assembly-CSharp: 40d94a94b3cb36adc0c8765df558294c -> 
  custom:scripting/monoscript/fileName/UsageUtility.cs: 3f044a4563e8e23515be1e6c9e7e0fc7 -> 5ed3d13206b2b96245ce59a5c83beed1
========================================================================
Received Import Request.
  Time since last request: 7.017705 seconds.
  path: Assets/Scripts/GameStartPanel.cs
  artifactKey: Guid(c113919375c15e547a592549933192a6) Importer(815301076,1909f56bfc062723c751e8b465ee728b)
Start importing Assets/Scripts/GameStartPanel.cs using Guid(c113919375c15e547a592549933192a6) Importer(815301076,1909f56bfc062723c751e8b465ee728b) [PhysX] Initialized MultithreadedTaskDispatcher with 8 workers.
 -> (artifact id: 'ba44e92c07c8a6747721220d796f1609') in 0.001981 seconds
Number of updated asset objects reloaded before import = 0
Number of asset objects unloaded after import = 0
========================================================================
Received Import Request.
  Time since last request: 145.289160 seconds.
  path: Assets/Scripts/Enemy.cs
  artifactKey: Guid(561f87fe416991a41aee148ae1afba9f) Importer(815301076,1909f56bfc062723c751e8b465ee728b)
Start importing Assets/Scripts/Enemy.cs using Guid(561f87fe416991a41aee148ae1afba9f) Importer(815301076,1909f56bfc062723c751e8b465ee728b) [PhysX] Initialized MultithreadedTaskDispatcher with 8 workers.
 -> (artifact id: 'bd720f95c676b730168b5c7c99a484f4') in 0.000707 seconds
Number of updated asset objects reloaded before import = 0
Number of asset objects unloaded after import = 0
========================================================================
Received Prepare
Caller must complete domain reload
Begin MonoManager ReloadAssembly
- Loaded All Assemblies, in  0.452 seconds
Native extension for WindowsStandalone target not found
Native extension for WebGL target not found
Mono: successfully reloaded assembly
- Finished resetting the current domain, in  1.004 seconds
Domain Reload Profiling: 1455ms
	BeginReloadAssembly (164ms)
		ExecutionOrderSort (0ms)
		DisableScriptedObjects (9ms)
		BackupInstance (0ms)
		ReleaseScriptingObjects (0ms)
		CreateAndSetChildDomain (28ms)
	RebuildCommonClasses (34ms)
	RebuildNativeTypeToScriptingClass (12ms)
	initialDomainReloadingComplete (25ms)
	LoadAllAssembliesAndSetupDomain (216ms)
		LoadAssemblies (285ms)
		RebuildTransferFunctionScriptingTraits (0ms)
		AnalyzeDomain (23ms)
			TypeCache.Refresh (10ms)
				TypeCache.ScanAssembly (0ms)
			ScanForSourceGeneratedMonoScriptInfo (7ms)
			ResolveRequiredComponents (5ms)
	FinalizeReload (1004ms)
		ReleaseScriptCaches (0ms)
		RebuildScriptCaches (0ms)
		SetupLoadedEditorAssemblies (388ms)
			LogAssemblyErrors (0ms)
			InitializePlatformSupportModulesInManaged (7ms)
			SetLoadedEditorAssemblies (3ms)
			RefreshPlugins (0ms)
			BeforeProcessingInitializeOnLoad (55ms)
			ProcessInitializeOnLoadAttributes (298ms)
			ProcessInitializeOnLoadMethodAttributes (21ms)
			AfterProcessingInitializeOnLoad (3ms)
			EditorAssembliesLoaded (0ms)
		ExecutionOrderSort2 (0ms)
		AwakeInstancesAfterBackupRestoration (13ms)
Refreshing native plugins compatible for Editor in 3.96 ms, found 3 plugins.
Preloading 0 native plugins for Editor in 0.00 ms.
Unloading 3175 Unused Serialized files (Serialized files now loaded: 0)
Unloading 14 unused Assets / (28.6 KB). Loaded Objects now: 3667.
Memory consumption went from 118.8 MB to 118.8 MB.
Total: 2.621400 ms (FindLiveObjects: 0.251600 ms CreateObjectMapping: 0.229000 ms MarkObjects: 2.101100 ms  DeleteObjects: 0.038700 ms)

Prepare: number of updated asset objects reloaded= 0
AssetImportParameters requested are different than current active one (requested -> active):
  custom:scripting/monoscript/fileName/UdpSocket.cs: 5c2b80a042c65f789ef7f3c889fd101f -> 7555d065f81d23e6604acb91cf79ddd6
  custom:scripting/monoscript/fileName/Image.cs: 31ff8141403f4cb357eb7bf7e9ffdaeb -> f32195bbbc1ca9edcb6c8c6185597e40
  custom:scripting/monoscript/fileName/Cli.cs: 3c2ed0c881a657a6a8d1cec2a5d27e18 -> d287e08b50f2cb135aa4d7f8e01b7ef9
  custom:scripting/monoscript/fileName/KnownAssemblies.cs: 5a9878fa8cd33efc58225a4622d3c409 -> 286bea9f8fcee5e392f6fc0f0cd541c8
  custom:scripting/monoscript/fileName/SimpleJSON.cs: 2249b1d8736d53bdbb860984e9900714 -> 70c028a07c79c166db015acda1282d86
  custom:container-demuxer-ogg: 62fdf1f143b41e24485cea50d1cbac27 -> 
  custom:scripting/precompiled-assembly-types:Unity.PlasticSCM.Editor: 72a23a7a65cae48dae511b6579c293e4 -> 7e4e003063ee77e81fbf11080919f8e6
  custom:scripting/monoscript/fileName/SolutionProjectEntry.cs: 2cdbeb47f8763ac80d7836f6135300a9 -> 68cea09e9af09443edf61e18806ac1c2
  custom:scripting/monoscript/fileName/TcpListener.cs: 61afd6a8605bfd0084b595d2a15e8b2e -> 940bfdac0e91ad2884e6359468f2782a
  custom:scripting/monoscript/fileName/TcpClient.cs: 55a65447af3e4d6ecee8fd6d8f8731bd -> a949cfd4c46427829913ee0195fa0103
  custom:video-codec-MediaFoundation-h265: 746d11721c4dcdbdad8f713fa42b33f4 -> 
  custom:scripting/monoscript/fileName/LegacyStyleProjectGeneration.cs: 8aa3d3f0dc4d59c1ad013b88ff81a18d -> 4858a0ab74312ccaa3ff27a510a9d575
  custom:scripting/monoscript/fileName/FileUtility.cs: ce7e1c41f3666e04a20e8ab169333163 -> 2d70b80c72be1fb3b2b89ce0939e8cef
  custom:video-decoder-ogg-theora: a1e56fd34408186e4bbccfd4996cb3dc -> 
  custom:framework-win-MediaFoundation: 216162199b28c13a410421893ffa2e32 -> 
  custom:scripting/monoscript/fileName/VisualStudioCursorInstallation.cs: 95dc478876e6707a7e0d3e4422a08b22 -> 
  custom:scripting/monoscript/fileName/Messenger.cs: e1a29b4f8717764c5ff32215b741de2c -> f4ebc46d09b2b4de489946914db2aae0
  custom:scripting/monoscript/fileName/ProcessRunner.cs: 9913dac524d7fba7e53010bd3e109769 -> 932a2a80cb9a3539199f645deff3c585
  custom:scripting/monoscript/fileName/ExceptionEventArgs.cs: c1fb418063f3fe95153ce19939c50281 -> 27cb4c00a4137b184e01164606c88685
  custom:scripting/monoscript/fileName/ProjectGeneration.cs: 9ecb66398cf426136e1427db129d71bc -> 5d892aecaaa9b5c9f4162e2ae2b374ef
  custom:scripting/monoscript/fileName/Symbols.cs: 37055ad381792899bea2e26647ce5ae9 -> 27613575e8bda8a6448f80ff27c488f9
  custom:scripting/monoscript/fileName/VersionPair.cs: 219dda7a75299c084fd265cf8d4d22ac -> 88b4a0b7e953537f26ded0a68cf4c238
  custom:scripting/precompiled-assembly-types:Unity.Timeline.Editor: b4313fba5652ee5a8449f3ec85f31ae4 -> 534d7c71c4dd9147ea00599cede121e1
  custom:CustomObjectIndexerAttribute: 9a22284fe3817be447336de3de66b15e -> 
  custom:scripting/monoscript/fileName/TestResultAdaptor.cs: 9b1d3d6bb50f08d85d0c8ba1d01b312d -> fb4db3971d5379750cda884e7e44e3e4
  custom:scripting/monoscript/fileName/VisualStudioEditor.cs: edffea2b56ff2fcda30202ca00e6de62 -> 21e59f688ad500ab61aca318850ec505
  custom:scripting/monoscript/fileName/VisualStudioInstallation.cs: d9bdf8280241f81cb63321a50b4ad2cb -> 41612f13db7783c8635801ab159c1079
  custom:scripting/monoscript/fileName/GameStartPanel.cs: f9029a7546d6d0a640aa647183643613 -> 
  custom:container-demuxer-webm: 4f35f7cbe854078d1ac9338744f61a02 -> 
  custom:scripting/monoscript/fileName/Solution.cs: 6f57345c5a9c03cd9de52e226d588ae1 -> 8bc97d0abd509f39b67b3a5bbac1b9a1
  custom:scripting/monoscript/fileName/VisualStudioCodiumInstallation.cs: 8ee758ce837648e8a493211c15ac775a -> 
  custom:scripting/precompiled-assembly-types:Unity.Cursor.Editor: c4135f52e7ee32dfaf93d3e70b9c4e0a -> 
  custom:scripting/monoscript/fileName/GUIDProvider.cs: cb8edf978faeabcee864dce1a906a291 -> cdd3f47e4fe593d2dfdf9915fa537e3f
  custom:container-muxer-webm: aa71ff27fc2769a1b78a27578f13a17b -> 
  custom:video-decoder-webm-vp8: 9c59270c3fd7afecdb556c50c9e8de78 -> 
  custom:scripting/monoscript/fileName/MessageEventArgs.cs: 1019688f506e4394820040d9795c0a7d -> 528473bbcee3623fe954627c6bfadd2e
  custom:SearchIndexIgnoredProperties: e643bd26f0fe6173181afceb89e7c659 -> 
  custom:scripting/monoscript/fileName/ProjectProperties.cs: 2d74649e53a223aa9cd860921346e9bd -> 407063898a13eaad2cd100e43551c6b5
  custom:AudioImporter_EditorPlatform: d09bf68614088b80899f8185d706f6e7 -> 
  custom:scripting/monoscript/fileName/UnityInstallation.cs: e77a4cd80130bf9635eda265c59fc585 -> 0ba30d4545f2c34a9323456723b5dbfe
  custom:scripting/precompiled-assembly-types:Unity.VisualScripting.Core.Editor: 1ac958119c4ad755d50390246b13522a -> 39597c0f3a76e24d87d64afa59c5f88d
  custom:scripting/monoscript/fileName/SolutionParser.cs: 28362f3ad5ff471d352dad937c4f46f0 -> 240a75b5fc2682997268aa77e6a1dd86
  custom:scripting/monoscript/fileName/TestAdaptor.cs: 5be3b7fc797cbdb67976ea5fdb904de5 -> 486cec8559bad7c56adc699f165feb67
  custom:scripting/precompiled-assembly-types:UnityEngine.TestRunner: 7a4d96a0696e29157328c6996c3b82c5 -> f5758234275f5346968d00e3b1a1c0e4
  custom:scripting/monoscript/fileName/Discovery.cs: 43295ac1709a058ba3ec01d8585e170c -> 2b1006b9be47307c73378eaafc98b6fb
  custom:scripting/monoscript/fileName/VisualStudioIntegration.cs: f837b233b752d741f76e0990c5fad160 -> f9e623c49f9f20ea97a4519aa48d72d4
  custom:scripting/monoscript/fileName/FileIOProvider.cs: 081176a77b8b51898d4a1d6cfbab48ce -> 304525d180d2b661ce338fc8a3225752
  custom:scripting/monoscript/fileName/SdkStyleProjectGeneration.cs: 0d12ba8b4cce4103aedd4f5c89736364 -> bbd8a39d16aad1a0b8d5240b1f43f4a4
  custom:scripting/monoscript/fileName/Enemy.cs: 13cc614454c9ae28caa24456faa3d7cf -> 
  custom:video-encoder-webm-vp8: eb34c28f22e8b96e1ab97ce403110664 -> 
  custom:audio-decoder-ogg-vorbis: bf7c407c2cedff20999df2af8eb42d56 -> 
  custom:scripting/monoscript/fileName/SolutionProperties.cs: 0b7dbd9dc0e3af7f872e6112fa6f596e -> ab8751e49ae2f3d9994444a0a38619bd
  custom:scripting/monoscript/fileName/TestRunnerApiListener.cs: 9b7ed325f86e08c020c1bdc783d9bb51 -> cc17cec8825a8f933d6ecbd68d51f1de
  custom:scripting/monoscript/fileName/AssemblyNameProvider.cs: 06c09785a9ef49a49b329ed384758248 -> 170b0fd934f78f2e6a09342014bfa1fc
  custom:scripting/monoscript/fileName/Serializer.cs: 44df498e13906e45a2828923a7f89ac6 -> d7df1b97d0a3bd0bb98fd4d2d5bf5d29
  custom:scripting/monoscript/fileName/Message.cs: 3d319f70d9870482a245157c25577c4e -> 671a789acb2c7a93d0b620fe02979957
  custom:scripting/monoscript/fileName/Deserializer.cs: 7a4843246f0d5a1b063e9a6fef778397 -> 1cc72e9ed2428cc6d6ce2d4d2ad7b02b
  custom:scripting/monoscript/fileName/Test.cs: 8289d0398bd9a051035a87365428a0e7 -> 
  custom:audio-encoder-webm-vorbis: bf7c407c2cedff20999df2af8eb42d56 -> 
  custom:scripting/monoscript/fileName/TestRunnerCallbacks.cs: 901a1f98c6fdb76be420d56e91fe540d -> 5627cb9f4ed769fba607b0cab8e9e63d
  custom:scripting/monoscript/fileName/AsyncOperation.cs: 8f6297df34271fdb1ce2d9607ec6261d -> 90647cc400823b41df847a6cbfc29026
  custom:scripting/precompiled-assembly-types:Assembly-CSharp: 64174cc100149792eb0ad8f17b54c59b -> 
  custom:scripting/monoscript/fileName/UsageUtility.cs: 3f044a4563e8e23515be1e6c9e7e0fc7 -> 5ed3d13206b2b96245ce59a5c83beed1
========================================================================
Received Import Request.
  Time since last request: 5.897577 seconds.
  path: Assets/Scripts/Enemy.cs
  artifactKey: Guid(561f87fe416991a41aee148ae1afba9f) Importer(815301076,1909f56bfc062723c751e8b465ee728b)
Start importing Assets/Scripts/Enemy.cs using Guid(561f87fe416991a41aee148ae1afba9f) Importer(815301076,1909f56bfc062723c751e8b465ee728b) [PhysX] Initialized MultithreadedTaskDispatcher with 8 workers.
 -> (artifact id: '197fe290aa7774c204e73709487b4cf7') in 0.001737 seconds
Number of updated asset objects reloaded before import = 0
Number of asset objects unloaded after import = 0
========================================================================
Received Prepare
Caller must complete domain reload
Begin MonoManager ReloadAssembly
- Loaded All Assemblies, in  0.443 seconds
Native extension for WindowsStandalone target not found
Native extension for WebGL target not found
Mono: successfully reloaded assembly
- Finished resetting the current domain, in  0.955 seconds
Domain Reload Profiling: 1398ms
	BeginReloadAssembly (156ms)
		ExecutionOrderSort (0ms)
		DisableScriptedObjects (5ms)
		BackupInstance (0ms)
		ReleaseScriptingObjects (0ms)
		CreateAndSetChildDomain (27ms)
	RebuildCommonClasses (36ms)
	RebuildNativeTypeToScriptingClass (11ms)
	initialDomainReloadingComplete (27ms)
	LoadAllAssembliesAndSetupDomain (213ms)
		LoadAssemblies (285ms)
		RebuildTransferFunctionScriptingTraits (0ms)
		AnalyzeDomain (23ms)
			TypeCache.Refresh (9ms)
				TypeCache.ScanAssembly (0ms)
			ScanForSourceGeneratedMonoScriptInfo (6ms)
			ResolveRequiredComponents (6ms)
	FinalizeReload (955ms)
		ReleaseScriptCaches (0ms)
		RebuildScriptCaches (0ms)
		SetupLoadedEditorAssemblies (362ms)
			LogAssemblyErrors (0ms)
			InitializePlatformSupportModulesInManaged (6ms)
			SetLoadedEditorAssemblies (3ms)
			RefreshPlugins (0ms)
			BeforeProcessingInitializeOnLoad (54ms)
			ProcessInitializeOnLoadAttributes (277ms)
			ProcessInitializeOnLoadMethodAttributes (19ms)
			AfterProcessingInitializeOnLoad (3ms)
			EditorAssembliesLoaded (0ms)
		ExecutionOrderSort2 (0ms)
		AwakeInstancesAfterBackupRestoration (12ms)
Refreshing native plugins compatible for Editor in 4.27 ms, found 3 plugins.
Preloading 0 native plugins for Editor in 0.00 ms.
Unloading 3175 Unused Serialized files (Serialized files now loaded: 0)
Unloading 14 unused Assets / (28.6 KB). Loaded Objects now: 3670.
Memory consumption went from 118.8 MB to 118.8 MB.
Total: 2.887000 ms (FindLiveObjects: 0.228000 ms CreateObjectMapping: 0.177300 ms MarkObjects: 2.445200 ms  DeleteObjects: 0.035800 ms)

Prepare: number of updated asset objects reloaded= 0
AssetImportParameters requested are different than current active one (requested -> active):
  custom:scripting/monoscript/fileName/UdpSocket.cs: 5c2b80a042c65f789ef7f3c889fd101f -> 7555d065f81d23e6604acb91cf79ddd6
  custom:scripting/monoscript/fileName/Image.cs: 31ff8141403f4cb357eb7bf7e9ffdaeb -> f32195bbbc1ca9edcb6c8c6185597e40
  custom:scripting/monoscript/fileName/Cli.cs: 3c2ed0c881a657a6a8d1cec2a5d27e18 -> d287e08b50f2cb135aa4d7f8e01b7ef9
  custom:scripting/monoscript/fileName/KnownAssemblies.cs: 5a9878fa8cd33efc58225a4622d3c409 -> 286bea9f8fcee5e392f6fc0f0cd541c8
  custom:scripting/monoscript/fileName/SimpleJSON.cs: 2249b1d8736d53bdbb860984e9900714 -> 70c028a07c79c166db015acda1282d86
  custom:container-demuxer-ogg: 62fdf1f143b41e24485cea50d1cbac27 -> 
  custom:scripting/precompiled-assembly-types:Unity.PlasticSCM.Editor: 72a23a7a65cae48dae511b6579c293e4 -> 7e4e003063ee77e81fbf11080919f8e6
  custom:scripting/monoscript/fileName/SolutionProjectEntry.cs: 2cdbeb47f8763ac80d7836f6135300a9 -> 68cea09e9af09443edf61e18806ac1c2
  custom:scripting/monoscript/fileName/TcpListener.cs: 61afd6a8605bfd0084b595d2a15e8b2e -> 940bfdac0e91ad2884e6359468f2782a
  custom:scripting/monoscript/fileName/TcpClient.cs: 55a65447af3e4d6ecee8fd6d8f8731bd -> a949cfd4c46427829913ee0195fa0103
  custom:video-codec-MediaFoundation-h265: 746d11721c4dcdbdad8f713fa42b33f4 -> 
  custom:scripting/monoscript/fileName/LegacyStyleProjectGeneration.cs: 8aa3d3f0dc4d59c1ad013b88ff81a18d -> 4858a0ab74312ccaa3ff27a510a9d575
  custom:scripting/monoscript/fileName/FileUtility.cs: ce7e1c41f3666e04a20e8ab169333163 -> 2d70b80c72be1fb3b2b89ce0939e8cef
  custom:video-decoder-ogg-theora: a1e56fd34408186e4bbccfd4996cb3dc -> 
  custom:framework-win-MediaFoundation: 216162199b28c13a410421893ffa2e32 -> 
  custom:scripting/monoscript/fileName/VisualStudioCursorInstallation.cs: 95dc478876e6707a7e0d3e4422a08b22 -> 
  custom:scripting/monoscript/fileName/Messenger.cs: e1a29b4f8717764c5ff32215b741de2c -> f4ebc46d09b2b4de489946914db2aae0
  custom:scripting/monoscript/fileName/ProcessRunner.cs: 9913dac524d7fba7e53010bd3e109769 -> 932a2a80cb9a3539199f645deff3c585
  custom:scripting/monoscript/fileName/ExceptionEventArgs.cs: c1fb418063f3fe95153ce19939c50281 -> 27cb4c00a4137b184e01164606c88685
  custom:scripting/monoscript/fileName/ProjectGeneration.cs: 9ecb66398cf426136e1427db129d71bc -> 5d892aecaaa9b5c9f4162e2ae2b374ef
  custom:scripting/monoscript/fileName/Symbols.cs: 37055ad381792899bea2e26647ce5ae9 -> 27613575e8bda8a6448f80ff27c488f9
  custom:scripting/monoscript/fileName/VersionPair.cs: 219dda7a75299c084fd265cf8d4d22ac -> 88b4a0b7e953537f26ded0a68cf4c238
  custom:scripting/precompiled-assembly-types:Unity.Timeline.Editor: b4313fba5652ee5a8449f3ec85f31ae4 -> 534d7c71c4dd9147ea00599cede121e1
  custom:CustomObjectIndexerAttribute: 9a22284fe3817be447336de3de66b15e -> 
  custom:scripting/monoscript/fileName/TestResultAdaptor.cs: 9b1d3d6bb50f08d85d0c8ba1d01b312d -> fb4db3971d5379750cda884e7e44e3e4
  custom:scripting/monoscript/fileName/VisualStudioEditor.cs: edffea2b56ff2fcda30202ca00e6de62 -> 21e59f688ad500ab61aca318850ec505
  custom:scripting/monoscript/fileName/VisualStudioInstallation.cs: d9bdf8280241f81cb63321a50b4ad2cb -> 41612f13db7783c8635801ab159c1079
  custom:scripting/monoscript/fileName/GameStartPanel.cs: f9029a7546d6d0a640aa647183643613 -> 
  custom:container-demuxer-webm: 4f35f7cbe854078d1ac9338744f61a02 -> 
  custom:scripting/monoscript/fileName/Solution.cs: 6f57345c5a9c03cd9de52e226d588ae1 -> 8bc97d0abd509f39b67b3a5bbac1b9a1
  custom:scripting/monoscript/fileName/VisualStudioCodiumInstallation.cs: 8ee758ce837648e8a493211c15ac775a -> 
  custom:scripting/precompiled-assembly-types:Unity.Cursor.Editor: c4135f52e7ee32dfaf93d3e70b9c4e0a -> 
  custom:scripting/monoscript/fileName/GUIDProvider.cs: cb8edf978faeabcee864dce1a906a291 -> cdd3f47e4fe593d2dfdf9915fa537e3f
  custom:container-muxer-webm: aa71ff27fc2769a1b78a27578f13a17b -> 
  custom:video-decoder-webm-vp8: 9c59270c3fd7afecdb556c50c9e8de78 -> 
  custom:scripting/monoscript/fileName/MessageEventArgs.cs: 1019688f506e4394820040d9795c0a7d -> 528473bbcee3623fe954627c6bfadd2e
  custom:SearchIndexIgnoredProperties: e643bd26f0fe6173181afceb89e7c659 -> 
  custom:scripting/monoscript/fileName/ProjectProperties.cs: 2d74649e53a223aa9cd860921346e9bd -> 407063898a13eaad2cd100e43551c6b5
  custom:AudioImporter_EditorPlatform: d09bf68614088b80899f8185d706f6e7 -> 
  custom:scripting/monoscript/fileName/UnityInstallation.cs: e77a4cd80130bf9635eda265c59fc585 -> 0ba30d4545f2c34a9323456723b5dbfe
  custom:scripting/precompiled-assembly-types:Unity.VisualScripting.Core.Editor: 1ac958119c4ad755d50390246b13522a -> 39597c0f3a76e24d87d64afa59c5f88d
  custom:scripting/monoscript/fileName/SolutionParser.cs: 28362f3ad5ff471d352dad937c4f46f0 -> 240a75b5fc2682997268aa77e6a1dd86
  custom:scripting/monoscript/fileName/TestAdaptor.cs: 5be3b7fc797cbdb67976ea5fdb904de5 -> 486cec8559bad7c56adc699f165feb67
  custom:scripting/precompiled-assembly-types:UnityEngine.TestRunner: 7a4d96a0696e29157328c6996c3b82c5 -> f5758234275f5346968d00e3b1a1c0e4
  custom:scripting/monoscript/fileName/Discovery.cs: 43295ac1709a058ba3ec01d8585e170c -> 2b1006b9be47307c73378eaafc98b6fb
  custom:scripting/monoscript/fileName/VisualStudioIntegration.cs: f837b233b752d741f76e0990c5fad160 -> f9e623c49f9f20ea97a4519aa48d72d4
  custom:scripting/monoscript/fileName/FileIOProvider.cs: 081176a77b8b51898d4a1d6cfbab48ce -> 304525d180d2b661ce338fc8a3225752
  custom:scripting/monoscript/fileName/SdkStyleProjectGeneration.cs: 0d12ba8b4cce4103aedd4f5c89736364 -> bbd8a39d16aad1a0b8d5240b1f43f4a4
  custom:scripting/monoscript/fileName/Enemy.cs: 13cc614454c9ae28caa24456faa3d7cf -> 
  custom:video-encoder-webm-vp8: eb34c28f22e8b96e1ab97ce403110664 -> 
  custom:audio-decoder-ogg-vorbis: bf7c407c2cedff20999df2af8eb42d56 -> 
  custom:scripting/monoscript/fileName/SolutionProperties.cs: 0b7dbd9dc0e3af7f872e6112fa6f596e -> ab8751e49ae2f3d9994444a0a38619bd
  custom:scripting/monoscript/fileName/TestRunnerApiListener.cs: 9b7ed325f86e08c020c1bdc783d9bb51 -> cc17cec8825a8f933d6ecbd68d51f1de
  custom:scripting/monoscript/fileName/AssemblyNameProvider.cs: 06c09785a9ef49a49b329ed384758248 -> 170b0fd934f78f2e6a09342014bfa1fc
  custom:scripting/monoscript/fileName/Serializer.cs: 44df498e13906e45a2828923a7f89ac6 -> d7df1b97d0a3bd0bb98fd4d2d5bf5d29
  custom:scripting/monoscript/fileName/Message.cs: 3d319f70d9870482a245157c25577c4e -> 671a789acb2c7a93d0b620fe02979957
  custom:scripting/monoscript/fileName/Deserializer.cs: 7a4843246f0d5a1b063e9a6fef778397 -> 1cc72e9ed2428cc6d6ce2d4d2ad7b02b
  custom:scripting/monoscript/fileName/Test.cs: 8289d0398bd9a051035a87365428a0e7 -> 
  custom:audio-encoder-webm-vorbis: bf7c407c2cedff20999df2af8eb42d56 -> 
  custom:scripting/monoscript/fileName/TestRunnerCallbacks.cs: 901a1f98c6fdb76be420d56e91fe540d -> 5627cb9f4ed769fba607b0cab8e9e63d
  custom:scripting/monoscript/fileName/AsyncOperation.cs: 8f6297df34271fdb1ce2d9607ec6261d -> 90647cc400823b41df847a6cbfc29026
  custom:scripting/precompiled-assembly-types:Assembly-CSharp: 64174cc100149792eb0ad8f17b54c59b -> 
  custom:scripting/monoscript/fileName/UsageUtility.cs: 3f044a4563e8e23515be1e6c9e7e0fc7 -> 5ed3d13206b2b96245ce59a5c83beed1
========================================================================
Received Import Request.
  Time since last request: 577.388884 seconds.
  path: Assets/Scripts/GameOverUI.cs
  artifactKey: Guid(d64e8430603bb0245a2f2956d5229b64) Importer(815301076,1909f56bfc062723c751e8b465ee728b)
Start importing Assets/Scripts/GameOverUI.cs using Guid(d64e8430603bb0245a2f2956d5229b64) Importer(815301076,1909f56bfc062723c751e8b465ee728b) [PhysX] Initialized MultithreadedTaskDispatcher with 8 workers.
 -> (artifact id: '500f85dc396d227bef1fd2ea93fa9a18') in 0.002595 seconds
Number of updated asset objects reloaded before import = 0
Number of asset objects unloaded after import = 0
========================================================================
Received Prepare
Caller must complete domain reload
Begin MonoManager ReloadAssembly
- Loaded All Assemblies, in  0.412 seconds
Native extension for WindowsStandalone target not found
Native extension for WebGL target not found
Mono: successfully reloaded assembly
- Finished resetting the current domain, in  0.935 seconds
Domain Reload Profiling: 1347ms
	BeginReloadAssembly (147ms)
		ExecutionOrderSort (0ms)
		DisableScriptedObjects (5ms)
		BackupInstance (0ms)
		ReleaseScriptingObjects (0ms)
		CreateAndSetChildDomain (26ms)
	RebuildCommonClasses (34ms)
	RebuildNativeTypeToScriptingClass (12ms)
	initialDomainReloadingComplete (25ms)
	LoadAllAssembliesAndSetupDomain (195ms)
		LoadAssemblies (261ms)
		RebuildTransferFunctionScriptingTraits (0ms)
		AnalyzeDomain (21ms)
			TypeCache.Refresh (8ms)
				TypeCache.ScanAssembly (0ms)
			ScanForSourceGeneratedMonoScriptInfo (7ms)
			ResolveRequiredComponents (5ms)
	FinalizeReload (935ms)
		ReleaseScriptCaches (0ms)
		RebuildScriptCaches (0ms)
		SetupLoadedEditorAssemblies (354ms)
			LogAssemblyErrors (0ms)
			InitializePlatformSupportModulesInManaged (5ms)
			SetLoadedEditorAssemblies (3ms)
			RefreshPlugins (0ms)
			BeforeProcessingInitializeOnLoad (53ms)
			ProcessInitializeOnLoadAttributes (271ms)
			ProcessInitializeOnLoadMethodAttributes (19ms)
			AfterProcessingInitializeOnLoad (3ms)
			EditorAssembliesLoaded (0ms)
		ExecutionOrderSort2 (0ms)
		AwakeInstancesAfterBackupRestoration (11ms)
Refreshing native plugins compatible for Editor in 3.88 ms, found 3 plugins.
Preloading 0 native plugins for Editor in 0.00 ms.
Unloading 3176 Unused Serialized files (Serialized files now loaded: 0)
Unloading 14 unused Assets / (28.5 KB). Loaded Objects now: 3674.
Memory consumption went from 118.8 MB to 118.8 MB.
Total: 2.706400 ms (FindLiveObjects: 0.223900 ms CreateObjectMapping: 0.168500 ms MarkObjects: 2.279400 ms  DeleteObjects: 0.033400 ms)

Prepare: number of updated asset objects reloaded= 0
AssetImportParameters requested are different than current active one (requested -> active):
  custom:scripting/monoscript/fileName/UdpSocket.cs: 5c2b80a042c65f789ef7f3c889fd101f -> 7555d065f81d23e6604acb91cf79ddd6
  custom:scripting/monoscript/fileName/Image.cs: 31ff8141403f4cb357eb7bf7e9ffdaeb -> f32195bbbc1ca9edcb6c8c6185597e40
  custom:scripting/monoscript/fileName/Cli.cs: 3c2ed0c881a657a6a8d1cec2a5d27e18 -> d287e08b50f2cb135aa4d7f8e01b7ef9
  custom:scripting/monoscript/fileName/KnownAssemblies.cs: 5a9878fa8cd33efc58225a4622d3c409 -> 286bea9f8fcee5e392f6fc0f0cd541c8
  custom:scripting/monoscript/fileName/SimpleJSON.cs: 2249b1d8736d53bdbb860984e9900714 -> 70c028a07c79c166db015acda1282d86
  custom:container-demuxer-ogg: 62fdf1f143b41e24485cea50d1cbac27 -> 
  custom:scripting/precompiled-assembly-types:Unity.PlasticSCM.Editor: 72a23a7a65cae48dae511b6579c293e4 -> 7e4e003063ee77e81fbf11080919f8e6
  custom:scripting/monoscript/fileName/SolutionProjectEntry.cs: 2cdbeb47f8763ac80d7836f6135300a9 -> 68cea09e9af09443edf61e18806ac1c2
  custom:scripting/monoscript/fileName/TcpListener.cs: 61afd6a8605bfd0084b595d2a15e8b2e -> 940bfdac0e91ad2884e6359468f2782a
  custom:scripting/monoscript/fileName/TcpClient.cs: 55a65447af3e4d6ecee8fd6d8f8731bd -> a949cfd4c46427829913ee0195fa0103
  custom:video-codec-MediaFoundation-h265: 746d11721c4dcdbdad8f713fa42b33f4 -> 
  custom:scripting/monoscript/fileName/LegacyStyleProjectGeneration.cs: 8aa3d3f0dc4d59c1ad013b88ff81a18d -> 4858a0ab74312ccaa3ff27a510a9d575
  custom:scripting/monoscript/fileName/FileUtility.cs: ce7e1c41f3666e04a20e8ab169333163 -> 2d70b80c72be1fb3b2b89ce0939e8cef
  custom:video-decoder-ogg-theora: a1e56fd34408186e4bbccfd4996cb3dc -> 
  custom:framework-win-MediaFoundation: 216162199b28c13a410421893ffa2e32 -> 
  custom:scripting/monoscript/fileName/VisualStudioCursorInstallation.cs: 95dc478876e6707a7e0d3e4422a08b22 -> 
  custom:scripting/monoscript/fileName/Messenger.cs: e1a29b4f8717764c5ff32215b741de2c -> f4ebc46d09b2b4de489946914db2aae0
  custom:scripting/monoscript/fileName/ProcessRunner.cs: 9913dac524d7fba7e53010bd3e109769 -> 932a2a80cb9a3539199f645deff3c585
  custom:scripting/monoscript/fileName/ExceptionEventArgs.cs: c1fb418063f3fe95153ce19939c50281 -> 27cb4c00a4137b184e01164606c88685
  custom:scripting/monoscript/fileName/ProjectGeneration.cs: 9ecb66398cf426136e1427db129d71bc -> 5d892aecaaa9b5c9f4162e2ae2b374ef
  custom:scripting/monoscript/fileName/GameOverUI.cs: 204dcc333de1c17b944f34fa4337dc40 -> 
  custom:scripting/monoscript/fileName/Symbols.cs: 37055ad381792899bea2e26647ce5ae9 -> 27613575e8bda8a6448f80ff27c488f9
  custom:scripting/monoscript/fileName/VersionPair.cs: 219dda7a75299c084fd265cf8d4d22ac -> 88b4a0b7e953537f26ded0a68cf4c238
  custom:scripting/precompiled-assembly-types:Unity.Timeline.Editor: b4313fba5652ee5a8449f3ec85f31ae4 -> 534d7c71c4dd9147ea00599cede121e1
  custom:CustomObjectIndexerAttribute: 9a22284fe3817be447336de3de66b15e -> 
  custom:scripting/monoscript/fileName/TestResultAdaptor.cs: 9b1d3d6bb50f08d85d0c8ba1d01b312d -> fb4db3971d5379750cda884e7e44e3e4
  custom:scripting/monoscript/fileName/VisualStudioEditor.cs: edffea2b56ff2fcda30202ca00e6de62 -> 21e59f688ad500ab61aca318850ec505
  custom:scripting/monoscript/fileName/VisualStudioInstallation.cs: d9bdf8280241f81cb63321a50b4ad2cb -> 41612f13db7783c8635801ab159c1079
  custom:scripting/monoscript/fileName/GameStartPanel.cs: f9029a7546d6d0a640aa647183643613 -> 
  custom:container-demuxer-webm: 4f35f7cbe854078d1ac9338744f61a02 -> 
  custom:scripting/monoscript/fileName/Solution.cs: 6f57345c5a9c03cd9de52e226d588ae1 -> 8bc97d0abd509f39b67b3a5bbac1b9a1
  custom:scripting/monoscript/fileName/VisualStudioCodiumInstallation.cs: 8ee758ce837648e8a493211c15ac775a -> 
  custom:scripting/precompiled-assembly-types:Unity.Cursor.Editor: c4135f52e7ee32dfaf93d3e70b9c4e0a -> 
  custom:scripting/monoscript/fileName/GUIDProvider.cs: cb8edf978faeabcee864dce1a906a291 -> cdd3f47e4fe593d2dfdf9915fa537e3f
  custom:container-muxer-webm: aa71ff27fc2769a1b78a27578f13a17b -> 
  custom:video-decoder-webm-vp8: 9c59270c3fd7afecdb556c50c9e8de78 -> 
  custom:scripting/monoscript/fileName/MessageEventArgs.cs: 1019688f506e4394820040d9795c0a7d -> 528473bbcee3623fe954627c6bfadd2e
  custom:SearchIndexIgnoredProperties: e643bd26f0fe6173181afceb89e7c659 -> 
  custom:scripting/monoscript/fileName/ProjectProperties.cs: 2d74649e53a223aa9cd860921346e9bd -> 407063898a13eaad2cd100e43551c6b5
  custom:AudioImporter_EditorPlatform: d09bf68614088b80899f8185d706f6e7 -> 
  custom:scripting/monoscript/fileName/UnityInstallation.cs: e77a4cd80130bf9635eda265c59fc585 -> 0ba30d4545f2c34a9323456723b5dbfe
  custom:scripting/precompiled-assembly-types:Unity.VisualScripting.Core.Editor: 1ac958119c4ad755d50390246b13522a -> 39597c0f3a76e24d87d64afa59c5f88d
  custom:scripting/monoscript/fileName/SolutionParser.cs: 28362f3ad5ff471d352dad937c4f46f0 -> 240a75b5fc2682997268aa77e6a1dd86
  custom:scripting/monoscript/fileName/TestAdaptor.cs: 5be3b7fc797cbdb67976ea5fdb904de5 -> 486cec8559bad7c56adc699f165feb67
  custom:scripting/precompiled-assembly-types:UnityEngine.TestRunner: 7a4d96a0696e29157328c6996c3b82c5 -> f5758234275f5346968d00e3b1a1c0e4
  custom:scripting/monoscript/fileName/Discovery.cs: 43295ac1709a058ba3ec01d8585e170c -> 2b1006b9be47307c73378eaafc98b6fb
  custom:scripting/monoscript/fileName/VisualStudioIntegration.cs: f837b233b752d741f76e0990c5fad160 -> f9e623c49f9f20ea97a4519aa48d72d4
  custom:scripting/monoscript/fileName/FileIOProvider.cs: 081176a77b8b51898d4a1d6cfbab48ce -> 304525d180d2b661ce338fc8a3225752
  custom:scripting/monoscript/fileName/SdkStyleProjectGeneration.cs: 0d12ba8b4cce4103aedd4f5c89736364 -> bbd8a39d16aad1a0b8d5240b1f43f4a4
  custom:scripting/monoscript/fileName/Enemy.cs: 13cc614454c9ae28caa24456faa3d7cf -> 
  custom:video-encoder-webm-vp8: eb34c28f22e8b96e1ab97ce403110664 -> 
  custom:audio-decoder-ogg-vorbis: bf7c407c2cedff20999df2af8eb42d56 -> 
  custom:scripting/monoscript/fileName/SolutionProperties.cs: 0b7dbd9dc0e3af7f872e6112fa6f596e -> ab8751e49ae2f3d9994444a0a38619bd
  custom:scripting/monoscript/fileName/TestRunnerApiListener.cs: 9b7ed325f86e08c020c1bdc783d9bb51 -> cc17cec8825a8f933d6ecbd68d51f1de
  custom:scripting/monoscript/fileName/AssemblyNameProvider.cs: 06c09785a9ef49a49b329ed384758248 -> 170b0fd934f78f2e6a09342014bfa1fc
  custom:scripting/monoscript/fileName/Serializer.cs: 44df498e13906e45a2828923a7f89ac6 -> d7df1b97d0a3bd0bb98fd4d2d5bf5d29
  custom:scripting/monoscript/fileName/Message.cs: 3d319f70d9870482a245157c25577c4e -> 671a789acb2c7a93d0b620fe02979957
  custom:scripting/monoscript/fileName/Deserializer.cs: 7a4843246f0d5a1b063e9a6fef778397 -> 1cc72e9ed2428cc6d6ce2d4d2ad7b02b
  custom:scripting/monoscript/fileName/Test.cs: 8289d0398bd9a051035a87365428a0e7 -> 
  custom:audio-encoder-webm-vorbis: bf7c407c2cedff20999df2af8eb42d56 -> 
  custom:scripting/monoscript/fileName/TestRunnerCallbacks.cs: 901a1f98c6fdb76be420d56e91fe540d -> 5627cb9f4ed769fba607b0cab8e9e63d
  custom:scripting/monoscript/fileName/AsyncOperation.cs: 8f6297df34271fdb1ce2d9607ec6261d -> 90647cc400823b41df847a6cbfc29026
  custom:scripting/precompiled-assembly-types:Assembly-CSharp: 21ebfb0f5adf3ec10b439ac8102297a1 -> 
  custom:scripting/monoscript/fileName/UsageUtility.cs: 3f044a4563e8e23515be1e6c9e7e0fc7 -> 5ed3d13206b2b96245ce59a5c83beed1
========================================================================
Received Import Request.
  Time since last request: 54.740050 seconds.
  path: Assets/Scripts/GameStartPanel.cs
  artifactKey: Guid(c113919375c15e547a592549933192a6) Importer(815301076,1909f56bfc062723c751e8b465ee728b)
Start importing Assets/Scripts/GameStartPanel.cs using Guid(c113919375c15e547a592549933192a6) Importer(815301076,1909f56bfc062723c751e8b465ee728b) [PhysX] Initialized MultithreadedTaskDispatcher with 8 workers.
 -> (artifact id: '38febfc18f35cb2a6a51c31671fa11f9') in 0.001765 seconds
Number of updated asset objects reloaded before import = 0
Number of asset objects unloaded after import = 0
========================================================================
Received Import Request.
  Time since last request: 0.391148 seconds.
  path: Assets/Scripts/GameOverUI.cs
  artifactKey: Guid(d64e8430603bb0245a2f2956d5229b64) Importer(815301076,1909f56bfc062723c751e8b465ee728b)
Start importing Assets/Scripts/GameOverUI.cs using Guid(d64e8430603bb0245a2f2956d5229b64) Importer(815301076,1909f56bfc062723c751e8b465ee728b) [PhysX] Initialized MultithreadedTaskDispatcher with 8 workers.
 -> (artifact id: 'd83a525d67de91f9b9974e77dd71dd4d') in 0.000437 seconds
Number of updated asset objects reloaded before import = 0
Number of asset objects unloaded after import = 0
========================================================================
Received Prepare
Caller must complete domain reload
Begin MonoManager ReloadAssembly
- Loaded All Assemblies, in  0.447 seconds
Native extension for WindowsStandalone target not found
Native extension for WebGL target not found
Mono: successfully reloaded assembly
- Finished resetting the current domain, in  0.969 seconds
Domain Reload Profiling: 1415ms
	BeginReloadAssembly (160ms)
		ExecutionOrderSort (0ms)
		DisableScriptedObjects (5ms)
		BackupInstance (0ms)
		ReleaseScriptingObjects (0ms)
		CreateAndSetChildDomain (26ms)
	RebuildCommonClasses (34ms)
	RebuildNativeTypeToScriptingClass (12ms)
	initialDomainReloadingComplete (24ms)
	LoadAllAssembliesAndSetupDomain (216ms)
		LoadAssemblies (293ms)
		RebuildTransferFunctionScriptingTraits (0ms)
		AnalyzeDomain (22ms)
			TypeCache.Refresh (9ms)
				TypeCache.ScanAssembly (0ms)
			ScanForSourceGeneratedMonoScriptInfo (6ms)
			ResolveRequiredComponents (5ms)
	FinalizeReload (970ms)
		ReleaseScriptCaches (0ms)
		RebuildScriptCaches (0ms)
		SetupLoadedEditorAssemblies (363ms)
			LogAssemblyErrors (0ms)
			InitializePlatformSupportModulesInManaged (6ms)
			SetLoadedEditorAssemblies (3ms)
			RefreshPlugins (0ms)
			BeforeProcessingInitializeOnLoad (51ms)
			ProcessInitializeOnLoadAttributes (279ms)
			ProcessInitializeOnLoadMethodAttributes (22ms)
			AfterProcessingInitializeOnLoad (2ms)
			EditorAssembliesLoaded (0ms)
		ExecutionOrderSort2 (0ms)
		AwakeInstancesAfterBackupRestoration (12ms)
Refreshing native plugins compatible for Editor in 4.90 ms, found 3 plugins.
Preloading 0 native plugins for Editor in 0.00 ms.
Unloading 3176 Unused Serialized files (Serialized files now loaded: 0)
Unloading 14 unused Assets / (28.6 KB). Loaded Objects now: 3677.
Memory consumption went from 118.8 MB to 118.8 MB.
Total: 2.882600 ms (FindLiveObjects: 0.253600 ms CreateObjectMapping: 0.227100 ms MarkObjects: 2.366800 ms  DeleteObjects: 0.034100 ms)

Prepare: number of updated asset objects reloaded= 0
AssetImportParameters requested are different than current active one (requested -> active):
  custom:scripting/monoscript/fileName/UdpSocket.cs: 5c2b80a042c65f789ef7f3c889fd101f -> 7555d065f81d23e6604acb91cf79ddd6
  custom:scripting/monoscript/fileName/Image.cs: 31ff8141403f4cb357eb7bf7e9ffdaeb -> f32195bbbc1ca9edcb6c8c6185597e40
  custom:scripting/monoscript/fileName/Cli.cs: 3c2ed0c881a657a6a8d1cec2a5d27e18 -> d287e08b50f2cb135aa4d7f8e01b7ef9
  custom:scripting/monoscript/fileName/KnownAssemblies.cs: 5a9878fa8cd33efc58225a4622d3c409 -> 286bea9f8fcee5e392f6fc0f0cd541c8
  custom:scripting/monoscript/fileName/SimpleJSON.cs: 2249b1d8736d53bdbb860984e9900714 -> 70c028a07c79c166db015acda1282d86
  custom:container-demuxer-ogg: 62fdf1f143b41e24485cea50d1cbac27 -> 
  custom:scripting/precompiled-assembly-types:Unity.PlasticSCM.Editor: 72a23a7a65cae48dae511b6579c293e4 -> 7e4e003063ee77e81fbf11080919f8e6
  custom:scripting/monoscript/fileName/SolutionProjectEntry.cs: 2cdbeb47f8763ac80d7836f6135300a9 -> 68cea09e9af09443edf61e18806ac1c2
  custom:scripting/monoscript/fileName/TcpListener.cs: 61afd6a8605bfd0084b595d2a15e8b2e -> 940bfdac0e91ad2884e6359468f2782a
  custom:scripting/monoscript/fileName/TcpClient.cs: 55a65447af3e4d6ecee8fd6d8f8731bd -> a949cfd4c46427829913ee0195fa0103
  custom:video-codec-MediaFoundation-h265: 746d11721c4dcdbdad8f713fa42b33f4 -> 
  custom:scripting/monoscript/fileName/LegacyStyleProjectGeneration.cs: 8aa3d3f0dc4d59c1ad013b88ff81a18d -> 4858a0ab74312ccaa3ff27a510a9d575
  custom:scripting/monoscript/fileName/FileUtility.cs: ce7e1c41f3666e04a20e8ab169333163 -> 2d70b80c72be1fb3b2b89ce0939e8cef
  custom:video-decoder-ogg-theora: a1e56fd34408186e4bbccfd4996cb3dc -> 
  custom:framework-win-MediaFoundation: 216162199b28c13a410421893ffa2e32 -> 
  custom:scripting/monoscript/fileName/VisualStudioCursorInstallation.cs: 95dc478876e6707a7e0d3e4422a08b22 -> 
  custom:scripting/monoscript/fileName/Messenger.cs: e1a29b4f8717764c5ff32215b741de2c -> f4ebc46d09b2b4de489946914db2aae0
  custom:scripting/monoscript/fileName/ProcessRunner.cs: 9913dac524d7fba7e53010bd3e109769 -> 932a2a80cb9a3539199f645deff3c585
  custom:scripting/monoscript/fileName/ExceptionEventArgs.cs: c1fb418063f3fe95153ce19939c50281 -> 27cb4c00a4137b184e01164606c88685
  custom:scripting/monoscript/fileName/ProjectGeneration.cs: 9ecb66398cf426136e1427db129d71bc -> 5d892aecaaa9b5c9f4162e2ae2b374ef
  custom:scripting/monoscript/fileName/GameOverUI.cs: 204dcc333de1c17b944f34fa4337dc40 -> 
  custom:scripting/monoscript/fileName/Symbols.cs: 37055ad381792899bea2e26647ce5ae9 -> 27613575e8bda8a6448f80ff27c488f9
  custom:scripting/monoscript/fileName/VersionPair.cs: 219dda7a75299c084fd265cf8d4d22ac -> 88b4a0b7e953537f26ded0a68cf4c238
  custom:scripting/precompiled-assembly-types:Unity.Timeline.Editor: b4313fba5652ee5a8449f3ec85f31ae4 -> 534d7c71c4dd9147ea00599cede121e1
  custom:CustomObjectIndexerAttribute: 9a22284fe3817be447336de3de66b15e -> 
  custom:scripting/monoscript/fileName/TestResultAdaptor.cs: 9b1d3d6bb50f08d85d0c8ba1d01b312d -> fb4db3971d5379750cda884e7e44e3e4
  custom:scripting/monoscript/fileName/VisualStudioEditor.cs: edffea2b56ff2fcda30202ca00e6de62 -> 21e59f688ad500ab61aca318850ec505
  custom:scripting/monoscript/fileName/VisualStudioInstallation.cs: d9bdf8280241f81cb63321a50b4ad2cb -> 41612f13db7783c8635801ab159c1079
  custom:scripting/monoscript/fileName/GameStartPanel.cs: f9029a7546d6d0a640aa647183643613 -> 
  custom:container-demuxer-webm: 4f35f7cbe854078d1ac9338744f61a02 -> 
  custom:scripting/monoscript/fileName/Solution.cs: 6f57345c5a9c03cd9de52e226d588ae1 -> 8bc97d0abd509f39b67b3a5bbac1b9a1
  custom:scripting/monoscript/fileName/VisualStudioCodiumInstallation.cs: 8ee758ce837648e8a493211c15ac775a -> 
  custom:scripting/precompiled-assembly-types:Unity.Cursor.Editor: c4135f52e7ee32dfaf93d3e70b9c4e0a -> 
  custom:scripting/monoscript/fileName/GUIDProvider.cs: cb8edf978faeabcee864dce1a906a291 -> cdd3f47e4fe593d2dfdf9915fa537e3f
  custom:container-muxer-webm: aa71ff27fc2769a1b78a27578f13a17b -> 
  custom:video-decoder-webm-vp8: 9c59270c3fd7afecdb556c50c9e8de78 -> 
  custom:scripting/monoscript/fileName/MessageEventArgs.cs: 1019688f506e4394820040d9795c0a7d -> 528473bbcee3623fe954627c6bfadd2e
  custom:SearchIndexIgnoredProperties: e643bd26f0fe6173181afceb89e7c659 -> 
  custom:scripting/monoscript/fileName/ProjectProperties.cs: 2d74649e53a223aa9cd860921346e9bd -> 407063898a13eaad2cd100e43551c6b5
  custom:AudioImporter_EditorPlatform: d09bf68614088b80899f8185d706f6e7 -> 
  custom:scripting/monoscript/fileName/UnityInstallation.cs: e77a4cd80130bf9635eda265c59fc585 -> 0ba30d4545f2c34a9323456723b5dbfe
  custom:scripting/precompiled-assembly-types:Unity.VisualScripting.Core.Editor: 1ac958119c4ad755d50390246b13522a -> 39597c0f3a76e24d87d64afa59c5f88d
  custom:scripting/monoscript/fileName/SolutionParser.cs: 28362f3ad5ff471d352dad937c4f46f0 -> 240a75b5fc2682997268aa77e6a1dd86
  custom:scripting/monoscript/fileName/TestAdaptor.cs: 5be3b7fc797cbdb67976ea5fdb904de5 -> 486cec8559bad7c56adc699f165feb67
  custom:scripting/precompiled-assembly-types:UnityEngine.TestRunner: 7a4d96a0696e29157328c6996c3b82c5 -> f5758234275f5346968d00e3b1a1c0e4
  custom:scripting/monoscript/fileName/Discovery.cs: 43295ac1709a058ba3ec01d8585e170c -> 2b1006b9be47307c73378eaafc98b6fb
  custom:scripting/monoscript/fileName/VisualStudioIntegration.cs: f837b233b752d741f76e0990c5fad160 -> f9e623c49f9f20ea97a4519aa48d72d4
  custom:scripting/monoscript/fileName/FileIOProvider.cs: 081176a77b8b51898d4a1d6cfbab48ce -> 304525d180d2b661ce338fc8a3225752
  custom:scripting/monoscript/fileName/SdkStyleProjectGeneration.cs: 0d12ba8b4cce4103aedd4f5c89736364 -> bbd8a39d16aad1a0b8d5240b1f43f4a4
  custom:scripting/monoscript/fileName/Enemy.cs: 13cc614454c9ae28caa24456faa3d7cf -> 
  custom:video-encoder-webm-vp8: eb34c28f22e8b96e1ab97ce403110664 -> 
  custom:audio-decoder-ogg-vorbis: bf7c407c2cedff20999df2af8eb42d56 -> 
  custom:scripting/monoscript/fileName/SolutionProperties.cs: 0b7dbd9dc0e3af7f872e6112fa6f596e -> ab8751e49ae2f3d9994444a0a38619bd
  custom:scripting/monoscript/fileName/TestRunnerApiListener.cs: 9b7ed325f86e08c020c1bdc783d9bb51 -> cc17cec8825a8f933d6ecbd68d51f1de
  custom:scripting/monoscript/fileName/AssemblyNameProvider.cs: 06c09785a9ef49a49b329ed384758248 -> 170b0fd934f78f2e6a09342014bfa1fc
  custom:scripting/monoscript/fileName/Serializer.cs: 44df498e13906e45a2828923a7f89ac6 -> d7df1b97d0a3bd0bb98fd4d2d5bf5d29
  custom:scripting/monoscript/fileName/Message.cs: 3d319f70d9870482a245157c25577c4e -> 671a789acb2c7a93d0b620fe02979957
  custom:scripting/monoscript/fileName/Deserializer.cs: 7a4843246f0d5a1b063e9a6fef778397 -> 1cc72e9ed2428cc6d6ce2d4d2ad7b02b
  custom:scripting/monoscript/fileName/Test.cs: 8289d0398bd9a051035a87365428a0e7 -> 
  custom:audio-encoder-webm-vorbis: bf7c407c2cedff20999df2af8eb42d56 -> 
  custom:scripting/monoscript/fileName/TestRunnerCallbacks.cs: 901a1f98c6fdb76be420d56e91fe540d -> 5627cb9f4ed769fba607b0cab8e9e63d
  custom:scripting/monoscript/fileName/AsyncOperation.cs: 8f6297df34271fdb1ce2d9607ec6261d -> 90647cc400823b41df847a6cbfc29026
  custom:scripting/precompiled-assembly-types:Assembly-CSharp: 21ebfb0f5adf3ec10b439ac8102297a1 -> 
  custom:scripting/monoscript/fileName/UsageUtility.cs: 3f044a4563e8e23515be1e6c9e7e0fc7 -> 5ed3d13206b2b96245ce59a5c83beed1
========================================================================
Received Prepare
Caller must complete domain reload
Begin MonoManager ReloadAssembly
- Loaded All Assemblies, in  0.434 seconds
Native extension for WindowsStandalone target not found
Native extension for WebGL target not found
Mono: successfully reloaded assembly
- Finished resetting the current domain, in  0.949 seconds
Domain Reload Profiling: 1383ms
	BeginReloadAssembly (153ms)
		ExecutionOrderSort (0ms)
		DisableScriptedObjects (5ms)
		BackupInstance (0ms)
		ReleaseScriptingObjects (0ms)
		CreateAndSetChildDomain (29ms)
	RebuildCommonClasses (35ms)
	RebuildNativeTypeToScriptingClass (12ms)
	initialDomainReloadingComplete (26ms)
	LoadAllAssembliesAndSetupDomain (208ms)
		LoadAssemblies (276ms)
		RebuildTransferFunctionScriptingTraits (0ms)
		AnalyzeDomain (22ms)
			TypeCache.Refresh (8ms)
				TypeCache.ScanAssembly (0ms)
			ScanForSourceGeneratedMonoScriptInfo (6ms)
			ResolveRequiredComponents (6ms)
	FinalizeReload (950ms)
		ReleaseScriptCaches (0ms)
		RebuildScriptCaches (0ms)
		SetupLoadedEditorAssemblies (355ms)
			LogAssemblyErrors (0ms)
			InitializePlatformSupportModulesInManaged (6ms)
			SetLoadedEditorAssemblies (4ms)
			RefreshPlugins (0ms)
			BeforeProcessingInitializeOnLoad (58ms)
			ProcessInitializeOnLoadAttributes (266ms)
			ProcessInitializeOnLoadMethodAttributes (19ms)
			AfterProcessingInitializeOnLoad (3ms)
			EditorAssembliesLoaded (0ms)
		ExecutionOrderSort2 (0ms)
		AwakeInstancesAfterBackupRestoration (12ms)
Refreshing native plugins compatible for Editor in 3.75 ms, found 3 plugins.
Preloading 0 native plugins for Editor in 0.00 ms.
Unloading 3177 Unused Serialized files (Serialized files now loaded: 0)
Unloading 14 unused Assets / (28.6 KB). Loaded Objects now: 3680.
Memory consumption went from 119.1 MB to 119.0 MB.
Total: 3.316300 ms (FindLiveObjects: 0.273300 ms CreateObjectMapping: 0.247200 ms MarkObjects: 2.744600 ms  DeleteObjects: 0.050400 ms)

Prepare: number of updated asset objects reloaded= 0
AssetImportParameters requested are different than current active one (requested -> active):
  custom:scripting/monoscript/fileName/UdpSocket.cs: 5c2b80a042c65f789ef7f3c889fd101f -> 7555d065f81d23e6604acb91cf79ddd6
  custom:scripting/monoscript/fileName/Image.cs: 31ff8141403f4cb357eb7bf7e9ffdaeb -> f32195bbbc1ca9edcb6c8c6185597e40
  custom:scripting/monoscript/fileName/Cli.cs: 3c2ed0c881a657a6a8d1cec2a5d27e18 -> d287e08b50f2cb135aa4d7f8e01b7ef9
  custom:scripting/monoscript/fileName/KnownAssemblies.cs: 5a9878fa8cd33efc58225a4622d3c409 -> 286bea9f8fcee5e392f6fc0f0cd541c8
  custom:scripting/monoscript/fileName/SimpleJSON.cs: 2249b1d8736d53bdbb860984e9900714 -> 70c028a07c79c166db015acda1282d86
  custom:container-demuxer-ogg: 62fdf1f143b41e24485cea50d1cbac27 -> 
  custom:scripting/precompiled-assembly-types:Unity.PlasticSCM.Editor: 72a23a7a65cae48dae511b6579c293e4 -> 7e4e003063ee77e81fbf11080919f8e6
  custom:scripting/monoscript/fileName/SolutionProjectEntry.cs: 2cdbeb47f8763ac80d7836f6135300a9 -> 68cea09e9af09443edf61e18806ac1c2
  custom:scripting/monoscript/fileName/TcpListener.cs: 61afd6a8605bfd0084b595d2a15e8b2e -> 940bfdac0e91ad2884e6359468f2782a
  custom:scripting/monoscript/fileName/TcpClient.cs: 55a65447af3e4d6ecee8fd6d8f8731bd -> a949cfd4c46427829913ee0195fa0103
  custom:video-codec-MediaFoundation-h265: 746d11721c4dcdbdad8f713fa42b33f4 -> 
  custom:scripting/monoscript/fileName/LegacyStyleProjectGeneration.cs: 8aa3d3f0dc4d59c1ad013b88ff81a18d -> 4858a0ab74312ccaa3ff27a510a9d575
  custom:scripting/monoscript/fileName/FileUtility.cs: ce7e1c41f3666e04a20e8ab169333163 -> 2d70b80c72be1fb3b2b89ce0939e8cef
  custom:video-decoder-ogg-theora: a1e56fd34408186e4bbccfd4996cb3dc -> 
  custom:framework-win-MediaFoundation: 216162199b28c13a410421893ffa2e32 -> 
  custom:scripting/monoscript/fileName/VisualStudioCursorInstallation.cs: 95dc478876e6707a7e0d3e4422a08b22 -> 
  custom:scripting/monoscript/fileName/Messenger.cs: e1a29b4f8717764c5ff32215b741de2c -> f4ebc46d09b2b4de489946914db2aae0
  custom:scripting/monoscript/fileName/ProcessRunner.cs: 9913dac524d7fba7e53010bd3e109769 -> 932a2a80cb9a3539199f645deff3c585
  custom:scripting/monoscript/fileName/ExceptionEventArgs.cs: c1fb418063f3fe95153ce19939c50281 -> 27cb4c00a4137b184e01164606c88685
  custom:scripting/monoscript/fileName/ProjectGeneration.cs: 9ecb66398cf426136e1427db129d71bc -> 5d892aecaaa9b5c9f4162e2ae2b374ef
  custom:scripting/monoscript/fileName/GameOverUI.cs: 204dcc333de1c17b944f34fa4337dc40 -> 
  custom:scripting/monoscript/fileName/Symbols.cs: 37055ad381792899bea2e26647ce5ae9 -> 27613575e8bda8a6448f80ff27c488f9
  custom:scripting/monoscript/fileName/VersionPair.cs: 219dda7a75299c084fd265cf8d4d22ac -> 88b4a0b7e953537f26ded0a68cf4c238
  custom:scripting/precompiled-assembly-types:Unity.Timeline.Editor: b4313fba5652ee5a8449f3ec85f31ae4 -> 534d7c71c4dd9147ea00599cede121e1
  custom:CustomObjectIndexerAttribute: 9a22284fe3817be447336de3de66b15e -> 
  custom:scripting/monoscript/fileName/TestResultAdaptor.cs: 9b1d3d6bb50f08d85d0c8ba1d01b312d -> fb4db3971d5379750cda884e7e44e3e4
  custom:scripting/monoscript/fileName/VisualStudioEditor.cs: edffea2b56ff2fcda30202ca00e6de62 -> 21e59f688ad500ab61aca318850ec505
  custom:scripting/monoscript/fileName/VisualStudioInstallation.cs: d9bdf8280241f81cb63321a50b4ad2cb -> 41612f13db7783c8635801ab159c1079
  custom:scripting/monoscript/fileName/GameStartPanel.cs: f9029a7546d6d0a640aa647183643613 -> 
  custom:container-demuxer-webm: 4f35f7cbe854078d1ac9338744f61a02 -> 
  custom:scripting/monoscript/fileName/Solution.cs: 6f57345c5a9c03cd9de52e226d588ae1 -> 8bc97d0abd509f39b67b3a5bbac1b9a1
  custom:scripting/monoscript/fileName/VisualStudioCodiumInstallation.cs: 8ee758ce837648e8a493211c15ac775a -> 
  custom:scripting/precompiled-assembly-types:Unity.Cursor.Editor: c4135f52e7ee32dfaf93d3e70b9c4e0a -> 
  custom:scripting/monoscript/fileName/GUIDProvider.cs: cb8edf978faeabcee864dce1a906a291 -> cdd3f47e4fe593d2dfdf9915fa537e3f
  custom:container-muxer-webm: aa71ff27fc2769a1b78a27578f13a17b -> 
  custom:video-decoder-webm-vp8: 9c59270c3fd7afecdb556c50c9e8de78 -> 
  custom:scripting/monoscript/fileName/MessageEventArgs.cs: 1019688f506e4394820040d9795c0a7d -> 528473bbcee3623fe954627c6bfadd2e
  custom:SearchIndexIgnoredProperties: e643bd26f0fe6173181afceb89e7c659 -> 
  custom:scripting/monoscript/fileName/ProjectProperties.cs: 2d74649e53a223aa9cd860921346e9bd -> 407063898a13eaad2cd100e43551c6b5
  custom:AudioImporter_EditorPlatform: d09bf68614088b80899f8185d706f6e7 -> 
  custom:scripting/monoscript/fileName/UnityInstallation.cs: e77a4cd80130bf9635eda265c59fc585 -> 0ba30d4545f2c34a9323456723b5dbfe
  custom:scripting/precompiled-assembly-types:Unity.VisualScripting.Core.Editor: 1ac958119c4ad755d50390246b13522a -> 39597c0f3a76e24d87d64afa59c5f88d
  custom:scripting/monoscript/fileName/SolutionParser.cs: 28362f3ad5ff471d352dad937c4f46f0 -> 240a75b5fc2682997268aa77e6a1dd86
  custom:scripting/monoscript/fileName/TestAdaptor.cs: 5be3b7fc797cbdb67976ea5fdb904de5 -> 486cec8559bad7c56adc699f165feb67
  custom:scripting/precompiled-assembly-types:UnityEngine.TestRunner: 7a4d96a0696e29157328c6996c3b82c5 -> f5758234275f5346968d00e3b1a1c0e4
  custom:scripting/monoscript/fileName/Discovery.cs: 43295ac1709a058ba3ec01d8585e170c -> 2b1006b9be47307c73378eaafc98b6fb
  custom:scripting/monoscript/fileName/VisualStudioIntegration.cs: f837b233b752d741f76e0990c5fad160 -> f9e623c49f9f20ea97a4519aa48d72d4
  custom:scripting/monoscript/fileName/FileIOProvider.cs: 081176a77b8b51898d4a1d6cfbab48ce -> 304525d180d2b661ce338fc8a3225752
  custom:scripting/monoscript/fileName/SdkStyleProjectGeneration.cs: 0d12ba8b4cce4103aedd4f5c89736364 -> bbd8a39d16aad1a0b8d5240b1f43f4a4
  custom:scripting/monoscript/fileName/Enemy.cs: 13cc614454c9ae28caa24456faa3d7cf -> 
  custom:video-encoder-webm-vp8: eb34c28f22e8b96e1ab97ce403110664 -> 
  custom:audio-decoder-ogg-vorbis: bf7c407c2cedff20999df2af8eb42d56 -> 
  custom:scripting/monoscript/fileName/SolutionProperties.cs: 0b7dbd9dc0e3af7f872e6112fa6f596e -> ab8751e49ae2f3d9994444a0a38619bd
  custom:scripting/monoscript/fileName/TestRunnerApiListener.cs: 9b7ed325f86e08c020c1bdc783d9bb51 -> cc17cec8825a8f933d6ecbd68d51f1de
  custom:scripting/monoscript/fileName/AssemblyNameProvider.cs: 06c09785a9ef49a49b329ed384758248 -> 170b0fd934f78f2e6a09342014bfa1fc
  custom:scripting/monoscript/fileName/Serializer.cs: 44df498e13906e45a2828923a7f89ac6 -> d7df1b97d0a3bd0bb98fd4d2d5bf5d29
  custom:scripting/monoscript/fileName/Message.cs: 3d319f70d9870482a245157c25577c4e -> 671a789acb2c7a93d0b620fe02979957
  custom:scripting/monoscript/fileName/Deserializer.cs: 7a4843246f0d5a1b063e9a6fef778397 -> 1cc72e9ed2428cc6d6ce2d4d2ad7b02b
  custom:scripting/monoscript/fileName/Test.cs: 8289d0398bd9a051035a87365428a0e7 -> 
  custom:audio-encoder-webm-vorbis: bf7c407c2cedff20999df2af8eb42d56 -> 
  custom:scripting/monoscript/fileName/TestRunnerCallbacks.cs: 901a1f98c6fdb76be420d56e91fe540d -> 5627cb9f4ed769fba607b0cab8e9e63d
  custom:scripting/monoscript/fileName/AsyncOperation.cs: 8f6297df34271fdb1ce2d9607ec6261d -> 90647cc400823b41df847a6cbfc29026
  custom:scripting/precompiled-assembly-types:Assembly-CSharp: 21ebfb0f5adf3ec10b439ac8102297a1 -> 
  custom:scripting/monoscript/fileName/UsageUtility.cs: 3f044a4563e8e23515be1e6c9e7e0fc7 -> 5ed3d13206b2b96245ce59a5c83beed1
========================================================================
Received Prepare
Caller must complete domain reload
Begin MonoManager ReloadAssembly
- Loaded All Assemblies, in  0.480 seconds
Native extension for WindowsStandalone target not found
Native extension for WebGL target not found
Mono: successfully reloaded assembly
- Finished resetting the current domain, in  0.958 seconds
Domain Reload Profiling: 1437ms
	BeginReloadAssembly (154ms)
		ExecutionOrderSort (0ms)
		DisableScriptedObjects (6ms)
		BackupInstance (0ms)
		ReleaseScriptingObjects (0ms)
		CreateAndSetChildDomain (29ms)
	RebuildCommonClasses (49ms)
	RebuildNativeTypeToScriptingClass (17ms)
	initialDomainReloadingComplete (44ms)
	LoadAllAssembliesAndSetupDomain (214ms)
		LoadAssemblies (282ms)
		RebuildTransferFunctionScriptingTraits (0ms)
		AnalyzeDomain (22ms)
			TypeCache.Refresh (8ms)
				TypeCache.ScanAssembly (0ms)
			ScanForSourceGeneratedMonoScriptInfo (7ms)
			ResolveRequiredComponents (5ms)
	FinalizeReload (959ms)
		ReleaseScriptCaches (0ms)
		RebuildScriptCaches (0ms)
		SetupLoadedEditorAssemblies (347ms)
			LogAssemblyErrors (0ms)
			InitializePlatformSupportModulesInManaged (7ms)
			SetLoadedEditorAssemblies (3ms)
			RefreshPlugins (0ms)
			BeforeProcessingInitializeOnLoad (50ms)
			ProcessInitializeOnLoadAttributes (263ms)
			ProcessInitializeOnLoadMethodAttributes (21ms)
			AfterProcessingInitializeOnLoad (3ms)
			EditorAssembliesLoaded (0ms)
		ExecutionOrderSort2 (0ms)
		AwakeInstancesAfterBackupRestoration (11ms)
Refreshing native plugins compatible for Editor in 4.86 ms, found 3 plugins.
Preloading 0 native plugins for Editor in 0.00 ms.
Unloading 3177 Unused Serialized files (Serialized files now loaded: 0)
Unloading 14 unused Assets / (28.6 KB). Loaded Objects now: 3683.
Memory consumption went from 119.1 MB to 119.0 MB.
Total: 2.766300 ms (FindLiveObjects: 0.329400 ms CreateObjectMapping: 0.248100 ms MarkObjects: 2.145700 ms  DeleteObjects: 0.042200 ms)

Prepare: number of updated asset objects reloaded= 0
AssetImportParameters requested are different than current active one (requested -> active):
  custom:scripting/monoscript/fileName/UdpSocket.cs: 5c2b80a042c65f789ef7f3c889fd101f -> 7555d065f81d23e6604acb91cf79ddd6
  custom:scripting/monoscript/fileName/Image.cs: 31ff8141403f4cb357eb7bf7e9ffdaeb -> f32195bbbc1ca9edcb6c8c6185597e40
  custom:scripting/monoscript/fileName/Cli.cs: 3c2ed0c881a657a6a8d1cec2a5d27e18 -> d287e08b50f2cb135aa4d7f8e01b7ef9
  custom:scripting/monoscript/fileName/KnownAssemblies.cs: 5a9878fa8cd33efc58225a4622d3c409 -> 286bea9f8fcee5e392f6fc0f0cd541c8
  custom:scripting/monoscript/fileName/SimpleJSON.cs: 2249b1d8736d53bdbb860984e9900714 -> 70c028a07c79c166db015acda1282d86
  custom:container-demuxer-ogg: 62fdf1f143b41e24485cea50d1cbac27 -> 
  custom:scripting/precompiled-assembly-types:Unity.PlasticSCM.Editor: 72a23a7a65cae48dae511b6579c293e4 -> 7e4e003063ee77e81fbf11080919f8e6
  custom:scripting/monoscript/fileName/SolutionProjectEntry.cs: 2cdbeb47f8763ac80d7836f6135300a9 -> 68cea09e9af09443edf61e18806ac1c2
  custom:scripting/monoscript/fileName/TcpListener.cs: 61afd6a8605bfd0084b595d2a15e8b2e -> 940bfdac0e91ad2884e6359468f2782a
  custom:scripting/monoscript/fileName/TcpClient.cs: 55a65447af3e4d6ecee8fd6d8f8731bd -> a949cfd4c46427829913ee0195fa0103
  custom:video-codec-MediaFoundation-h265: 746d11721c4dcdbdad8f713fa42b33f4 -> 
  custom:scripting/monoscript/fileName/LegacyStyleProjectGeneration.cs: 8aa3d3f0dc4d59c1ad013b88ff81a18d -> 4858a0ab74312ccaa3ff27a510a9d575
  custom:scripting/monoscript/fileName/FileUtility.cs: ce7e1c41f3666e04a20e8ab169333163 -> 2d70b80c72be1fb3b2b89ce0939e8cef
  custom:video-decoder-ogg-theora: a1e56fd34408186e4bbccfd4996cb3dc -> 
  custom:framework-win-MediaFoundation: 216162199b28c13a410421893ffa2e32 -> 
  custom:scripting/monoscript/fileName/VisualStudioCursorInstallation.cs: 95dc478876e6707a7e0d3e4422a08b22 -> 
  custom:scripting/monoscript/fileName/Messenger.cs: e1a29b4f8717764c5ff32215b741de2c -> f4ebc46d09b2b4de489946914db2aae0
  custom:scripting/monoscript/fileName/ProcessRunner.cs: 9913dac524d7fba7e53010bd3e109769 -> 932a2a80cb9a3539199f645deff3c585
  custom:scripting/monoscript/fileName/ExceptionEventArgs.cs: c1fb418063f3fe95153ce19939c50281 -> 27cb4c00a4137b184e01164606c88685
  custom:scripting/monoscript/fileName/ProjectGeneration.cs: 9ecb66398cf426136e1427db129d71bc -> 5d892aecaaa9b5c9f4162e2ae2b374ef
  custom:scripting/monoscript/fileName/GameOverUI.cs: 204dcc333de1c17b944f34fa4337dc40 -> 
  custom:scripting/monoscript/fileName/Symbols.cs: 37055ad381792899bea2e26647ce5ae9 -> 27613575e8bda8a6448f80ff27c488f9
  custom:scripting/monoscript/fileName/VersionPair.cs: 219dda7a75299c084fd265cf8d4d22ac -> 88b4a0b7e953537f26ded0a68cf4c238
  custom:scripting/precompiled-assembly-types:Unity.Timeline.Editor: b4313fba5652ee5a8449f3ec85f31ae4 -> 534d7c71c4dd9147ea00599cede121e1
  custom:CustomObjectIndexerAttribute: 9a22284fe3817be447336de3de66b15e -> 
  custom:scripting/monoscript/fileName/TestResultAdaptor.cs: 9b1d3d6bb50f08d85d0c8ba1d01b312d -> fb4db3971d5379750cda884e7e44e3e4
  custom:scripting/monoscript/fileName/VisualStudioEditor.cs: edffea2b56ff2fcda30202ca00e6de62 -> 21e59f688ad500ab61aca318850ec505
  custom:scripting/monoscript/fileName/VisualStudioInstallation.cs: d9bdf8280241f81cb63321a50b4ad2cb -> 41612f13db7783c8635801ab159c1079
  custom:scripting/monoscript/fileName/GameStartPanel.cs: f9029a7546d6d0a640aa647183643613 -> 
  custom:container-demuxer-webm: 4f35f7cbe854078d1ac9338744f61a02 -> 
  custom:scripting/monoscript/fileName/Solution.cs: 6f57345c5a9c03cd9de52e226d588ae1 -> 8bc97d0abd509f39b67b3a5bbac1b9a1
  custom:scripting/monoscript/fileName/VisualStudioCodiumInstallation.cs: 8ee758ce837648e8a493211c15ac775a -> 
  custom:scripting/precompiled-assembly-types:Unity.Cursor.Editor: c4135f52e7ee32dfaf93d3e70b9c4e0a -> 
  custom:scripting/monoscript/fileName/GUIDProvider.cs: cb8edf978faeabcee864dce1a906a291 -> cdd3f47e4fe593d2dfdf9915fa537e3f
  custom:container-muxer-webm: aa71ff27fc2769a1b78a27578f13a17b -> 
  custom:video-decoder-webm-vp8: 9c59270c3fd7afecdb556c50c9e8de78 -> 
  custom:scripting/monoscript/fileName/MessageEventArgs.cs: 1019688f506e4394820040d9795c0a7d -> 528473bbcee3623fe954627c6bfadd2e
  custom:SearchIndexIgnoredProperties: e643bd26f0fe6173181afceb89e7c659 -> 
  custom:scripting/monoscript/fileName/ProjectProperties.cs: 2d74649e53a223aa9cd860921346e9bd -> 407063898a13eaad2cd100e43551c6b5
  custom:AudioImporter_EditorPlatform: d09bf68614088b80899f8185d706f6e7 -> 
  custom:scripting/monoscript/fileName/UnityInstallation.cs: e77a4cd80130bf9635eda265c59fc585 -> 0ba30d4545f2c34a9323456723b5dbfe
  custom:scripting/precompiled-assembly-types:Unity.VisualScripting.Core.Editor: 1ac958119c4ad755d50390246b13522a -> 39597c0f3a76e24d87d64afa59c5f88d
  custom:scripting/monoscript/fileName/SolutionParser.cs: 28362f3ad5ff471d352dad937c4f46f0 -> 240a75b5fc2682997268aa77e6a1dd86
  custom:scripting/monoscript/fileName/TestAdaptor.cs: 5be3b7fc797cbdb67976ea5fdb904de5 -> 486cec8559bad7c56adc699f165feb67
  custom:scripting/precompiled-assembly-types:UnityEngine.TestRunner: 7a4d96a0696e29157328c6996c3b82c5 -> f5758234275f5346968d00e3b1a1c0e4
  custom:scripting/monoscript/fileName/Discovery.cs: 43295ac1709a058ba3ec01d8585e170c -> 2b1006b9be47307c73378eaafc98b6fb
  custom:scripting/monoscript/fileName/VisualStudioIntegration.cs: f837b233b752d741f76e0990c5fad160 -> f9e623c49f9f20ea97a4519aa48d72d4
  custom:scripting/monoscript/fileName/FileIOProvider.cs: 081176a77b8b51898d4a1d6cfbab48ce -> 304525d180d2b661ce338fc8a3225752
  custom:scripting/monoscript/fileName/SdkStyleProjectGeneration.cs: 0d12ba8b4cce4103aedd4f5c89736364 -> bbd8a39d16aad1a0b8d5240b1f43f4a4
  custom:scripting/monoscript/fileName/Enemy.cs: 13cc614454c9ae28caa24456faa3d7cf -> 
  custom:video-encoder-webm-vp8: eb34c28f22e8b96e1ab97ce403110664 -> 
  custom:audio-decoder-ogg-vorbis: bf7c407c2cedff20999df2af8eb42d56 -> 
  custom:scripting/monoscript/fileName/SolutionProperties.cs: 0b7dbd9dc0e3af7f872e6112fa6f596e -> ab8751e49ae2f3d9994444a0a38619bd
  custom:scripting/monoscript/fileName/TestRunnerApiListener.cs: 9b7ed325f86e08c020c1bdc783d9bb51 -> cc17cec8825a8f933d6ecbd68d51f1de
  custom:scripting/monoscript/fileName/AssemblyNameProvider.cs: 06c09785a9ef49a49b329ed384758248 -> 170b0fd934f78f2e6a09342014bfa1fc
  custom:scripting/monoscript/fileName/Serializer.cs: 44df498e13906e45a2828923a7f89ac6 -> d7df1b97d0a3bd0bb98fd4d2d5bf5d29
  custom:scripting/monoscript/fileName/Message.cs: 3d319f70d9870482a245157c25577c4e -> 671a789acb2c7a93d0b620fe02979957
  custom:scripting/monoscript/fileName/Deserializer.cs: 7a4843246f0d5a1b063e9a6fef778397 -> 1cc72e9ed2428cc6d6ce2d4d2ad7b02b
  custom:scripting/monoscript/fileName/Test.cs: 8289d0398bd9a051035a87365428a0e7 -> 
  custom:audio-encoder-webm-vorbis: bf7c407c2cedff20999df2af8eb42d56 -> 
  custom:scripting/monoscript/fileName/TestRunnerCallbacks.cs: 901a1f98c6fdb76be420d56e91fe540d -> 5627cb9f4ed769fba607b0cab8e9e63d
  custom:scripting/monoscript/fileName/AsyncOperation.cs: 8f6297df34271fdb1ce2d9607ec6261d -> 90647cc400823b41df847a6cbfc29026
  custom:scripting/precompiled-assembly-types:Assembly-CSharp: 21ebfb0f5adf3ec10b439ac8102297a1 -> 
  custom:scripting/monoscript/fileName/UsageUtility.cs: 3f044a4563e8e23515be1e6c9e7e0fc7 -> 5ed3d13206b2b96245ce59a5c83beed1
========================================================================
Received Prepare
Caller must complete domain reload
Begin MonoManager ReloadAssembly
- Loaded All Assemblies, in  0.428 seconds
Native extension for WindowsStandalone target not found
Native extension for WebGL target not found
Mono: successfully reloaded assembly
- Finished resetting the current domain, in  0.957 seconds
Domain Reload Profiling: 1385ms
	BeginReloadAssembly (150ms)
		ExecutionOrderSort (0ms)
		DisableScriptedObjects (5ms)
		BackupInstance (0ms)
		ReleaseScriptingObjects (0ms)
		CreateAndSetChildDomain (26ms)
	RebuildCommonClasses (36ms)
	RebuildNativeTypeToScriptingClass (11ms)
	initialDomainReloadingComplete (27ms)
	LoadAllAssembliesAndSetupDomain (204ms)
		LoadAssemblies (273ms)
		RebuildTransferFunctionScriptingTraits (0ms)
		AnalyzeDomain (22ms)
			TypeCache.Refresh (8ms)
				TypeCache.ScanAssembly (0ms)
			ScanForSourceGeneratedMonoScriptInfo (8ms)
			ResolveRequiredComponents (5ms)
	FinalizeReload (958ms)
		ReleaseScriptCaches (0ms)
		RebuildScriptCaches (0ms)
		SetupLoadedEditorAssemblies (358ms)
			LogAssemblyErrors (0ms)
			InitializePlatformSupportModulesInManaged (6ms)
			SetLoadedEditorAssemblies (3ms)
			RefreshPlugins (0ms)
			BeforeProcessingInitializeOnLoad (55ms)
			ProcessInitializeOnLoadAttributes (270ms)
			ProcessInitializeOnLoadMethodAttributes (21ms)
			AfterProcessingInitializeOnLoad (3ms)
			EditorAssembliesLoaded (0ms)
		ExecutionOrderSort2 (0ms)
		AwakeInstancesAfterBackupRestoration (12ms)
Refreshing native plugins compatible for Editor in 3.85 ms, found 3 plugins.
Preloading 0 native plugins for Editor in 0.00 ms.
Unloading 3177 Unused Serialized files (Serialized files now loaded: 0)
Unloading 14 unused Assets / (28.6 KB). Loaded Objects now: 3686.
Memory consumption went from 119.1 MB to 119.0 MB.
Total: 3.019400 ms (FindLiveObjects: 0.240100 ms CreateObjectMapping: 0.182000 ms MarkObjects: 2.554700 ms  DeleteObjects: 0.041400 ms)

Prepare: number of updated asset objects reloaded= 0
AssetImportParameters requested are different than current active one (requested -> active):
  custom:scripting/monoscript/fileName/UdpSocket.cs: 5c2b80a042c65f789ef7f3c889fd101f -> 7555d065f81d23e6604acb91cf79ddd6
  custom:scripting/monoscript/fileName/Image.cs: 31ff8141403f4cb357eb7bf7e9ffdaeb -> f32195bbbc1ca9edcb6c8c6185597e40
  custom:scripting/monoscript/fileName/Cli.cs: 3c2ed0c881a657a6a8d1cec2a5d27e18 -> d287e08b50f2cb135aa4d7f8e01b7ef9
  custom:scripting/monoscript/fileName/KnownAssemblies.cs: 5a9878fa8cd33efc58225a4622d3c409 -> 286bea9f8fcee5e392f6fc0f0cd541c8
  custom:scripting/monoscript/fileName/SimpleJSON.cs: 2249b1d8736d53bdbb860984e9900714 -> 70c028a07c79c166db015acda1282d86
  custom:container-demuxer-ogg: 62fdf1f143b41e24485cea50d1cbac27 -> 
  custom:scripting/precompiled-assembly-types:Unity.PlasticSCM.Editor: 72a23a7a65cae48dae511b6579c293e4 -> 7e4e003063ee77e81fbf11080919f8e6
  custom:scripting/monoscript/fileName/SolutionProjectEntry.cs: 2cdbeb47f8763ac80d7836f6135300a9 -> 68cea09e9af09443edf61e18806ac1c2
  custom:scripting/monoscript/fileName/TcpListener.cs: 61afd6a8605bfd0084b595d2a15e8b2e -> 940bfdac0e91ad2884e6359468f2782a
  custom:scripting/monoscript/fileName/TcpClient.cs: 55a65447af3e4d6ecee8fd6d8f8731bd -> a949cfd4c46427829913ee0195fa0103
  custom:video-codec-MediaFoundation-h265: 746d11721c4dcdbdad8f713fa42b33f4 -> 
  custom:scripting/monoscript/fileName/LegacyStyleProjectGeneration.cs: 8aa3d3f0dc4d59c1ad013b88ff81a18d -> 4858a0ab74312ccaa3ff27a510a9d575
  custom:scripting/monoscript/fileName/FileUtility.cs: ce7e1c41f3666e04a20e8ab169333163 -> 2d70b80c72be1fb3b2b89ce0939e8cef
  custom:video-decoder-ogg-theora: a1e56fd34408186e4bbccfd4996cb3dc -> 
  custom:framework-win-MediaFoundation: 216162199b28c13a410421893ffa2e32 -> 
  custom:scripting/monoscript/fileName/VisualStudioCursorInstallation.cs: 95dc478876e6707a7e0d3e4422a08b22 -> 
  custom:scripting/monoscript/fileName/Messenger.cs: e1a29b4f8717764c5ff32215b741de2c -> f4ebc46d09b2b4de489946914db2aae0
  custom:scripting/monoscript/fileName/ProcessRunner.cs: 9913dac524d7fba7e53010bd3e109769 -> 932a2a80cb9a3539199f645deff3c585
  custom:scripting/monoscript/fileName/ExceptionEventArgs.cs: c1fb418063f3fe95153ce19939c50281 -> 27cb4c00a4137b184e01164606c88685
  custom:scripting/monoscript/fileName/ProjectGeneration.cs: 9ecb66398cf426136e1427db129d71bc -> 5d892aecaaa9b5c9f4162e2ae2b374ef
  custom:scripting/monoscript/fileName/GameOverUI.cs: 204dcc333de1c17b944f34fa4337dc40 -> 
  custom:scripting/monoscript/fileName/Symbols.cs: 37055ad381792899bea2e26647ce5ae9 -> 27613575e8bda8a6448f80ff27c488f9
  custom:scripting/monoscript/fileName/VersionPair.cs: 219dda7a75299c084fd265cf8d4d22ac -> 88b4a0b7e953537f26ded0a68cf4c238
  custom:scripting/precompiled-assembly-types:Unity.Timeline.Editor: b4313fba5652ee5a8449f3ec85f31ae4 -> 534d7c71c4dd9147ea00599cede121e1
  custom:CustomObjectIndexerAttribute: 9a22284fe3817be447336de3de66b15e -> 
  custom:scripting/monoscript/fileName/TestResultAdaptor.cs: 9b1d3d6bb50f08d85d0c8ba1d01b312d -> fb4db3971d5379750cda884e7e44e3e4
  custom:scripting/monoscript/fileName/VisualStudioEditor.cs: edffea2b56ff2fcda30202ca00e6de62 -> 21e59f688ad500ab61aca318850ec505
  custom:scripting/monoscript/fileName/VisualStudioInstallation.cs: d9bdf8280241f81cb63321a50b4ad2cb -> 41612f13db7783c8635801ab159c1079
  custom:scripting/monoscript/fileName/GameStartPanel.cs: f9029a7546d6d0a640aa647183643613 -> 
  custom:container-demuxer-webm: 4f35f7cbe854078d1ac9338744f61a02 -> 
  custom:scripting/monoscript/fileName/Solution.cs: 6f57345c5a9c03cd9de52e226d588ae1 -> 8bc97d0abd509f39b67b3a5bbac1b9a1
  custom:scripting/monoscript/fileName/VisualStudioCodiumInstallation.cs: 8ee758ce837648e8a493211c15ac775a -> 
  custom:scripting/precompiled-assembly-types:Unity.Cursor.Editor: c4135f52e7ee32dfaf93d3e70b9c4e0a -> 
  custom:scripting/monoscript/fileName/GUIDProvider.cs: cb8edf978faeabcee864dce1a906a291 -> cdd3f47e4fe593d2dfdf9915fa537e3f
  custom:container-muxer-webm: aa71ff27fc2769a1b78a27578f13a17b -> 
  custom:video-decoder-webm-vp8: 9c59270c3fd7afecdb556c50c9e8de78 -> 
  custom:scripting/monoscript/fileName/MessageEventArgs.cs: 1019688f506e4394820040d9795c0a7d -> 528473bbcee3623fe954627c6bfadd2e
  custom:SearchIndexIgnoredProperties: e643bd26f0fe6173181afceb89e7c659 -> 
  custom:scripting/monoscript/fileName/ProjectProperties.cs: 2d74649e53a223aa9cd860921346e9bd -> 407063898a13eaad2cd100e43551c6b5
  custom:AudioImporter_EditorPlatform: d09bf68614088b80899f8185d706f6e7 -> 
  custom:scripting/monoscript/fileName/UnityInstallation.cs: e77a4cd80130bf9635eda265c59fc585 -> 0ba30d4545f2c34a9323456723b5dbfe
  custom:scripting/precompiled-assembly-types:Unity.VisualScripting.Core.Editor: 1ac958119c4ad755d50390246b13522a -> 39597c0f3a76e24d87d64afa59c5f88d
  custom:scripting/monoscript/fileName/SolutionParser.cs: 28362f3ad5ff471d352dad937c4f46f0 -> 240a75b5fc2682997268aa77e6a1dd86
  custom:scripting/monoscript/fileName/TestAdaptor.cs: 5be3b7fc797cbdb67976ea5fdb904de5 -> 486cec8559bad7c56adc699f165feb67
  custom:scripting/precompiled-assembly-types:UnityEngine.TestRunner: 7a4d96a0696e29157328c6996c3b82c5 -> f5758234275f5346968d00e3b1a1c0e4
  custom:scripting/monoscript/fileName/Discovery.cs: 43295ac1709a058ba3ec01d8585e170c -> 2b1006b9be47307c73378eaafc98b6fb
  custom:scripting/monoscript/fileName/VisualStudioIntegration.cs: f837b233b752d741f76e0990c5fad160 -> f9e623c49f9f20ea97a4519aa48d72d4
  custom:scripting/monoscript/fileName/FileIOProvider.cs: 081176a77b8b51898d4a1d6cfbab48ce -> 304525d180d2b661ce338fc8a3225752
  custom:scripting/monoscript/fileName/SdkStyleProjectGeneration.cs: 0d12ba8b4cce4103aedd4f5c89736364 -> bbd8a39d16aad1a0b8d5240b1f43f4a4
  custom:scripting/monoscript/fileName/Enemy.cs: 13cc614454c9ae28caa24456faa3d7cf -> 
  custom:video-encoder-webm-vp8: eb34c28f22e8b96e1ab97ce403110664 -> 
  custom:audio-decoder-ogg-vorbis: bf7c407c2cedff20999df2af8eb42d56 -> 
  custom:scripting/monoscript/fileName/SolutionProperties.cs: 0b7dbd9dc0e3af7f872e6112fa6f596e -> ab8751e49ae2f3d9994444a0a38619bd
  custom:scripting/monoscript/fileName/TestRunnerApiListener.cs: 9b7ed325f86e08c020c1bdc783d9bb51 -> cc17cec8825a8f933d6ecbd68d51f1de
  custom:scripting/monoscript/fileName/AssemblyNameProvider.cs: 06c09785a9ef49a49b329ed384758248 -> 170b0fd934f78f2e6a09342014bfa1fc
  custom:scripting/monoscript/fileName/Serializer.cs: 44df498e13906e45a2828923a7f89ac6 -> d7df1b97d0a3bd0bb98fd4d2d5bf5d29
  custom:scripting/monoscript/fileName/Message.cs: 3d319f70d9870482a245157c25577c4e -> 671a789acb2c7a93d0b620fe02979957
  custom:scripting/monoscript/fileName/Deserializer.cs: 7a4843246f0d5a1b063e9a6fef778397 -> 1cc72e9ed2428cc6d6ce2d4d2ad7b02b
  custom:scripting/monoscript/fileName/Test.cs: 8289d0398bd9a051035a87365428a0e7 -> 
  custom:audio-encoder-webm-vorbis: bf7c407c2cedff20999df2af8eb42d56 -> 
  custom:scripting/monoscript/fileName/TestRunnerCallbacks.cs: 901a1f98c6fdb76be420d56e91fe540d -> 5627cb9f4ed769fba607b0cab8e9e63d
  custom:scripting/monoscript/fileName/AsyncOperation.cs: 8f6297df34271fdb1ce2d9607ec6261d -> 90647cc400823b41df847a6cbfc29026
  custom:scripting/precompiled-assembly-types:Assembly-CSharp: 21ebfb0f5adf3ec10b439ac8102297a1 -> 
  custom:scripting/monoscript/fileName/UsageUtility.cs: 3f044a4563e8e23515be1e6c9e7e0fc7 -> 5ed3d13206b2b96245ce59a5c83beed1
========================================================================
Received Prepare
Caller must complete domain reload
Begin MonoManager ReloadAssembly
- Loaded All Assemblies, in  0.416 seconds
Native extension for WindowsStandalone target not found
Native extension for WebGL target not found
Mono: successfully reloaded assembly
- Finished resetting the current domain, in  0.971 seconds
Domain Reload Profiling: 1387ms
	BeginReloadAssembly (155ms)
		ExecutionOrderSort (0ms)
		DisableScriptedObjects (5ms)
		BackupInstance (0ms)
		ReleaseScriptingObjects (0ms)
		CreateAndSetChildDomain (32ms)
	RebuildCommonClasses (32ms)
	RebuildNativeTypeToScriptingClass (12ms)
	initialDomainReloadingComplete (24ms)
	LoadAllAssembliesAndSetupDomain (192ms)
		LoadAssemblies (267ms)
		RebuildTransferFunctionScriptingTraits (0ms)
		AnalyzeDomain (13ms)
			TypeCache.Refresh (5ms)
				TypeCache.ScanAssembly (0ms)
			ScanForSourceGeneratedMonoScriptInfo (0ms)
			ResolveRequiredComponents (6ms)
	FinalizeReload (972ms)
		ReleaseScriptCaches (0ms)
		RebuildScriptCaches (0ms)
		SetupLoadedEditorAssemblies (387ms)
			LogAssemblyErrors (0ms)
			InitializePlatformSupportModulesInManaged (6ms)
			SetLoadedEditorAssemblies (3ms)
			RefreshPlugins (0ms)
			BeforeProcessingInitializeOnLoad (55ms)
			ProcessInitializeOnLoadAttributes (297ms)
			ProcessInitializeOnLoadMethodAttributes (23ms)
			AfterProcessingInitializeOnLoad (2ms)
			EditorAssembliesLoaded (0ms)
		ExecutionOrderSort2 (0ms)
		AwakeInstancesAfterBackupRestoration (12ms)
Refreshing native plugins compatible for Editor in 4.04 ms, found 3 plugins.
Preloading 0 native plugins for Editor in 0.00 ms.
Unloading 3177 Unused Serialized files (Serialized files now loaded: 0)
Unloading 14 unused Assets / (28.6 KB). Loaded Objects now: 3689.
Memory consumption went from 119.1 MB to 119.1 MB.
Total: 5.998200 ms (FindLiveObjects: 0.961800 ms CreateObjectMapping: 0.457000 ms MarkObjects: 4.515000 ms  DeleteObjects: 0.062700 ms)

Prepare: number of updated asset objects reloaded= 0
AssetImportParameters requested are different than current active one (requested -> active):
  custom:scripting/monoscript/fileName/UdpSocket.cs: 5c2b80a042c65f789ef7f3c889fd101f -> 7555d065f81d23e6604acb91cf79ddd6
  custom:scripting/monoscript/fileName/Image.cs: 31ff8141403f4cb357eb7bf7e9ffdaeb -> f32195bbbc1ca9edcb6c8c6185597e40
  custom:scripting/monoscript/fileName/Cli.cs: 3c2ed0c881a657a6a8d1cec2a5d27e18 -> d287e08b50f2cb135aa4d7f8e01b7ef9
  custom:scripting/monoscript/fileName/KnownAssemblies.cs: 5a9878fa8cd33efc58225a4622d3c409 -> 286bea9f8fcee5e392f6fc0f0cd541c8
  custom:scripting/monoscript/fileName/SimpleJSON.cs: 2249b1d8736d53bdbb860984e9900714 -> 70c028a07c79c166db015acda1282d86
  custom:container-demuxer-ogg: 62fdf1f143b41e24485cea50d1cbac27 -> 
  custom:scripting/precompiled-assembly-types:Unity.PlasticSCM.Editor: 72a23a7a65cae48dae511b6579c293e4 -> 7e4e003063ee77e81fbf11080919f8e6
  custom:scripting/monoscript/fileName/SolutionProjectEntry.cs: 2cdbeb47f8763ac80d7836f6135300a9 -> 68cea09e9af09443edf61e18806ac1c2
  custom:scripting/monoscript/fileName/TcpListener.cs: 61afd6a8605bfd0084b595d2a15e8b2e -> 940bfdac0e91ad2884e6359468f2782a
  custom:scripting/monoscript/fileName/TcpClient.cs: 55a65447af3e4d6ecee8fd6d8f8731bd -> a949cfd4c46427829913ee0195fa0103
  custom:video-codec-MediaFoundation-h265: 746d11721c4dcdbdad8f713fa42b33f4 -> 
  custom:scripting/monoscript/fileName/LegacyStyleProjectGeneration.cs: 8aa3d3f0dc4d59c1ad013b88ff81a18d -> 4858a0ab74312ccaa3ff27a510a9d575
  custom:scripting/monoscript/fileName/FileUtility.cs: ce7e1c41f3666e04a20e8ab169333163 -> 2d70b80c72be1fb3b2b89ce0939e8cef
  custom:video-decoder-ogg-theora: a1e56fd34408186e4bbccfd4996cb3dc -> 
  custom:framework-win-MediaFoundation: 216162199b28c13a410421893ffa2e32 -> 
  custom:scripting/monoscript/fileName/VisualStudioCursorInstallation.cs: 95dc478876e6707a7e0d3e4422a08b22 -> 
  custom:scripting/monoscript/fileName/Messenger.cs: e1a29b4f8717764c5ff32215b741de2c -> f4ebc46d09b2b4de489946914db2aae0
  custom:scripting/monoscript/fileName/ProcessRunner.cs: 9913dac524d7fba7e53010bd3e109769 -> 932a2a80cb9a3539199f645deff3c585
  custom:scripting/monoscript/fileName/ExceptionEventArgs.cs: c1fb418063f3fe95153ce19939c50281 -> 27cb4c00a4137b184e01164606c88685
  custom:scripting/monoscript/fileName/ProjectGeneration.cs: 9ecb66398cf426136e1427db129d71bc -> 5d892aecaaa9b5c9f4162e2ae2b374ef
  custom:scripting/monoscript/fileName/GameOverUI.cs: 204dcc333de1c17b944f34fa4337dc40 -> 
  custom:scripting/monoscript/fileName/Symbols.cs: 37055ad381792899bea2e26647ce5ae9 -> 27613575e8bda8a6448f80ff27c488f9
  custom:scripting/monoscript/fileName/VersionPair.cs: 219dda7a75299c084fd265cf8d4d22ac -> 88b4a0b7e953537f26ded0a68cf4c238
  custom:scripting/precompiled-assembly-types:Unity.Timeline.Editor: b4313fba5652ee5a8449f3ec85f31ae4 -> 534d7c71c4dd9147ea00599cede121e1
  custom:CustomObjectIndexerAttribute: 9a22284fe3817be447336de3de66b15e -> 
  custom:scripting/monoscript/fileName/TestResultAdaptor.cs: 9b1d3d6bb50f08d85d0c8ba1d01b312d -> fb4db3971d5379750cda884e7e44e3e4
  custom:scripting/monoscript/fileName/VisualStudioEditor.cs: edffea2b56ff2fcda30202ca00e6de62 -> 21e59f688ad500ab61aca318850ec505
  custom:scripting/monoscript/fileName/VisualStudioInstallation.cs: d9bdf8280241f81cb63321a50b4ad2cb -> 41612f13db7783c8635801ab159c1079
  custom:scripting/monoscript/fileName/GameStartPanel.cs: f9029a7546d6d0a640aa647183643613 -> 
  custom:container-demuxer-webm: 4f35f7cbe854078d1ac9338744f61a02 -> 
  custom:scripting/monoscript/fileName/Solution.cs: 6f57345c5a9c03cd9de52e226d588ae1 -> 8bc97d0abd509f39b67b3a5bbac1b9a1
  custom:scripting/monoscript/fileName/VisualStudioCodiumInstallation.cs: 8ee758ce837648e8a493211c15ac775a -> 
  custom:scripting/precompiled-assembly-types:Unity.Cursor.Editor: c4135f52e7ee32dfaf93d3e70b9c4e0a -> 
  custom:scripting/monoscript/fileName/GUIDProvider.cs: cb8edf978faeabcee864dce1a906a291 -> cdd3f47e4fe593d2dfdf9915fa537e3f
  custom:container-muxer-webm: aa71ff27fc2769a1b78a27578f13a17b -> 
  custom:video-decoder-webm-vp8: 9c59270c3fd7afecdb556c50c9e8de78 -> 
  custom:scripting/monoscript/fileName/MessageEventArgs.cs: 1019688f506e4394820040d9795c0a7d -> 528473bbcee3623fe954627c6bfadd2e
  custom:SearchIndexIgnoredProperties: e643bd26f0fe6173181afceb89e7c659 -> 
  custom:scripting/monoscript/fileName/ProjectProperties.cs: 2d74649e53a223aa9cd860921346e9bd -> 407063898a13eaad2cd100e43551c6b5
  custom:AudioImporter_EditorPlatform: d09bf68614088b80899f8185d706f6e7 -> 
  custom:scripting/monoscript/fileName/UnityInstallation.cs: e77a4cd80130bf9635eda265c59fc585 -> 0ba30d4545f2c34a9323456723b5dbfe
  custom:scripting/precompiled-assembly-types:Unity.VisualScripting.Core.Editor: 1ac958119c4ad755d50390246b13522a -> 39597c0f3a76e24d87d64afa59c5f88d
  custom:scripting/monoscript/fileName/SolutionParser.cs: 28362f3ad5ff471d352dad937c4f46f0 -> 240a75b5fc2682997268aa77e6a1dd86
  custom:scripting/monoscript/fileName/TestAdaptor.cs: 5be3b7fc797cbdb67976ea5fdb904de5 -> 486cec8559bad7c56adc699f165feb67
  custom:scripting/precompiled-assembly-types:UnityEngine.TestRunner: 7a4d96a0696e29157328c6996c3b82c5 -> f5758234275f5346968d00e3b1a1c0e4
  custom:scripting/monoscript/fileName/Discovery.cs: 43295ac1709a058ba3ec01d8585e170c -> 2b1006b9be47307c73378eaafc98b6fb
  custom:scripting/monoscript/fileName/VisualStudioIntegration.cs: f837b233b752d741f76e0990c5fad160 -> f9e623c49f9f20ea97a4519aa48d72d4
  custom:scripting/monoscript/fileName/FileIOProvider.cs: 081176a77b8b51898d4a1d6cfbab48ce -> 304525d180d2b661ce338fc8a3225752
  custom:scripting/monoscript/fileName/SdkStyleProjectGeneration.cs: 0d12ba8b4cce4103aedd4f5c89736364 -> bbd8a39d16aad1a0b8d5240b1f43f4a4
  custom:scripting/monoscript/fileName/Enemy.cs: 13cc614454c9ae28caa24456faa3d7cf -> 
  custom:video-encoder-webm-vp8: eb34c28f22e8b96e1ab97ce403110664 -> 
  custom:audio-decoder-ogg-vorbis: bf7c407c2cedff20999df2af8eb42d56 -> 
  custom:scripting/monoscript/fileName/SolutionProperties.cs: 0b7dbd9dc0e3af7f872e6112fa6f596e -> ab8751e49ae2f3d9994444a0a38619bd
  custom:scripting/monoscript/fileName/TestRunnerApiListener.cs: 9b7ed325f86e08c020c1bdc783d9bb51 -> cc17cec8825a8f933d6ecbd68d51f1de
  custom:scripting/monoscript/fileName/AssemblyNameProvider.cs: 06c09785a9ef49a49b329ed384758248 -> 170b0fd934f78f2e6a09342014bfa1fc
  custom:scripting/monoscript/fileName/Serializer.cs: 44df498e13906e45a2828923a7f89ac6 -> d7df1b97d0a3bd0bb98fd4d2d5bf5d29
  custom:scripting/monoscript/fileName/Message.cs: 3d319f70d9870482a245157c25577c4e -> 671a789acb2c7a93d0b620fe02979957
  custom:scripting/monoscript/fileName/Deserializer.cs: 7a4843246f0d5a1b063e9a6fef778397 -> 1cc72e9ed2428cc6d6ce2d4d2ad7b02b
  custom:scripting/monoscript/fileName/Test.cs: 8289d0398bd9a051035a87365428a0e7 -> 
  custom:audio-encoder-webm-vorbis: bf7c407c2cedff20999df2af8eb42d56 -> 
  custom:scripting/monoscript/fileName/TestRunnerCallbacks.cs: 901a1f98c6fdb76be420d56e91fe540d -> 5627cb9f4ed769fba607b0cab8e9e63d
  custom:scripting/monoscript/fileName/AsyncOperation.cs: 8f6297df34271fdb1ce2d9607ec6261d -> 90647cc400823b41df847a6cbfc29026
  custom:scripting/precompiled-assembly-types:Assembly-CSharp: 21ebfb0f5adf3ec10b439ac8102297a1 -> 
  custom:scripting/monoscript/fileName/UsageUtility.cs: 3f044a4563e8e23515be1e6c9e7e0fc7 -> 5ed3d13206b2b96245ce59a5c83beed1
========================================================================
Received Prepare
Caller must complete domain reload
Begin MonoManager ReloadAssembly
- Loaded All Assemblies, in  0.430 seconds
Native extension for WindowsStandalone target not found
Native extension for WebGL target not found
Mono: successfully reloaded assembly
- Finished resetting the current domain, in  1.002 seconds
Domain Reload Profiling: 1432ms
	BeginReloadAssembly (156ms)
		ExecutionOrderSort (0ms)
		DisableScriptedObjects (6ms)
		BackupInstance (0ms)
		ReleaseScriptingObjects (0ms)
		CreateAndSetChildDomain (27ms)
	RebuildCommonClasses (34ms)
	RebuildNativeTypeToScriptingClass (13ms)
	initialDomainReloadingComplete (29ms)
	LoadAllAssembliesAndSetupDomain (198ms)
		LoadAssemblies (281ms)
		RebuildTransferFunctionScriptingTraits (0ms)
		AnalyzeDomain (12ms)
			TypeCache.Refresh (5ms)
				TypeCache.ScanAssembly (0ms)
			ScanForSourceGeneratedMonoScriptInfo (0ms)
			ResolveRequiredComponents (6ms)
	FinalizeReload (1002ms)
		ReleaseScriptCaches (0ms)
		RebuildScriptCaches (0ms)
		SetupLoadedEditorAssemblies (409ms)
			LogAssemblyErrors (0ms)
			InitializePlatformSupportModulesInManaged (8ms)
			SetLoadedEditorAssemblies (3ms)
			RefreshPlugins (0ms)
			BeforeProcessingInitializeOnLoad (62ms)
			ProcessInitializeOnLoadAttributes (303ms)
			ProcessInitializeOnLoadMethodAttributes (29ms)
			AfterProcessingInitializeOnLoad (3ms)
			EditorAssembliesLoaded (0ms)
		ExecutionOrderSort2 (0ms)
		AwakeInstancesAfterBackupRestoration (11ms)
Refreshing native plugins compatible for Editor in 3.85 ms, found 3 plugins.
Preloading 0 native plugins for Editor in 0.00 ms.
Unloading 3177 Unused Serialized files (Serialized files now loaded: 0)
Unloading 14 unused Assets / (28.6 KB). Loaded Objects now: 3692.
Memory consumption went from 119.1 MB to 119.1 MB.
Total: 2.643500 ms (FindLiveObjects: 0.237800 ms CreateObjectMapping: 0.181900 ms MarkObjects: 2.174500 ms  DeleteObjects: 0.048400 ms)

Prepare: number of updated asset objects reloaded= 0
AssetImportParameters requested are different than current active one (requested -> active):
  custom:scripting/monoscript/fileName/UdpSocket.cs: 5c2b80a042c65f789ef7f3c889fd101f -> 7555d065f81d23e6604acb91cf79ddd6
  custom:scripting/monoscript/fileName/Image.cs: 31ff8141403f4cb357eb7bf7e9ffdaeb -> f32195bbbc1ca9edcb6c8c6185597e40
  custom:scripting/monoscript/fileName/Cli.cs: 3c2ed0c881a657a6a8d1cec2a5d27e18 -> d287e08b50f2cb135aa4d7f8e01b7ef9
  custom:scripting/monoscript/fileName/KnownAssemblies.cs: 5a9878fa8cd33efc58225a4622d3c409 -> 286bea9f8fcee5e392f6fc0f0cd541c8
  custom:scripting/monoscript/fileName/SimpleJSON.cs: 2249b1d8736d53bdbb860984e9900714 -> 70c028a07c79c166db015acda1282d86
  custom:container-demuxer-ogg: 62fdf1f143b41e24485cea50d1cbac27 -> 
  custom:scripting/precompiled-assembly-types:Unity.PlasticSCM.Editor: 72a23a7a65cae48dae511b6579c293e4 -> 7e4e003063ee77e81fbf11080919f8e6
  custom:scripting/monoscript/fileName/SolutionProjectEntry.cs: 2cdbeb47f8763ac80d7836f6135300a9 -> 68cea09e9af09443edf61e18806ac1c2
  custom:scripting/monoscript/fileName/TcpListener.cs: 61afd6a8605bfd0084b595d2a15e8b2e -> 940bfdac0e91ad2884e6359468f2782a
  custom:scripting/monoscript/fileName/TcpClient.cs: 55a65447af3e4d6ecee8fd6d8f8731bd -> a949cfd4c46427829913ee0195fa0103
  custom:video-codec-MediaFoundation-h265: 746d11721c4dcdbdad8f713fa42b33f4 -> 
  custom:scripting/monoscript/fileName/LegacyStyleProjectGeneration.cs: 8aa3d3f0dc4d59c1ad013b88ff81a18d -> 4858a0ab74312ccaa3ff27a510a9d575
  custom:scripting/monoscript/fileName/FileUtility.cs: ce7e1c41f3666e04a20e8ab169333163 -> 2d70b80c72be1fb3b2b89ce0939e8cef
  custom:video-decoder-ogg-theora: a1e56fd34408186e4bbccfd4996cb3dc -> 
  custom:framework-win-MediaFoundation: 216162199b28c13a410421893ffa2e32 -> 
  custom:scripting/monoscript/fileName/VisualStudioCursorInstallation.cs: 95dc478876e6707a7e0d3e4422a08b22 -> 
  custom:scripting/monoscript/fileName/Messenger.cs: e1a29b4f8717764c5ff32215b741de2c -> f4ebc46d09b2b4de489946914db2aae0
  custom:scripting/monoscript/fileName/ProcessRunner.cs: 9913dac524d7fba7e53010bd3e109769 -> 932a2a80cb9a3539199f645deff3c585
  custom:scripting/monoscript/fileName/ExceptionEventArgs.cs: c1fb418063f3fe95153ce19939c50281 -> 27cb4c00a4137b184e01164606c88685
  custom:scripting/monoscript/fileName/ProjectGeneration.cs: 9ecb66398cf426136e1427db129d71bc -> 5d892aecaaa9b5c9f4162e2ae2b374ef
  custom:scripting/monoscript/fileName/GameOverUI.cs: 204dcc333de1c17b944f34fa4337dc40 -> 
  custom:scripting/monoscript/fileName/Symbols.cs: 37055ad381792899bea2e26647ce5ae9 -> 27613575e8bda8a6448f80ff27c488f9
  custom:scripting/monoscript/fileName/VersionPair.cs: 219dda7a75299c084fd265cf8d4d22ac -> 88b4a0b7e953537f26ded0a68cf4c238
  custom:scripting/precompiled-assembly-types:Unity.Timeline.Editor: b4313fba5652ee5a8449f3ec85f31ae4 -> 534d7c71c4dd9147ea00599cede121e1
  custom:CustomObjectIndexerAttribute: 9a22284fe3817be447336de3de66b15e -> 
  custom:scripting/monoscript/fileName/TestResultAdaptor.cs: 9b1d3d6bb50f08d85d0c8ba1d01b312d -> fb4db3971d5379750cda884e7e44e3e4
  custom:scripting/monoscript/fileName/VisualStudioEditor.cs: edffea2b56ff2fcda30202ca00e6de62 -> 21e59f688ad500ab61aca318850ec505
  custom:scripting/monoscript/fileName/VisualStudioInstallation.cs: d9bdf8280241f81cb63321a50b4ad2cb -> 41612f13db7783c8635801ab159c1079
  custom:scripting/monoscript/fileName/GameStartPanel.cs: f9029a7546d6d0a640aa647183643613 -> 
  custom:container-demuxer-webm: 4f35f7cbe854078d1ac9338744f61a02 -> 
  custom:scripting/monoscript/fileName/Solution.cs: 6f57345c5a9c03cd9de52e226d588ae1 -> 8bc97d0abd509f39b67b3a5bbac1b9a1
  custom:scripting/monoscript/fileName/VisualStudioCodiumInstallation.cs: 8ee758ce837648e8a493211c15ac775a -> 
  custom:scripting/precompiled-assembly-types:Unity.Cursor.Editor: c4135f52e7ee32dfaf93d3e70b9c4e0a -> 
  custom:scripting/monoscript/fileName/GUIDProvider.cs: cb8edf978faeabcee864dce1a906a291 -> cdd3f47e4fe593d2dfdf9915fa537e3f
  custom:container-muxer-webm: aa71ff27fc2769a1b78a27578f13a17b -> 
  custom:video-decoder-webm-vp8: 9c59270c3fd7afecdb556c50c9e8de78 -> 
  custom:scripting/monoscript/fileName/MessageEventArgs.cs: 1019688f506e4394820040d9795c0a7d -> 528473bbcee3623fe954627c6bfadd2e
  custom:SearchIndexIgnoredProperties: e643bd26f0fe6173181afceb89e7c659 -> 
  custom:scripting/monoscript/fileName/ProjectProperties.cs: 2d74649e53a223aa9cd860921346e9bd -> 407063898a13eaad2cd100e43551c6b5
  custom:AudioImporter_EditorPlatform: d09bf68614088b80899f8185d706f6e7 -> 
  custom:scripting/monoscript/fileName/UnityInstallation.cs: e77a4cd80130bf9635eda265c59fc585 -> 0ba30d4545f2c34a9323456723b5dbfe
  custom:scripting/precompiled-assembly-types:Unity.VisualScripting.Core.Editor: 1ac958119c4ad755d50390246b13522a -> 39597c0f3a76e24d87d64afa59c5f88d
  custom:scripting/monoscript/fileName/SolutionParser.cs: 28362f3ad5ff471d352dad937c4f46f0 -> 240a75b5fc2682997268aa77e6a1dd86
  custom:scripting/monoscript/fileName/TestAdaptor.cs: 5be3b7fc797cbdb67976ea5fdb904de5 -> 486cec8559bad7c56adc699f165feb67
  custom:scripting/precompiled-assembly-types:UnityEngine.TestRunner: 7a4d96a0696e29157328c6996c3b82c5 -> f5758234275f5346968d00e3b1a1c0e4
  custom:scripting/monoscript/fileName/Discovery.cs: 43295ac1709a058ba3ec01d8585e170c -> 2b1006b9be47307c73378eaafc98b6fb
  custom:scripting/monoscript/fileName/VisualStudioIntegration.cs: f837b233b752d741f76e0990c5fad160 -> f9e623c49f9f20ea97a4519aa48d72d4
  custom:scripting/monoscript/fileName/FileIOProvider.cs: 081176a77b8b51898d4a1d6cfbab48ce -> 304525d180d2b661ce338fc8a3225752
  custom:scripting/monoscript/fileName/SdkStyleProjectGeneration.cs: 0d12ba8b4cce4103aedd4f5c89736364 -> bbd8a39d16aad1a0b8d5240b1f43f4a4
  custom:scripting/monoscript/fileName/Enemy.cs: 13cc614454c9ae28caa24456faa3d7cf -> 
  custom:video-encoder-webm-vp8: eb34c28f22e8b96e1ab97ce403110664 -> 
  custom:audio-decoder-ogg-vorbis: bf7c407c2cedff20999df2af8eb42d56 -> 
  custom:scripting/monoscript/fileName/SolutionProperties.cs: 0b7dbd9dc0e3af7f872e6112fa6f596e -> ab8751e49ae2f3d9994444a0a38619bd
  custom:scripting/monoscript/fileName/TestRunnerApiListener.cs: 9b7ed325f86e08c020c1bdc783d9bb51 -> cc17cec8825a8f933d6ecbd68d51f1de
  custom:scripting/monoscript/fileName/AssemblyNameProvider.cs: 06c09785a9ef49a49b329ed384758248 -> 170b0fd934f78f2e6a09342014bfa1fc
  custom:scripting/monoscript/fileName/Serializer.cs: 44df498e13906e45a2828923a7f89ac6 -> d7df1b97d0a3bd0bb98fd4d2d5bf5d29
  custom:scripting/monoscript/fileName/Message.cs: 3d319f70d9870482a245157c25577c4e -> 671a789acb2c7a93d0b620fe02979957
  custom:scripting/monoscript/fileName/Deserializer.cs: 7a4843246f0d5a1b063e9a6fef778397 -> 1cc72e9ed2428cc6d6ce2d4d2ad7b02b
  custom:scripting/monoscript/fileName/Test.cs: 8289d0398bd9a051035a87365428a0e7 -> 
  custom:audio-encoder-webm-vorbis: bf7c407c2cedff20999df2af8eb42d56 -> 
  custom:scripting/monoscript/fileName/TestRunnerCallbacks.cs: 901a1f98c6fdb76be420d56e91fe540d -> 5627cb9f4ed769fba607b0cab8e9e63d
  custom:scripting/monoscript/fileName/AsyncOperation.cs: 8f6297df34271fdb1ce2d9607ec6261d -> 90647cc400823b41df847a6cbfc29026
  custom:scripting/precompiled-assembly-types:Assembly-CSharp: 21ebfb0f5adf3ec10b439ac8102297a1 -> 
  custom:scripting/monoscript/fileName/UsageUtility.cs: 3f044a4563e8e23515be1e6c9e7e0fc7 -> 5ed3d13206b2b96245ce59a5c83beed1
========================================================================
Received Prepare
Caller must complete domain reload
Begin MonoManager ReloadAssembly
- Loaded All Assemblies, in  0.418 seconds
Native extension for WindowsStandalone target not found
Native extension for WebGL target not found
Mono: successfully reloaded assembly
- Finished resetting the current domain, in  0.968 seconds
Domain Reload Profiling: 1385ms
	BeginReloadAssembly (151ms)
		ExecutionOrderSort (0ms)
		DisableScriptedObjects (6ms)
		BackupInstance (0ms)
		ReleaseScriptingObjects (0ms)
		CreateAndSetChildDomain (27ms)
	RebuildCommonClasses (34ms)
	RebuildNativeTypeToScriptingClass (14ms)
	initialDomainReloadingComplete (30ms)
	LoadAllAssembliesAndSetupDomain (188ms)
		LoadAssemblies (266ms)
		RebuildTransferFunctionScriptingTraits (0ms)
		AnalyzeDomain (13ms)
			TypeCache.Refresh (6ms)
				TypeCache.ScanAssembly (0ms)
			ScanForSourceGeneratedMonoScriptInfo (0ms)
			ResolveRequiredComponents (5ms)
	FinalizeReload (968ms)
		ReleaseScriptCaches (0ms)
		RebuildScriptCaches (0ms)
		SetupLoadedEditorAssemblies (392ms)
			LogAssemblyErrors (0ms)
			InitializePlatformSupportModulesInManaged (7ms)
			SetLoadedEditorAssemblies (3ms)
			RefreshPlugins (0ms)
			BeforeProcessingInitializeOnLoad (56ms)
			ProcessInitializeOnLoadAttributes (300ms)
			ProcessInitializeOnLoadMethodAttributes (22ms)
			AfterProcessingInitializeOnLoad (4ms)
			EditorAssembliesLoaded (0ms)
		ExecutionOrderSort2 (0ms)
		AwakeInstancesAfterBackupRestoration (13ms)
Refreshing native plugins compatible for Editor in 3.80 ms, found 3 plugins.
Preloading 0 native plugins for Editor in 0.00 ms.
Unloading 3177 Unused Serialized files (Serialized files now loaded: 0)
Unloading 14 unused Assets / (28.7 KB). Loaded Objects now: 3695.
Memory consumption went from 119.1 MB to 119.1 MB.
Total: 3.858800 ms (FindLiveObjects: 0.245000 ms CreateObjectMapping: 0.212900 ms MarkObjects: 3.358600 ms  DeleteObjects: 0.040600 ms)

Prepare: number of updated asset objects reloaded= 0
AssetImportParameters requested are different than current active one (requested -> active):
  custom:scripting/monoscript/fileName/UdpSocket.cs: 5c2b80a042c65f789ef7f3c889fd101f -> 7555d065f81d23e6604acb91cf79ddd6
  custom:scripting/monoscript/fileName/Image.cs: 31ff8141403f4cb357eb7bf7e9ffdaeb -> f32195bbbc1ca9edcb6c8c6185597e40
  custom:scripting/monoscript/fileName/Cli.cs: 3c2ed0c881a657a6a8d1cec2a5d27e18 -> d287e08b50f2cb135aa4d7f8e01b7ef9
  custom:scripting/monoscript/fileName/KnownAssemblies.cs: 5a9878fa8cd33efc58225a4622d3c409 -> 286bea9f8fcee5e392f6fc0f0cd541c8
  custom:scripting/monoscript/fileName/SimpleJSON.cs: 2249b1d8736d53bdbb860984e9900714 -> 70c028a07c79c166db015acda1282d86
  custom:container-demuxer-ogg: 62fdf1f143b41e24485cea50d1cbac27 -> 
  custom:scripting/precompiled-assembly-types:Unity.PlasticSCM.Editor: 72a23a7a65cae48dae511b6579c293e4 -> 7e4e003063ee77e81fbf11080919f8e6
  custom:scripting/monoscript/fileName/SolutionProjectEntry.cs: 2cdbeb47f8763ac80d7836f6135300a9 -> 68cea09e9af09443edf61e18806ac1c2
  custom:scripting/monoscript/fileName/TcpListener.cs: 61afd6a8605bfd0084b595d2a15e8b2e -> 940bfdac0e91ad2884e6359468f2782a
  custom:scripting/monoscript/fileName/TcpClient.cs: 55a65447af3e4d6ecee8fd6d8f8731bd -> a949cfd4c46427829913ee0195fa0103
  custom:video-codec-MediaFoundation-h265: 746d11721c4dcdbdad8f713fa42b33f4 -> 
  custom:scripting/monoscript/fileName/LegacyStyleProjectGeneration.cs: 8aa3d3f0dc4d59c1ad013b88ff81a18d -> 4858a0ab74312ccaa3ff27a510a9d575
  custom:scripting/monoscript/fileName/FileUtility.cs: ce7e1c41f3666e04a20e8ab169333163 -> 2d70b80c72be1fb3b2b89ce0939e8cef
  custom:video-decoder-ogg-theora: a1e56fd34408186e4bbccfd4996cb3dc -> 
  custom:framework-win-MediaFoundation: 216162199b28c13a410421893ffa2e32 -> 
  custom:scripting/monoscript/fileName/VisualStudioCursorInstallation.cs: 95dc478876e6707a7e0d3e4422a08b22 -> 
  custom:scripting/monoscript/fileName/Messenger.cs: e1a29b4f8717764c5ff32215b741de2c -> f4ebc46d09b2b4de489946914db2aae0
  custom:scripting/monoscript/fileName/ProcessRunner.cs: 9913dac524d7fba7e53010bd3e109769 -> 932a2a80cb9a3539199f645deff3c585
  custom:scripting/monoscript/fileName/ExceptionEventArgs.cs: c1fb418063f3fe95153ce19939c50281 -> 27cb4c00a4137b184e01164606c88685
  custom:scripting/monoscript/fileName/ProjectGeneration.cs: 9ecb66398cf426136e1427db129d71bc -> 5d892aecaaa9b5c9f4162e2ae2b374ef
  custom:scripting/monoscript/fileName/GameOverUI.cs: 204dcc333de1c17b944f34fa4337dc40 -> 
  custom:scripting/monoscript/fileName/Symbols.cs: 37055ad381792899bea2e26647ce5ae9 -> 27613575e8bda8a6448f80ff27c488f9
  custom:scripting/monoscript/fileName/VersionPair.cs: 219dda7a75299c084fd265cf8d4d22ac -> 88b4a0b7e953537f26ded0a68cf4c238
  custom:scripting/precompiled-assembly-types:Unity.Timeline.Editor: b4313fba5652ee5a8449f3ec85f31ae4 -> 534d7c71c4dd9147ea00599cede121e1
  custom:CustomObjectIndexerAttribute: 9a22284fe3817be447336de3de66b15e -> 
  custom:scripting/monoscript/fileName/TestResultAdaptor.cs: 9b1d3d6bb50f08d85d0c8ba1d01b312d -> fb4db3971d5379750cda884e7e44e3e4
  custom:scripting/monoscript/fileName/VisualStudioEditor.cs: edffea2b56ff2fcda30202ca00e6de62 -> 21e59f688ad500ab61aca318850ec505
  custom:scripting/monoscript/fileName/VisualStudioInstallation.cs: d9bdf8280241f81cb63321a50b4ad2cb -> 41612f13db7783c8635801ab159c1079
  custom:scripting/monoscript/fileName/GameStartPanel.cs: f9029a7546d6d0a640aa647183643613 -> 
  custom:container-demuxer-webm: 4f35f7cbe854078d1ac9338744f61a02 -> 
  custom:scripting/monoscript/fileName/Solution.cs: 6f57345c5a9c03cd9de52e226d588ae1 -> 8bc97d0abd509f39b67b3a5bbac1b9a1
  custom:scripting/monoscript/fileName/VisualStudioCodiumInstallation.cs: 8ee758ce837648e8a493211c15ac775a -> 
  custom:scripting/precompiled-assembly-types:Unity.Cursor.Editor: c4135f52e7ee32dfaf93d3e70b9c4e0a -> 
  custom:scripting/monoscript/fileName/GUIDProvider.cs: cb8edf978faeabcee864dce1a906a291 -> cdd3f47e4fe593d2dfdf9915fa537e3f
  custom:container-muxer-webm: aa71ff27fc2769a1b78a27578f13a17b -> 
  custom:video-decoder-webm-vp8: 9c59270c3fd7afecdb556c50c9e8de78 -> 
  custom:scripting/monoscript/fileName/MessageEventArgs.cs: 1019688f506e4394820040d9795c0a7d -> 528473bbcee3623fe954627c6bfadd2e
  custom:SearchIndexIgnoredProperties: e643bd26f0fe6173181afceb89e7c659 -> 
  custom:scripting/monoscript/fileName/ProjectProperties.cs: 2d74649e53a223aa9cd860921346e9bd -> 407063898a13eaad2cd100e43551c6b5
  custom:AudioImporter_EditorPlatform: d09bf68614088b80899f8185d706f6e7 -> 
  custom:scripting/monoscript/fileName/UnityInstallation.cs: e77a4cd80130bf9635eda265c59fc585 -> 0ba30d4545f2c34a9323456723b5dbfe
  custom:scripting/precompiled-assembly-types:Unity.VisualScripting.Core.Editor: 1ac958119c4ad755d50390246b13522a -> 39597c0f3a76e24d87d64afa59c5f88d
  custom:scripting/monoscript/fileName/SolutionParser.cs: 28362f3ad5ff471d352dad937c4f46f0 -> 240a75b5fc2682997268aa77e6a1dd86
  custom:scripting/monoscript/fileName/TestAdaptor.cs: 5be3b7fc797cbdb67976ea5fdb904de5 -> 486cec8559bad7c56adc699f165feb67
  custom:scripting/precompiled-assembly-types:UnityEngine.TestRunner: 7a4d96a0696e29157328c6996c3b82c5 -> f5758234275f5346968d00e3b1a1c0e4
  custom:scripting/monoscript/fileName/Discovery.cs: 43295ac1709a058ba3ec01d8585e170c -> 2b1006b9be47307c73378eaafc98b6fb
  custom:scripting/monoscript/fileName/VisualStudioIntegration.cs: f837b233b752d741f76e0990c5fad160 -> f9e623c49f9f20ea97a4519aa48d72d4
  custom:scripting/monoscript/fileName/FileIOProvider.cs: 081176a77b8b51898d4a1d6cfbab48ce -> 304525d180d2b661ce338fc8a3225752
  custom:scripting/monoscript/fileName/SdkStyleProjectGeneration.cs: 0d12ba8b4cce4103aedd4f5c89736364 -> bbd8a39d16aad1a0b8d5240b1f43f4a4
  custom:scripting/monoscript/fileName/Enemy.cs: 13cc614454c9ae28caa24456faa3d7cf -> 
  custom:video-encoder-webm-vp8: eb34c28f22e8b96e1ab97ce403110664 -> 
  custom:audio-decoder-ogg-vorbis: bf7c407c2cedff20999df2af8eb42d56 -> 
  custom:scripting/monoscript/fileName/SolutionProperties.cs: 0b7dbd9dc0e3af7f872e6112fa6f596e -> ab8751e49ae2f3d9994444a0a38619bd
  custom:scripting/monoscript/fileName/TestRunnerApiListener.cs: 9b7ed325f86e08c020c1bdc783d9bb51 -> cc17cec8825a8f933d6ecbd68d51f1de
  custom:scripting/monoscript/fileName/AssemblyNameProvider.cs: 06c09785a9ef49a49b329ed384758248 -> 170b0fd934f78f2e6a09342014bfa1fc
  custom:scripting/monoscript/fileName/Serializer.cs: 44df498e13906e45a2828923a7f89ac6 -> d7df1b97d0a3bd0bb98fd4d2d5bf5d29
  custom:scripting/monoscript/fileName/Message.cs: 3d319f70d9870482a245157c25577c4e -> 671a789acb2c7a93d0b620fe02979957
  custom:scripting/monoscript/fileName/Deserializer.cs: 7a4843246f0d5a1b063e9a6fef778397 -> 1cc72e9ed2428cc6d6ce2d4d2ad7b02b
  custom:scripting/monoscript/fileName/Test.cs: 8289d0398bd9a051035a87365428a0e7 -> 
  custom:audio-encoder-webm-vorbis: bf7c407c2cedff20999df2af8eb42d56 -> 
  custom:scripting/monoscript/fileName/TestRunnerCallbacks.cs: 901a1f98c6fdb76be420d56e91fe540d -> 5627cb9f4ed769fba607b0cab8e9e63d
  custom:scripting/monoscript/fileName/AsyncOperation.cs: 8f6297df34271fdb1ce2d9607ec6261d -> 90647cc400823b41df847a6cbfc29026
  custom:scripting/precompiled-assembly-types:Assembly-CSharp: 21ebfb0f5adf3ec10b439ac8102297a1 -> 
  custom:scripting/monoscript/fileName/UsageUtility.cs: 3f044a4563e8e23515be1e6c9e7e0fc7 -> 5ed3d13206b2b96245ce59a5c83beed1
========================================================================
Received Prepare
Caller must complete domain reload
Begin MonoManager ReloadAssembly
- Loaded All Assemblies, in  0.442 seconds
Native extension for WindowsStandalone target not found
Native extension for WebGL target not found
Mono: successfully reloaded assembly
- Finished resetting the current domain, in  0.984 seconds
Domain Reload Profiling: 1426ms
	BeginReloadAssembly (156ms)
		ExecutionOrderSort (0ms)
		DisableScriptedObjects (5ms)
		BackupInstance (0ms)
		ReleaseScriptingObjects (0ms)
		CreateAndSetChildDomain (27ms)
	RebuildCommonClasses (33ms)
	RebuildNativeTypeToScriptingClass (12ms)
	initialDomainReloadingComplete (26ms)
	LoadAllAssembliesAndSetupDomain (214ms)
		LoadAssemblies (297ms)
		RebuildTransferFunctionScriptingTraits (0ms)
		AnalyzeDomain (12ms)
			TypeCache.Refresh (5ms)
				TypeCache.ScanAssembly (0ms)
			ScanForSourceGeneratedMonoScriptInfo (0ms)
			ResolveRequiredComponents (5ms)
	FinalizeReload (985ms)
		ReleaseScriptCaches (0ms)
		RebuildScriptCaches (0ms)
		SetupLoadedEditorAssemblies (400ms)
			LogAssemblyErrors (0ms)
			InitializePlatformSupportModulesInManaged (7ms)
			SetLoadedEditorAssemblies (3ms)
			RefreshPlugins (0ms)
			BeforeProcessingInitializeOnLoad (56ms)
			ProcessInitializeOnLoadAttributes (308ms)
			ProcessInitializeOnLoadMethodAttributes (23ms)
			AfterProcessingInitializeOnLoad (3ms)
			EditorAssembliesLoaded (1ms)
		ExecutionOrderSort2 (0ms)
		AwakeInstancesAfterBackupRestoration (12ms)
Refreshing native plugins compatible for Editor in 3.74 ms, found 3 plugins.
Preloading 0 native plugins for Editor in 0.00 ms.
Unloading 3177 Unused Serialized files (Serialized files now loaded: 0)
Unloading 14 unused Assets / (28.6 KB). Loaded Objects now: 3698.
Memory consumption went from 119.1 MB to 119.1 MB.
Total: 3.077400 ms (FindLiveObjects: 0.482700 ms CreateObjectMapping: 0.340300 ms MarkObjects: 2.212000 ms  DeleteObjects: 0.041300 ms)

Prepare: number of updated asset objects reloaded= 0
AssetImportParameters requested are different than current active one (requested -> active):
  custom:scripting/monoscript/fileName/UdpSocket.cs: 5c2b80a042c65f789ef7f3c889fd101f -> 7555d065f81d23e6604acb91cf79ddd6
  custom:scripting/monoscript/fileName/Image.cs: 31ff8141403f4cb357eb7bf7e9ffdaeb -> f32195bbbc1ca9edcb6c8c6185597e40
  custom:scripting/monoscript/fileName/Cli.cs: 3c2ed0c881a657a6a8d1cec2a5d27e18 -> d287e08b50f2cb135aa4d7f8e01b7ef9
  custom:scripting/monoscript/fileName/KnownAssemblies.cs: 5a9878fa8cd33efc58225a4622d3c409 -> 286bea9f8fcee5e392f6fc0f0cd541c8
  custom:scripting/monoscript/fileName/SimpleJSON.cs: 2249b1d8736d53bdbb860984e9900714 -> 70c028a07c79c166db015acda1282d86
  custom:container-demuxer-ogg: 62fdf1f143b41e24485cea50d1cbac27 -> 
  custom:scripting/precompiled-assembly-types:Unity.PlasticSCM.Editor: 72a23a7a65cae48dae511b6579c293e4 -> 7e4e003063ee77e81fbf11080919f8e6
  custom:scripting/monoscript/fileName/SolutionProjectEntry.cs: 2cdbeb47f8763ac80d7836f6135300a9 -> 68cea09e9af09443edf61e18806ac1c2
  custom:scripting/monoscript/fileName/TcpListener.cs: 61afd6a8605bfd0084b595d2a15e8b2e -> 940bfdac0e91ad2884e6359468f2782a
  custom:scripting/monoscript/fileName/TcpClient.cs: 55a65447af3e4d6ecee8fd6d8f8731bd -> a949cfd4c46427829913ee0195fa0103
  custom:video-codec-MediaFoundation-h265: 746d11721c4dcdbdad8f713fa42b33f4 -> 
  custom:scripting/monoscript/fileName/LegacyStyleProjectGeneration.cs: 8aa3d3f0dc4d59c1ad013b88ff81a18d -> 4858a0ab74312ccaa3ff27a510a9d575
  custom:scripting/monoscript/fileName/FileUtility.cs: ce7e1c41f3666e04a20e8ab169333163 -> 2d70b80c72be1fb3b2b89ce0939e8cef
  custom:video-decoder-ogg-theora: a1e56fd34408186e4bbccfd4996cb3dc -> 
  custom:framework-win-MediaFoundation: 216162199b28c13a410421893ffa2e32 -> 
  custom:scripting/monoscript/fileName/VisualStudioCursorInstallation.cs: 95dc478876e6707a7e0d3e4422a08b22 -> 
  custom:scripting/monoscript/fileName/Messenger.cs: e1a29b4f8717764c5ff32215b741de2c -> f4ebc46d09b2b4de489946914db2aae0
  custom:scripting/monoscript/fileName/ProcessRunner.cs: 9913dac524d7fba7e53010bd3e109769 -> 932a2a80cb9a3539199f645deff3c585
  custom:scripting/monoscript/fileName/ExceptionEventArgs.cs: c1fb418063f3fe95153ce19939c50281 -> 27cb4c00a4137b184e01164606c88685
  custom:scripting/monoscript/fileName/ProjectGeneration.cs: 9ecb66398cf426136e1427db129d71bc -> 5d892aecaaa9b5c9f4162e2ae2b374ef
  custom:scripting/monoscript/fileName/GameOverUI.cs: 204dcc333de1c17b944f34fa4337dc40 -> 
  custom:scripting/monoscript/fileName/Symbols.cs: 37055ad381792899bea2e26647ce5ae9 -> 27613575e8bda8a6448f80ff27c488f9
  custom:scripting/monoscript/fileName/VersionPair.cs: 219dda7a75299c084fd265cf8d4d22ac -> 88b4a0b7e953537f26ded0a68cf4c238
  custom:scripting/precompiled-assembly-types:Unity.Timeline.Editor: b4313fba5652ee5a8449f3ec85f31ae4 -> 534d7c71c4dd9147ea00599cede121e1
  custom:CustomObjectIndexerAttribute: 9a22284fe3817be447336de3de66b15e -> 
  custom:scripting/monoscript/fileName/TestResultAdaptor.cs: 9b1d3d6bb50f08d85d0c8ba1d01b312d -> fb4db3971d5379750cda884e7e44e3e4
  custom:scripting/monoscript/fileName/VisualStudioEditor.cs: edffea2b56ff2fcda30202ca00e6de62 -> 21e59f688ad500ab61aca318850ec505
  custom:scripting/monoscript/fileName/VisualStudioInstallation.cs: d9bdf8280241f81cb63321a50b4ad2cb -> 41612f13db7783c8635801ab159c1079
  custom:scripting/monoscript/fileName/GameStartPanel.cs: f9029a7546d6d0a640aa647183643613 -> 
  custom:container-demuxer-webm: 4f35f7cbe854078d1ac9338744f61a02 -> 
  custom:scripting/monoscript/fileName/Solution.cs: 6f57345c5a9c03cd9de52e226d588ae1 -> 8bc97d0abd509f39b67b3a5bbac1b9a1
  custom:scripting/monoscript/fileName/VisualStudioCodiumInstallation.cs: 8ee758ce837648e8a493211c15ac775a -> 
  custom:scripting/precompiled-assembly-types:Unity.Cursor.Editor: c4135f52e7ee32dfaf93d3e70b9c4e0a -> 
  custom:scripting/monoscript/fileName/GUIDProvider.cs: cb8edf978faeabcee864dce1a906a291 -> cdd3f47e4fe593d2dfdf9915fa537e3f
  custom:container-muxer-webm: aa71ff27fc2769a1b78a27578f13a17b -> 
  custom:video-decoder-webm-vp8: 9c59270c3fd7afecdb556c50c9e8de78 -> 
  custom:scripting/monoscript/fileName/MessageEventArgs.cs: 1019688f506e4394820040d9795c0a7d -> 528473bbcee3623fe954627c6bfadd2e
  custom:SearchIndexIgnoredProperties: e643bd26f0fe6173181afceb89e7c659 -> 
  custom:scripting/monoscript/fileName/ProjectProperties.cs: 2d74649e53a223aa9cd860921346e9bd -> 407063898a13eaad2cd100e43551c6b5
  custom:AudioImporter_EditorPlatform: d09bf68614088b80899f8185d706f6e7 -> 
  custom:scripting/monoscript/fileName/UnityInstallation.cs: e77a4cd80130bf9635eda265c59fc585 -> 0ba30d4545f2c34a9323456723b5dbfe
  custom:scripting/precompiled-assembly-types:Unity.VisualScripting.Core.Editor: 1ac958119c4ad755d50390246b13522a -> 39597c0f3a76e24d87d64afa59c5f88d
  custom:scripting/monoscript/fileName/SolutionParser.cs: 28362f3ad5ff471d352dad937c4f46f0 -> 240a75b5fc2682997268aa77e6a1dd86
  custom:scripting/monoscript/fileName/TestAdaptor.cs: 5be3b7fc797cbdb67976ea5fdb904de5 -> 486cec8559bad7c56adc699f165feb67
  custom:scripting/precompiled-assembly-types:UnityEngine.TestRunner: 7a4d96a0696e29157328c6996c3b82c5 -> f5758234275f5346968d00e3b1a1c0e4
  custom:scripting/monoscript/fileName/Discovery.cs: 43295ac1709a058ba3ec01d8585e170c -> 2b1006b9be47307c73378eaafc98b6fb
  custom:scripting/monoscript/fileName/VisualStudioIntegration.cs: f837b233b752d741f76e0990c5fad160 -> f9e623c49f9f20ea97a4519aa48d72d4
  custom:scripting/monoscript/fileName/FileIOProvider.cs: 081176a77b8b51898d4a1d6cfbab48ce -> 304525d180d2b661ce338fc8a3225752
  custom:scripting/monoscript/fileName/SdkStyleProjectGeneration.cs: 0d12ba8b4cce4103aedd4f5c89736364 -> bbd8a39d16aad1a0b8d5240b1f43f4a4
  custom:scripting/monoscript/fileName/Enemy.cs: 13cc614454c9ae28caa24456faa3d7cf -> 
  custom:video-encoder-webm-vp8: eb34c28f22e8b96e1ab97ce403110664 -> 
  custom:audio-decoder-ogg-vorbis: bf7c407c2cedff20999df2af8eb42d56 -> 
  custom:scripting/monoscript/fileName/SolutionProperties.cs: 0b7dbd9dc0e3af7f872e6112fa6f596e -> ab8751e49ae2f3d9994444a0a38619bd
  custom:scripting/monoscript/fileName/TestRunnerApiListener.cs: 9b7ed325f86e08c020c1bdc783d9bb51 -> cc17cec8825a8f933d6ecbd68d51f1de
  custom:scripting/monoscript/fileName/AssemblyNameProvider.cs: 06c09785a9ef49a49b329ed384758248 -> 170b0fd934f78f2e6a09342014bfa1fc
  custom:scripting/monoscript/fileName/Serializer.cs: 44df498e13906e45a2828923a7f89ac6 -> d7df1b97d0a3bd0bb98fd4d2d5bf5d29
  custom:scripting/monoscript/fileName/Message.cs: 3d319f70d9870482a245157c25577c4e -> 671a789acb2c7a93d0b620fe02979957
  custom:scripting/monoscript/fileName/Deserializer.cs: 7a4843246f0d5a1b063e9a6fef778397 -> 1cc72e9ed2428cc6d6ce2d4d2ad7b02b
  custom:scripting/monoscript/fileName/Test.cs: 8289d0398bd9a051035a87365428a0e7 -> 
  custom:audio-encoder-webm-vorbis: bf7c407c2cedff20999df2af8eb42d56 -> 
  custom:scripting/monoscript/fileName/TestRunnerCallbacks.cs: 901a1f98c6fdb76be420d56e91fe540d -> 5627cb9f4ed769fba607b0cab8e9e63d
  custom:scripting/monoscript/fileName/AsyncOperation.cs: 8f6297df34271fdb1ce2d9607ec6261d -> 90647cc400823b41df847a6cbfc29026
  custom:scripting/precompiled-assembly-types:Assembly-CSharp: 21ebfb0f5adf3ec10b439ac8102297a1 -> 
  custom:scripting/monoscript/fileName/UsageUtility.cs: 3f044a4563e8e23515be1e6c9e7e0fc7 -> 5ed3d13206b2b96245ce59a5c83beed1
========================================================================
Received Prepare
Caller must complete domain reload
Begin MonoManager ReloadAssembly
- Loaded All Assemblies, in  0.440 seconds
Native extension for WindowsStandalone target not found
Native extension for WebGL target not found
Mono: successfully reloaded assembly
- Finished resetting the current domain, in  0.947 seconds
Domain Reload Profiling: 1387ms
	BeginReloadAssembly (166ms)
		ExecutionOrderSort (0ms)
		DisableScriptedObjects (6ms)
		BackupInstance (0ms)
		ReleaseScriptingObjects (0ms)
		CreateAndSetChildDomain (32ms)
	RebuildCommonClasses (35ms)
	RebuildNativeTypeToScriptingClass (12ms)
	initialDomainReloadingComplete (29ms)
	LoadAllAssembliesAndSetupDomain (198ms)
		LoadAssemblies (267ms)
		RebuildTransferFunctionScriptingTraits (0ms)
		AnalyzeDomain (23ms)
			TypeCache.Refresh (9ms)
				TypeCache.ScanAssembly (0ms)
			ScanForSourceGeneratedMonoScriptInfo (7ms)
			ResolveRequiredComponents (6ms)
	FinalizeReload (947ms)
		ReleaseScriptCaches (0ms)
		RebuildScriptCaches (0ms)
		SetupLoadedEditorAssemblies (361ms)
			LogAssemblyErrors (0ms)
			InitializePlatformSupportModulesInManaged (6ms)
			SetLoadedEditorAssemblies (3ms)
			RefreshPlugins (0ms)
			BeforeProcessingInitializeOnLoad (52ms)
			ProcessInitializeOnLoadAttributes (274ms)
			ProcessInitializeOnLoadMethodAttributes (22ms)
			AfterProcessingInitializeOnLoad (4ms)
			EditorAssembliesLoaded (0ms)
		ExecutionOrderSort2 (0ms)
		AwakeInstancesAfterBackupRestoration (10ms)
Refreshing native plugins compatible for Editor in 3.78 ms, found 3 plugins.
Preloading 0 native plugins for Editor in 0.00 ms.
Unloading 3177 Unused Serialized files (Serialized files now loaded: 0)
Unloading 14 unused Assets / (28.7 KB). Loaded Objects now: 3701.
Memory consumption went from 119.1 MB to 119.1 MB.
Total: 3.051800 ms (FindLiveObjects: 0.227100 ms CreateObjectMapping: 0.161800 ms MarkObjects: 2.623900 ms  DeleteObjects: 0.037900 ms)

Prepare: number of updated asset objects reloaded= 0
AssetImportParameters requested are different than current active one (requested -> active):
  custom:scripting/monoscript/fileName/UdpSocket.cs: 5c2b80a042c65f789ef7f3c889fd101f -> 7555d065f81d23e6604acb91cf79ddd6
  custom:scripting/monoscript/fileName/Image.cs: 31ff8141403f4cb357eb7bf7e9ffdaeb -> f32195bbbc1ca9edcb6c8c6185597e40
  custom:scripting/monoscript/fileName/Cli.cs: 3c2ed0c881a657a6a8d1cec2a5d27e18 -> d287e08b50f2cb135aa4d7f8e01b7ef9
  custom:scripting/monoscript/fileName/KnownAssemblies.cs: 5a9878fa8cd33efc58225a4622d3c409 -> 286bea9f8fcee5e392f6fc0f0cd541c8
  custom:scripting/monoscript/fileName/SimpleJSON.cs: 2249b1d8736d53bdbb860984e9900714 -> 70c028a07c79c166db015acda1282d86
  custom:container-demuxer-ogg: 62fdf1f143b41e24485cea50d1cbac27 -> 
  custom:scripting/precompiled-assembly-types:Unity.PlasticSCM.Editor: 72a23a7a65cae48dae511b6579c293e4 -> 7e4e003063ee77e81fbf11080919f8e6
  custom:scripting/monoscript/fileName/SolutionProjectEntry.cs: 2cdbeb47f8763ac80d7836f6135300a9 -> 68cea09e9af09443edf61e18806ac1c2
  custom:scripting/monoscript/fileName/TcpListener.cs: 61afd6a8605bfd0084b595d2a15e8b2e -> 940bfdac0e91ad2884e6359468f2782a
  custom:scripting/monoscript/fileName/TcpClient.cs: 55a65447af3e4d6ecee8fd6d8f8731bd -> a949cfd4c46427829913ee0195fa0103
  custom:video-codec-MediaFoundation-h265: 746d11721c4dcdbdad8f713fa42b33f4 -> 
  custom:scripting/monoscript/fileName/LegacyStyleProjectGeneration.cs: 8aa3d3f0dc4d59c1ad013b88ff81a18d -> 4858a0ab74312ccaa3ff27a510a9d575
  custom:scripting/monoscript/fileName/FileUtility.cs: ce7e1c41f3666e04a20e8ab169333163 -> 2d70b80c72be1fb3b2b89ce0939e8cef
  custom:video-decoder-ogg-theora: a1e56fd34408186e4bbccfd4996cb3dc -> 
  custom:framework-win-MediaFoundation: 216162199b28c13a410421893ffa2e32 -> 
  custom:scripting/monoscript/fileName/VisualStudioCursorInstallation.cs: 95dc478876e6707a7e0d3e4422a08b22 -> 
  custom:scripting/monoscript/fileName/Messenger.cs: e1a29b4f8717764c5ff32215b741de2c -> f4ebc46d09b2b4de489946914db2aae0
  custom:scripting/monoscript/fileName/ProcessRunner.cs: 9913dac524d7fba7e53010bd3e109769 -> 932a2a80cb9a3539199f645deff3c585
  custom:scripting/monoscript/fileName/ExceptionEventArgs.cs: c1fb418063f3fe95153ce19939c50281 -> 27cb4c00a4137b184e01164606c88685
  custom:scripting/monoscript/fileName/ProjectGeneration.cs: 9ecb66398cf426136e1427db129d71bc -> 5d892aecaaa9b5c9f4162e2ae2b374ef
  custom:scripting/monoscript/fileName/GameOverUI.cs: 204dcc333de1c17b944f34fa4337dc40 -> 
  custom:scripting/monoscript/fileName/Symbols.cs: 37055ad381792899bea2e26647ce5ae9 -> 27613575e8bda8a6448f80ff27c488f9
  custom:scripting/monoscript/fileName/VersionPair.cs: 219dda7a75299c084fd265cf8d4d22ac -> 88b4a0b7e953537f26ded0a68cf4c238
  custom:scripting/precompiled-assembly-types:Unity.Timeline.Editor: b4313fba5652ee5a8449f3ec85f31ae4 -> 534d7c71c4dd9147ea00599cede121e1
  custom:CustomObjectIndexerAttribute: 9a22284fe3817be447336de3de66b15e -> 
  custom:scripting/monoscript/fileName/TestResultAdaptor.cs: 9b1d3d6bb50f08d85d0c8ba1d01b312d -> fb4db3971d5379750cda884e7e44e3e4
  custom:scripting/monoscript/fileName/VisualStudioEditor.cs: edffea2b56ff2fcda30202ca00e6de62 -> 21e59f688ad500ab61aca318850ec505
  custom:scripting/monoscript/fileName/VisualStudioInstallation.cs: d9bdf8280241f81cb63321a50b4ad2cb -> 41612f13db7783c8635801ab159c1079
  custom:scripting/monoscript/fileName/GameStartPanel.cs: f9029a7546d6d0a640aa647183643613 -> 
  custom:container-demuxer-webm: 4f35f7cbe854078d1ac9338744f61a02 -> 
  custom:scripting/monoscript/fileName/Solution.cs: 6f57345c5a9c03cd9de52e226d588ae1 -> 8bc97d0abd509f39b67b3a5bbac1b9a1
  custom:scripting/monoscript/fileName/VisualStudioCodiumInstallation.cs: 8ee758ce837648e8a493211c15ac775a -> 
  custom:scripting/precompiled-assembly-types:Unity.Cursor.Editor: c4135f52e7ee32dfaf93d3e70b9c4e0a -> 
  custom:scripting/monoscript/fileName/GUIDProvider.cs: cb8edf978faeabcee864dce1a906a291 -> cdd3f47e4fe593d2dfdf9915fa537e3f
  custom:container-muxer-webm: aa71ff27fc2769a1b78a27578f13a17b -> 
  custom:video-decoder-webm-vp8: 9c59270c3fd7afecdb556c50c9e8de78 -> 
  custom:scripting/monoscript/fileName/MessageEventArgs.cs: 1019688f506e4394820040d9795c0a7d -> 528473bbcee3623fe954627c6bfadd2e
  custom:SearchIndexIgnoredProperties: e643bd26f0fe6173181afceb89e7c659 -> 
  custom:scripting/monoscript/fileName/ProjectProperties.cs: 2d74649e53a223aa9cd860921346e9bd -> 407063898a13eaad2cd100e43551c6b5
  custom:AudioImporter_EditorPlatform: d09bf68614088b80899f8185d706f6e7 -> 
  custom:scripting/monoscript/fileName/UnityInstallation.cs: e77a4cd80130bf9635eda265c59fc585 -> 0ba30d4545f2c34a9323456723b5dbfe
  custom:scripting/precompiled-assembly-types:Unity.VisualScripting.Core.Editor: 1ac958119c4ad755d50390246b13522a -> 39597c0f3a76e24d87d64afa59c5f88d
  custom:scripting/monoscript/fileName/SolutionParser.cs: 28362f3ad5ff471d352dad937c4f46f0 -> 240a75b5fc2682997268aa77e6a1dd86
  custom:scripting/monoscript/fileName/TestAdaptor.cs: 5be3b7fc797cbdb67976ea5fdb904de5 -> 486cec8559bad7c56adc699f165feb67
  custom:scripting/precompiled-assembly-types:UnityEngine.TestRunner: 7a4d96a0696e29157328c6996c3b82c5 -> f5758234275f5346968d00e3b1a1c0e4
  custom:scripting/monoscript/fileName/Discovery.cs: 43295ac1709a058ba3ec01d8585e170c -> 2b1006b9be47307c73378eaafc98b6fb
  custom:scripting/monoscript/fileName/VisualStudioIntegration.cs: f837b233b752d741f76e0990c5fad160 -> f9e623c49f9f20ea97a4519aa48d72d4
  custom:scripting/monoscript/fileName/FileIOProvider.cs: 081176a77b8b51898d4a1d6cfbab48ce -> 304525d180d2b661ce338fc8a3225752
  custom:scripting/monoscript/fileName/SdkStyleProjectGeneration.cs: 0d12ba8b4cce4103aedd4f5c89736364 -> bbd8a39d16aad1a0b8d5240b1f43f4a4
  custom:scripting/monoscript/fileName/Enemy.cs: 13cc614454c9ae28caa24456faa3d7cf -> 
  custom:video-encoder-webm-vp8: eb34c28f22e8b96e1ab97ce403110664 -> 
  custom:audio-decoder-ogg-vorbis: bf7c407c2cedff20999df2af8eb42d56 -> 
  custom:scripting/monoscript/fileName/SolutionProperties.cs: 0b7dbd9dc0e3af7f872e6112fa6f596e -> ab8751e49ae2f3d9994444a0a38619bd
  custom:scripting/monoscript/fileName/TestRunnerApiListener.cs: 9b7ed325f86e08c020c1bdc783d9bb51 -> cc17cec8825a8f933d6ecbd68d51f1de
  custom:scripting/monoscript/fileName/AssemblyNameProvider.cs: 06c09785a9ef49a49b329ed384758248 -> 170b0fd934f78f2e6a09342014bfa1fc
  custom:scripting/monoscript/fileName/Serializer.cs: 44df498e13906e45a2828923a7f89ac6 -> d7df1b97d0a3bd0bb98fd4d2d5bf5d29
  custom:scripting/monoscript/fileName/Message.cs: 3d319f70d9870482a245157c25577c4e -> 671a789acb2c7a93d0b620fe02979957
  custom:scripting/monoscript/fileName/Deserializer.cs: 7a4843246f0d5a1b063e9a6fef778397 -> 1cc72e9ed2428cc6d6ce2d4d2ad7b02b
  custom:scripting/monoscript/fileName/Test.cs: 8289d0398bd9a051035a87365428a0e7 -> 
  custom:audio-encoder-webm-vorbis: bf7c407c2cedff20999df2af8eb42d56 -> 
  custom:scripting/monoscript/fileName/TestRunnerCallbacks.cs: 901a1f98c6fdb76be420d56e91fe540d -> 5627cb9f4ed769fba607b0cab8e9e63d
  custom:scripting/monoscript/fileName/AsyncOperation.cs: 8f6297df34271fdb1ce2d9607ec6261d -> 90647cc400823b41df847a6cbfc29026
  custom:scripting/precompiled-assembly-types:Assembly-CSharp: 21ebfb0f5adf3ec10b439ac8102297a1 -> 
  custom:scripting/monoscript/fileName/UsageUtility.cs: 3f044a4563e8e23515be1e6c9e7e0fc7 -> 5ed3d13206b2b96245ce59a5c83beed1
========================================================================
Received Prepare
Caller must complete domain reload
Begin MonoManager ReloadAssembly
- Loaded All Assemblies, in  0.426 seconds
Native extension for WindowsStandalone target not found
Native extension for WebGL target not found
Mono: successfully reloaded assembly
- Finished resetting the current domain, in  1.057 seconds
Domain Reload Profiling: 1483ms
	BeginReloadAssembly (155ms)
		ExecutionOrderSort (0ms)
		DisableScriptedObjects (5ms)
		BackupInstance (0ms)
		ReleaseScriptingObjects (0ms)
		CreateAndSetChildDomain (29ms)
	RebuildCommonClasses (34ms)
	RebuildNativeTypeToScriptingClass (11ms)
	initialDomainReloadingComplete (26ms)
	LoadAllAssembliesAndSetupDomain (199ms)
		LoadAssemblies (277ms)
		RebuildTransferFunctionScriptingTraits (0ms)
		AnalyzeDomain (13ms)
			TypeCache.Refresh (5ms)
				TypeCache.ScanAssembly (0ms)
			ScanForSourceGeneratedMonoScriptInfo (0ms)
			ResolveRequiredComponents (7ms)
	FinalizeReload (1058ms)
		ReleaseScriptCaches (0ms)
		RebuildScriptCaches (0ms)
		SetupLoadedEditorAssemblies (441ms)
			LogAssemblyErrors (0ms)
			InitializePlatformSupportModulesInManaged (6ms)
			SetLoadedEditorAssemblies (4ms)
			RefreshPlugins (0ms)
			BeforeProcessingInitializeOnLoad (60ms)
			ProcessInitializeOnLoadAttributes (345ms)
			ProcessInitializeOnLoadMethodAttributes (23ms)
			AfterProcessingInitializeOnLoad (2ms)
			EditorAssembliesLoaded (0ms)
		ExecutionOrderSort2 (0ms)
		AwakeInstancesAfterBackupRestoration (12ms)
Refreshing native plugins compatible for Editor in 4.03 ms, found 3 plugins.
Preloading 0 native plugins for Editor in 0.00 ms.
Unloading 3177 Unused Serialized files (Serialized files now loaded: 0)
Unloading 14 unused Assets / (28.5 KB). Loaded Objects now: 3704.
Memory consumption went from 119.1 MB to 119.1 MB.
Total: 2.544300 ms (FindLiveObjects: 0.246900 ms CreateObjectMapping: 0.177200 ms MarkObjects: 2.063500 ms  DeleteObjects: 0.055700 ms)

Prepare: number of updated asset objects reloaded= 0
AssetImportParameters requested are different than current active one (requested -> active):
  custom:scripting/monoscript/fileName/UdpSocket.cs: 5c2b80a042c65f789ef7f3c889fd101f -> 7555d065f81d23e6604acb91cf79ddd6
  custom:scripting/monoscript/fileName/Image.cs: 31ff8141403f4cb357eb7bf7e9ffdaeb -> f32195bbbc1ca9edcb6c8c6185597e40
  custom:scripting/monoscript/fileName/Cli.cs: 3c2ed0c881a657a6a8d1cec2a5d27e18 -> d287e08b50f2cb135aa4d7f8e01b7ef9
  custom:scripting/monoscript/fileName/KnownAssemblies.cs: 5a9878fa8cd33efc58225a4622d3c409 -> 286bea9f8fcee5e392f6fc0f0cd541c8
  custom:scripting/monoscript/fileName/SimpleJSON.cs: 2249b1d8736d53bdbb860984e9900714 -> 70c028a07c79c166db015acda1282d86
  custom:container-demuxer-ogg: 62fdf1f143b41e24485cea50d1cbac27 -> 
  custom:scripting/precompiled-assembly-types:Unity.PlasticSCM.Editor: 72a23a7a65cae48dae511b6579c293e4 -> 7e4e003063ee77e81fbf11080919f8e6
  custom:scripting/monoscript/fileName/SolutionProjectEntry.cs: 2cdbeb47f8763ac80d7836f6135300a9 -> 68cea09e9af09443edf61e18806ac1c2
  custom:scripting/monoscript/fileName/TcpListener.cs: 61afd6a8605bfd0084b595d2a15e8b2e -> 940bfdac0e91ad2884e6359468f2782a
  custom:scripting/monoscript/fileName/TcpClient.cs: 55a65447af3e4d6ecee8fd6d8f8731bd -> a949cfd4c46427829913ee0195fa0103
  custom:video-codec-MediaFoundation-h265: 746d11721c4dcdbdad8f713fa42b33f4 -> 
  custom:scripting/monoscript/fileName/LegacyStyleProjectGeneration.cs: 8aa3d3f0dc4d59c1ad013b88ff81a18d -> 4858a0ab74312ccaa3ff27a510a9d575
  custom:scripting/monoscript/fileName/FileUtility.cs: ce7e1c41f3666e04a20e8ab169333163 -> 2d70b80c72be1fb3b2b89ce0939e8cef
  custom:video-decoder-ogg-theora: a1e56fd34408186e4bbccfd4996cb3dc -> 
  custom:framework-win-MediaFoundation: 216162199b28c13a410421893ffa2e32 -> 
  custom:scripting/monoscript/fileName/VisualStudioCursorInstallation.cs: 95dc478876e6707a7e0d3e4422a08b22 -> 
  custom:scripting/monoscript/fileName/Messenger.cs: e1a29b4f8717764c5ff32215b741de2c -> f4ebc46d09b2b4de489946914db2aae0
  custom:scripting/monoscript/fileName/ProcessRunner.cs: 9913dac524d7fba7e53010bd3e109769 -> 932a2a80cb9a3539199f645deff3c585
  custom:scripting/monoscript/fileName/ExceptionEventArgs.cs: c1fb418063f3fe95153ce19939c50281 -> 27cb4c00a4137b184e01164606c88685
  custom:scripting/monoscript/fileName/ProjectGeneration.cs: 9ecb66398cf426136e1427db129d71bc -> 5d892aecaaa9b5c9f4162e2ae2b374ef
  custom:scripting/monoscript/fileName/GameOverUI.cs: 204dcc333de1c17b944f34fa4337dc40 -> 
  custom:scripting/monoscript/fileName/Symbols.cs: 37055ad381792899bea2e26647ce5ae9 -> 27613575e8bda8a6448f80ff27c488f9
  custom:scripting/monoscript/fileName/VersionPair.cs: 219dda7a75299c084fd265cf8d4d22ac -> 88b4a0b7e953537f26ded0a68cf4c238
  custom:scripting/precompiled-assembly-types:Unity.Timeline.Editor: b4313fba5652ee5a8449f3ec85f31ae4 -> 534d7c71c4dd9147ea00599cede121e1
  custom:CustomObjectIndexerAttribute: 9a22284fe3817be447336de3de66b15e -> 
  custom:scripting/monoscript/fileName/TestResultAdaptor.cs: 9b1d3d6bb50f08d85d0c8ba1d01b312d -> fb4db3971d5379750cda884e7e44e3e4
  custom:scripting/monoscript/fileName/VisualStudioEditor.cs: edffea2b56ff2fcda30202ca00e6de62 -> 21e59f688ad500ab61aca318850ec505
  custom:scripting/monoscript/fileName/VisualStudioInstallation.cs: d9bdf8280241f81cb63321a50b4ad2cb -> 41612f13db7783c8635801ab159c1079
  custom:scripting/monoscript/fileName/GameStartPanel.cs: f9029a7546d6d0a640aa647183643613 -> 
  custom:container-demuxer-webm: 4f35f7cbe854078d1ac9338744f61a02 -> 
  custom:scripting/monoscript/fileName/Solution.cs: 6f57345c5a9c03cd9de52e226d588ae1 -> 8bc97d0abd509f39b67b3a5bbac1b9a1
  custom:scripting/monoscript/fileName/VisualStudioCodiumInstallation.cs: 8ee758ce837648e8a493211c15ac775a -> 
  custom:scripting/precompiled-assembly-types:Unity.Cursor.Editor: c4135f52e7ee32dfaf93d3e70b9c4e0a -> 
  custom:scripting/monoscript/fileName/GUIDProvider.cs: cb8edf978faeabcee864dce1a906a291 -> cdd3f47e4fe593d2dfdf9915fa537e3f
  custom:container-muxer-webm: aa71ff27fc2769a1b78a27578f13a17b -> 
  custom:video-decoder-webm-vp8: 9c59270c3fd7afecdb556c50c9e8de78 -> 
  custom:scripting/monoscript/fileName/MessageEventArgs.cs: 1019688f506e4394820040d9795c0a7d -> 528473bbcee3623fe954627c6bfadd2e
  custom:SearchIndexIgnoredProperties: e643bd26f0fe6173181afceb89e7c659 -> 
  custom:scripting/monoscript/fileName/ProjectProperties.cs: 2d74649e53a223aa9cd860921346e9bd -> 407063898a13eaad2cd100e43551c6b5
  custom:AudioImporter_EditorPlatform: d09bf68614088b80899f8185d706f6e7 -> 
  custom:scripting/monoscript/fileName/UnityInstallation.cs: e77a4cd80130bf9635eda265c59fc585 -> 0ba30d4545f2c34a9323456723b5dbfe
  custom:scripting/precompiled-assembly-types:Unity.VisualScripting.Core.Editor: 1ac958119c4ad755d50390246b13522a -> 39597c0f3a76e24d87d64afa59c5f88d
  custom:scripting/monoscript/fileName/SolutionParser.cs: 28362f3ad5ff471d352dad937c4f46f0 -> 240a75b5fc2682997268aa77e6a1dd86
  custom:scripting/monoscript/fileName/TestAdaptor.cs: 5be3b7fc797cbdb67976ea5fdb904de5 -> 486cec8559bad7c56adc699f165feb67
  custom:scripting/precompiled-assembly-types:UnityEngine.TestRunner: 7a4d96a0696e29157328c6996c3b82c5 -> f5758234275f5346968d00e3b1a1c0e4
  custom:scripting/monoscript/fileName/Discovery.cs: 43295ac1709a058ba3ec01d8585e170c -> 2b1006b9be47307c73378eaafc98b6fb
  custom:scripting/monoscript/fileName/VisualStudioIntegration.cs: f837b233b752d741f76e0990c5fad160 -> f9e623c49f9f20ea97a4519aa48d72d4
  custom:scripting/monoscript/fileName/FileIOProvider.cs: 081176a77b8b51898d4a1d6cfbab48ce -> 304525d180d2b661ce338fc8a3225752
  custom:scripting/monoscript/fileName/SdkStyleProjectGeneration.cs: 0d12ba8b4cce4103aedd4f5c89736364 -> bbd8a39d16aad1a0b8d5240b1f43f4a4
  custom:scripting/monoscript/fileName/Enemy.cs: 13cc614454c9ae28caa24456faa3d7cf -> 
  custom:video-encoder-webm-vp8: eb34c28f22e8b96e1ab97ce403110664 -> 
  custom:audio-decoder-ogg-vorbis: bf7c407c2cedff20999df2af8eb42d56 -> 
  custom:scripting/monoscript/fileName/SolutionProperties.cs: 0b7dbd9dc0e3af7f872e6112fa6f596e -> ab8751e49ae2f3d9994444a0a38619bd
  custom:scripting/monoscript/fileName/TestRunnerApiListener.cs: 9b7ed325f86e08c020c1bdc783d9bb51 -> cc17cec8825a8f933d6ecbd68d51f1de
  custom:scripting/monoscript/fileName/AssemblyNameProvider.cs: 06c09785a9ef49a49b329ed384758248 -> 170b0fd934f78f2e6a09342014bfa1fc
  custom:scripting/monoscript/fileName/Serializer.cs: 44df498e13906e45a2828923a7f89ac6 -> d7df1b97d0a3bd0bb98fd4d2d5bf5d29
  custom:scripting/monoscript/fileName/Message.cs: 3d319f70d9870482a245157c25577c4e -> 671a789acb2c7a93d0b620fe02979957
  custom:scripting/monoscript/fileName/Deserializer.cs: 7a4843246f0d5a1b063e9a6fef778397 -> 1cc72e9ed2428cc6d6ce2d4d2ad7b02b
  custom:scripting/monoscript/fileName/Test.cs: 8289d0398bd9a051035a87365428a0e7 -> 
  custom:audio-encoder-webm-vorbis: bf7c407c2cedff20999df2af8eb42d56 -> 
  custom:scripting/monoscript/fileName/TestRunnerCallbacks.cs: 901a1f98c6fdb76be420d56e91fe540d -> 5627cb9f4ed769fba607b0cab8e9e63d
  custom:scripting/monoscript/fileName/AsyncOperation.cs: 8f6297df34271fdb1ce2d9607ec6261d -> 90647cc400823b41df847a6cbfc29026
  custom:scripting/precompiled-assembly-types:Assembly-CSharp: 21ebfb0f5adf3ec10b439ac8102297a1 -> 
  custom:scripting/monoscript/fileName/UsageUtility.cs: 3f044a4563e8e23515be1e6c9e7e0fc7 -> 5ed3d13206b2b96245ce59a5c83beed1
========================================================================
Received Prepare
Caller must complete domain reload
Begin MonoManager ReloadAssembly
- Loaded All Assemblies, in  0.425 seconds
Native extension for WindowsStandalone target not found
Native extension for WebGL target not found
Mono: successfully reloaded assembly
- Finished resetting the current domain, in  1.011 seconds
Domain Reload Profiling: 1437ms
	BeginReloadAssembly (160ms)
		ExecutionOrderSort (0ms)
		DisableScriptedObjects (5ms)
		BackupInstance (0ms)
		ReleaseScriptingObjects (0ms)
		CreateAndSetChildDomain (32ms)
	RebuildCommonClasses (33ms)
	RebuildNativeTypeToScriptingClass (11ms)
	initialDomainReloadingComplete (26ms)
	LoadAllAssembliesAndSetupDomain (195ms)
		LoadAssemblies (272ms)
		RebuildTransferFunctionScriptingTraits (0ms)
		AnalyzeDomain (14ms)
			TypeCache.Refresh (7ms)
				TypeCache.ScanAssembly (0ms)
			ScanForSourceGeneratedMonoScriptInfo (0ms)
			ResolveRequiredComponents (6ms)
	FinalizeReload (1012ms)
		ReleaseScriptCaches (0ms)
		RebuildScriptCaches (0ms)
		SetupLoadedEditorAssemblies (396ms)
			LogAssemblyErrors (0ms)
			InitializePlatformSupportModulesInManaged (6ms)
			SetLoadedEditorAssemblies (3ms)
			RefreshPlugins (0ms)
			BeforeProcessingInitializeOnLoad (57ms)
			ProcessInitializeOnLoadAttributes (305ms)
			ProcessInitializeOnLoadMethodAttributes (22ms)
			AfterProcessingInitializeOnLoad (3ms)
			EditorAssembliesLoaded (0ms)
		ExecutionOrderSort2 (0ms)
		AwakeInstancesAfterBackupRestoration (12ms)
Refreshing native plugins compatible for Editor in 4.13 ms, found 3 plugins.
Preloading 0 native plugins for Editor in 0.00 ms.
Unloading 3177 Unused Serialized files (Serialized files now loaded: 0)
Unloading 14 unused Assets / (28.6 KB). Loaded Objects now: 3707.
Memory consumption went from 119.1 MB to 119.1 MB.
Total: 3.290500 ms (FindLiveObjects: 0.256900 ms CreateObjectMapping: 0.231700 ms MarkObjects: 2.762000 ms  DeleteObjects: 0.038900 ms)

Prepare: number of updated asset objects reloaded= 0
AssetImportParameters requested are different than current active one (requested -> active):
  custom:scripting/monoscript/fileName/UdpSocket.cs: 5c2b80a042c65f789ef7f3c889fd101f -> 7555d065f81d23e6604acb91cf79ddd6
  custom:scripting/monoscript/fileName/Image.cs: 31ff8141403f4cb357eb7bf7e9ffdaeb -> f32195bbbc1ca9edcb6c8c6185597e40
  custom:scripting/monoscript/fileName/Cli.cs: 3c2ed0c881a657a6a8d1cec2a5d27e18 -> d287e08b50f2cb135aa4d7f8e01b7ef9
  custom:scripting/monoscript/fileName/KnownAssemblies.cs: 5a9878fa8cd33efc58225a4622d3c409 -> 286bea9f8fcee5e392f6fc0f0cd541c8
  custom:scripting/monoscript/fileName/SimpleJSON.cs: 2249b1d8736d53bdbb860984e9900714 -> 70c028a07c79c166db015acda1282d86
  custom:container-demuxer-ogg: 62fdf1f143b41e24485cea50d1cbac27 -> 
  custom:scripting/precompiled-assembly-types:Unity.PlasticSCM.Editor: 72a23a7a65cae48dae511b6579c293e4 -> 7e4e003063ee77e81fbf11080919f8e6
  custom:scripting/monoscript/fileName/SolutionProjectEntry.cs: 2cdbeb47f8763ac80d7836f6135300a9 -> 68cea09e9af09443edf61e18806ac1c2
  custom:scripting/monoscript/fileName/TcpListener.cs: 61afd6a8605bfd0084b595d2a15e8b2e -> 940bfdac0e91ad2884e6359468f2782a
  custom:scripting/monoscript/fileName/TcpClient.cs: 55a65447af3e4d6ecee8fd6d8f8731bd -> a949cfd4c46427829913ee0195fa0103
  custom:video-codec-MediaFoundation-h265: 746d11721c4dcdbdad8f713fa42b33f4 -> 
  custom:scripting/monoscript/fileName/LegacyStyleProjectGeneration.cs: 8aa3d3f0dc4d59c1ad013b88ff81a18d -> 4858a0ab74312ccaa3ff27a510a9d575
  custom:scripting/monoscript/fileName/FileUtility.cs: ce7e1c41f3666e04a20e8ab169333163 -> 2d70b80c72be1fb3b2b89ce0939e8cef
  custom:video-decoder-ogg-theora: a1e56fd34408186e4bbccfd4996cb3dc -> 
  custom:framework-win-MediaFoundation: 216162199b28c13a410421893ffa2e32 -> 
  custom:scripting/monoscript/fileName/VisualStudioCursorInstallation.cs: 95dc478876e6707a7e0d3e4422a08b22 -> 
  custom:scripting/monoscript/fileName/Messenger.cs: e1a29b4f8717764c5ff32215b741de2c -> f4ebc46d09b2b4de489946914db2aae0
  custom:scripting/monoscript/fileName/ProcessRunner.cs: 9913dac524d7fba7e53010bd3e109769 -> 932a2a80cb9a3539199f645deff3c585
  custom:scripting/monoscript/fileName/ExceptionEventArgs.cs: c1fb418063f3fe95153ce19939c50281 -> 27cb4c00a4137b184e01164606c88685
  custom:scripting/monoscript/fileName/ProjectGeneration.cs: 9ecb66398cf426136e1427db129d71bc -> 5d892aecaaa9b5c9f4162e2ae2b374ef
  custom:scripting/monoscript/fileName/GameOverUI.cs: 204dcc333de1c17b944f34fa4337dc40 -> 
  custom:scripting/monoscript/fileName/Symbols.cs: 37055ad381792899bea2e26647ce5ae9 -> 27613575e8bda8a6448f80ff27c488f9
  custom:scripting/monoscript/fileName/VersionPair.cs: 219dda7a75299c084fd265cf8d4d22ac -> 88b4a0b7e953537f26ded0a68cf4c238
  custom:scripting/precompiled-assembly-types:Unity.Timeline.Editor: b4313fba5652ee5a8449f3ec85f31ae4 -> 534d7c71c4dd9147ea00599cede121e1
  custom:CustomObjectIndexerAttribute: 9a22284fe3817be447336de3de66b15e -> 
  custom:scripting/monoscript/fileName/TestResultAdaptor.cs: 9b1d3d6bb50f08d85d0c8ba1d01b312d -> fb4db3971d5379750cda884e7e44e3e4
  custom:scripting/monoscript/fileName/VisualStudioEditor.cs: edffea2b56ff2fcda30202ca00e6de62 -> 21e59f688ad500ab61aca318850ec505
  custom:scripting/monoscript/fileName/VisualStudioInstallation.cs: d9bdf8280241f81cb63321a50b4ad2cb -> 41612f13db7783c8635801ab159c1079
  custom:scripting/monoscript/fileName/GameStartPanel.cs: f9029a7546d6d0a640aa647183643613 -> 
  custom:container-demuxer-webm: 4f35f7cbe854078d1ac9338744f61a02 -> 
  custom:scripting/monoscript/fileName/Solution.cs: 6f57345c5a9c03cd9de52e226d588ae1 -> 8bc97d0abd509f39b67b3a5bbac1b9a1
  custom:scripting/monoscript/fileName/VisualStudioCodiumInstallation.cs: 8ee758ce837648e8a493211c15ac775a -> 
  custom:scripting/precompiled-assembly-types:Unity.Cursor.Editor: c4135f52e7ee32dfaf93d3e70b9c4e0a -> 
  custom:scripting/monoscript/fileName/GUIDProvider.cs: cb8edf978faeabcee864dce1a906a291 -> cdd3f47e4fe593d2dfdf9915fa537e3f
  custom:container-muxer-webm: aa71ff27fc2769a1b78a27578f13a17b -> 
  custom:video-decoder-webm-vp8: 9c59270c3fd7afecdb556c50c9e8de78 -> 
  custom:scripting/monoscript/fileName/MessageEventArgs.cs: 1019688f506e4394820040d9795c0a7d -> 528473bbcee3623fe954627c6bfadd2e
  custom:SearchIndexIgnoredProperties: e643bd26f0fe6173181afceb89e7c659 -> 
  custom:scripting/monoscript/fileName/ProjectProperties.cs: 2d74649e53a223aa9cd860921346e9bd -> 407063898a13eaad2cd100e43551c6b5
  custom:AudioImporter_EditorPlatform: d09bf68614088b80899f8185d706f6e7 -> 
  custom:scripting/monoscript/fileName/UnityInstallation.cs: e77a4cd80130bf9635eda265c59fc585 -> 0ba30d4545f2c34a9323456723b5dbfe
  custom:scripting/precompiled-assembly-types:Unity.VisualScripting.Core.Editor: 1ac958119c4ad755d50390246b13522a -> 39597c0f3a76e24d87d64afa59c5f88d
  custom:scripting/monoscript/fileName/SolutionParser.cs: 28362f3ad5ff471d352dad937c4f46f0 -> 240a75b5fc2682997268aa77e6a1dd86
  custom:scripting/monoscript/fileName/TestAdaptor.cs: 5be3b7fc797cbdb67976ea5fdb904de5 -> 486cec8559bad7c56adc699f165feb67
  custom:scripting/precompiled-assembly-types:UnityEngine.TestRunner: 7a4d96a0696e29157328c6996c3b82c5 -> f5758234275f5346968d00e3b1a1c0e4
  custom:scripting/monoscript/fileName/Discovery.cs: 43295ac1709a058ba3ec01d8585e170c -> 2b1006b9be47307c73378eaafc98b6fb
  custom:scripting/monoscript/fileName/VisualStudioIntegration.cs: f837b233b752d741f76e0990c5fad160 -> f9e623c49f9f20ea97a4519aa48d72d4
  custom:scripting/monoscript/fileName/FileIOProvider.cs: 081176a77b8b51898d4a1d6cfbab48ce -> 304525d180d2b661ce338fc8a3225752
  custom:scripting/monoscript/fileName/SdkStyleProjectGeneration.cs: 0d12ba8b4cce4103aedd4f5c89736364 -> bbd8a39d16aad1a0b8d5240b1f43f4a4
  custom:scripting/monoscript/fileName/Enemy.cs: 13cc614454c9ae28caa24456faa3d7cf -> 
  custom:video-encoder-webm-vp8: eb34c28f22e8b96e1ab97ce403110664 -> 
  custom:audio-decoder-ogg-vorbis: bf7c407c2cedff20999df2af8eb42d56 -> 
  custom:scripting/monoscript/fileName/SolutionProperties.cs: 0b7dbd9dc0e3af7f872e6112fa6f596e -> ab8751e49ae2f3d9994444a0a38619bd
  custom:scripting/monoscript/fileName/TestRunnerApiListener.cs: 9b7ed325f86e08c020c1bdc783d9bb51 -> cc17cec8825a8f933d6ecbd68d51f1de
  custom:scripting/monoscript/fileName/AssemblyNameProvider.cs: 06c09785a9ef49a49b329ed384758248 -> 170b0fd934f78f2e6a09342014bfa1fc
  custom:scripting/monoscript/fileName/Serializer.cs: 44df498e13906e45a2828923a7f89ac6 -> d7df1b97d0a3bd0bb98fd4d2d5bf5d29
  custom:scripting/monoscript/fileName/Message.cs: 3d319f70d9870482a245157c25577c4e -> 671a789acb2c7a93d0b620fe02979957
  custom:scripting/monoscript/fileName/Deserializer.cs: 7a4843246f0d5a1b063e9a6fef778397 -> 1cc72e9ed2428cc6d6ce2d4d2ad7b02b
  custom:scripting/monoscript/fileName/Test.cs: 8289d0398bd9a051035a87365428a0e7 -> 
  custom:audio-encoder-webm-vorbis: bf7c407c2cedff20999df2af8eb42d56 -> 
  custom:scripting/monoscript/fileName/TestRunnerCallbacks.cs: 901a1f98c6fdb76be420d56e91fe540d -> 5627cb9f4ed769fba607b0cab8e9e63d
  custom:scripting/monoscript/fileName/AsyncOperation.cs: 8f6297df34271fdb1ce2d9607ec6261d -> 90647cc400823b41df847a6cbfc29026
  custom:scripting/precompiled-assembly-types:Assembly-CSharp: 21ebfb0f5adf3ec10b439ac8102297a1 -> 
  custom:scripting/monoscript/fileName/UsageUtility.cs: 3f044a4563e8e23515be1e6c9e7e0fc7 -> 5ed3d13206b2b96245ce59a5c83beed1
========================================================================
Received Prepare
Caller must complete domain reload
Begin MonoManager ReloadAssembly
- Loaded All Assemblies, in  0.407 seconds
Native extension for WindowsStandalone target not found
Native extension for WebGL target not found
Mono: successfully reloaded assembly
- Finished resetting the current domain, in  0.943 seconds
Domain Reload Profiling: 1350ms
	BeginReloadAssembly (151ms)
		ExecutionOrderSort (0ms)
		DisableScriptedObjects (6ms)
		BackupInstance (0ms)
		ReleaseScriptingObjects (0ms)
		CreateAndSetChildDomain (27ms)
	RebuildCommonClasses (34ms)
	RebuildNativeTypeToScriptingClass (12ms)
	initialDomainReloadingComplete (25ms)
	LoadAllAssembliesAndSetupDomain (184ms)
		LoadAssemblies (262ms)
		RebuildTransferFunctionScriptingTraits (0ms)
		AnalyzeDomain (13ms)
			TypeCache.Refresh (6ms)
				TypeCache.ScanAssembly (0ms)
			ScanForSourceGeneratedMonoScriptInfo (0ms)
			ResolveRequiredComponents (5ms)
	FinalizeReload (943ms)
		ReleaseScriptCaches (0ms)
		RebuildScriptCaches (0ms)
		SetupLoadedEditorAssemblies (373ms)
			LogAssemblyErrors (0ms)
			InitializePlatformSupportModulesInManaged (6ms)
			SetLoadedEditorAssemblies (3ms)
			RefreshPlugins (0ms)
			BeforeProcessingInitializeOnLoad (54ms)
			ProcessInitializeOnLoadAttributes (285ms)
			ProcessInitializeOnLoadMethodAttributes (21ms)
			AfterProcessingInitializeOnLoad (3ms)
			EditorAssembliesLoaded (0ms)
		ExecutionOrderSort2 (0ms)
		AwakeInstancesAfterBackupRestoration (12ms)
Refreshing native plugins compatible for Editor in 3.92 ms, found 3 plugins.
Preloading 0 native plugins for Editor in 0.00 ms.
Unloading 3177 Unused Serialized files (Serialized files now loaded: 0)
Unloading 14 unused Assets / (28.6 KB). Loaded Objects now: 3710.
Memory consumption went from 119.1 MB to 119.1 MB.
Total: 2.676500 ms (FindLiveObjects: 0.267500 ms CreateObjectMapping: 0.176400 ms MarkObjects: 2.193800 ms  DeleteObjects: 0.037300 ms)

Prepare: number of updated asset objects reloaded= 0
AssetImportParameters requested are different than current active one (requested -> active):
  custom:scripting/monoscript/fileName/UdpSocket.cs: 5c2b80a042c65f789ef7f3c889fd101f -> 7555d065f81d23e6604acb91cf79ddd6
  custom:scripting/monoscript/fileName/Image.cs: 31ff8141403f4cb357eb7bf7e9ffdaeb -> f32195bbbc1ca9edcb6c8c6185597e40
  custom:scripting/monoscript/fileName/Cli.cs: 3c2ed0c881a657a6a8d1cec2a5d27e18 -> d287e08b50f2cb135aa4d7f8e01b7ef9
  custom:scripting/monoscript/fileName/KnownAssemblies.cs: 5a9878fa8cd33efc58225a4622d3c409 -> 286bea9f8fcee5e392f6fc0f0cd541c8
  custom:scripting/monoscript/fileName/SimpleJSON.cs: 2249b1d8736d53bdbb860984e9900714 -> 70c028a07c79c166db015acda1282d86
  custom:container-demuxer-ogg: 62fdf1f143b41e24485cea50d1cbac27 -> 
  custom:scripting/precompiled-assembly-types:Unity.PlasticSCM.Editor: 72a23a7a65cae48dae511b6579c293e4 -> 7e4e003063ee77e81fbf11080919f8e6
  custom:scripting/monoscript/fileName/SolutionProjectEntry.cs: 2cdbeb47f8763ac80d7836f6135300a9 -> 68cea09e9af09443edf61e18806ac1c2
  custom:scripting/monoscript/fileName/TcpListener.cs: 61afd6a8605bfd0084b595d2a15e8b2e -> 940bfdac0e91ad2884e6359468f2782a
  custom:scripting/monoscript/fileName/TcpClient.cs: 55a65447af3e4d6ecee8fd6d8f8731bd -> a949cfd4c46427829913ee0195fa0103
  custom:video-codec-MediaFoundation-h265: 746d11721c4dcdbdad8f713fa42b33f4 -> 
  custom:scripting/monoscript/fileName/LegacyStyleProjectGeneration.cs: 8aa3d3f0dc4d59c1ad013b88ff81a18d -> 4858a0ab74312ccaa3ff27a510a9d575
  custom:scripting/monoscript/fileName/FileUtility.cs: ce7e1c41f3666e04a20e8ab169333163 -> 2d70b80c72be1fb3b2b89ce0939e8cef
  custom:video-decoder-ogg-theora: a1e56fd34408186e4bbccfd4996cb3dc -> 
  custom:framework-win-MediaFoundation: 216162199b28c13a410421893ffa2e32 -> 
  custom:scripting/monoscript/fileName/VisualStudioCursorInstallation.cs: 95dc478876e6707a7e0d3e4422a08b22 -> 
  custom:scripting/monoscript/fileName/Messenger.cs: e1a29b4f8717764c5ff32215b741de2c -> f4ebc46d09b2b4de489946914db2aae0
  custom:scripting/monoscript/fileName/ProcessRunner.cs: 9913dac524d7fba7e53010bd3e109769 -> 932a2a80cb9a3539199f645deff3c585
  custom:scripting/monoscript/fileName/ExceptionEventArgs.cs: c1fb418063f3fe95153ce19939c50281 -> 27cb4c00a4137b184e01164606c88685
  custom:scripting/monoscript/fileName/ProjectGeneration.cs: 9ecb66398cf426136e1427db129d71bc -> 5d892aecaaa9b5c9f4162e2ae2b374ef
  custom:scripting/monoscript/fileName/GameOverUI.cs: 204dcc333de1c17b944f34fa4337dc40 -> 
  custom:scripting/monoscript/fileName/Symbols.cs: 37055ad381792899bea2e26647ce5ae9 -> 27613575e8bda8a6448f80ff27c488f9
  custom:scripting/monoscript/fileName/VersionPair.cs: 219dda7a75299c084fd265cf8d4d22ac -> 88b4a0b7e953537f26ded0a68cf4c238
  custom:scripting/precompiled-assembly-types:Unity.Timeline.Editor: b4313fba5652ee5a8449f3ec85f31ae4 -> 534d7c71c4dd9147ea00599cede121e1
  custom:CustomObjectIndexerAttribute: 9a22284fe3817be447336de3de66b15e -> 
  custom:scripting/monoscript/fileName/TestResultAdaptor.cs: 9b1d3d6bb50f08d85d0c8ba1d01b312d -> fb4db3971d5379750cda884e7e44e3e4
  custom:scripting/monoscript/fileName/VisualStudioEditor.cs: edffea2b56ff2fcda30202ca00e6de62 -> 21e59f688ad500ab61aca318850ec505
  custom:scripting/monoscript/fileName/VisualStudioInstallation.cs: d9bdf8280241f81cb63321a50b4ad2cb -> 41612f13db7783c8635801ab159c1079
  custom:scripting/monoscript/fileName/GameStartPanel.cs: f9029a7546d6d0a640aa647183643613 -> 
  custom:container-demuxer-webm: 4f35f7cbe854078d1ac9338744f61a02 -> 
  custom:scripting/monoscript/fileName/Solution.cs: 6f57345c5a9c03cd9de52e226d588ae1 -> 8bc97d0abd509f39b67b3a5bbac1b9a1
  custom:scripting/monoscript/fileName/VisualStudioCodiumInstallation.cs: 8ee758ce837648e8a493211c15ac775a -> 
  custom:scripting/precompiled-assembly-types:Unity.Cursor.Editor: c4135f52e7ee32dfaf93d3e70b9c4e0a -> 
  custom:scripting/monoscript/fileName/GUIDProvider.cs: cb8edf978faeabcee864dce1a906a291 -> cdd3f47e4fe593d2dfdf9915fa537e3f
  custom:container-muxer-webm: aa71ff27fc2769a1b78a27578f13a17b -> 
  custom:video-decoder-webm-vp8: 9c59270c3fd7afecdb556c50c9e8de78 -> 
  custom:scripting/monoscript/fileName/MessageEventArgs.cs: 1019688f506e4394820040d9795c0a7d -> 528473bbcee3623fe954627c6bfadd2e
  custom:SearchIndexIgnoredProperties: e643bd26f0fe6173181afceb89e7c659 -> 
  custom:scripting/monoscript/fileName/ProjectProperties.cs: 2d74649e53a223aa9cd860921346e9bd -> 407063898a13eaad2cd100e43551c6b5
  custom:AudioImporter_EditorPlatform: d09bf68614088b80899f8185d706f6e7 -> 
  custom:scripting/monoscript/fileName/UnityInstallation.cs: e77a4cd80130bf9635eda265c59fc585 -> 0ba30d4545f2c34a9323456723b5dbfe
  custom:scripting/precompiled-assembly-types:Unity.VisualScripting.Core.Editor: 1ac958119c4ad755d50390246b13522a -> 39597c0f3a76e24d87d64afa59c5f88d
  custom:scripting/monoscript/fileName/SolutionParser.cs: 28362f3ad5ff471d352dad937c4f46f0 -> 240a75b5fc2682997268aa77e6a1dd86
  custom:scripting/monoscript/fileName/TestAdaptor.cs: 5be3b7fc797cbdb67976ea5fdb904de5 -> 486cec8559bad7c56adc699f165feb67
  custom:scripting/precompiled-assembly-types:UnityEngine.TestRunner: 7a4d96a0696e29157328c6996c3b82c5 -> f5758234275f5346968d00e3b1a1c0e4
  custom:scripting/monoscript/fileName/Discovery.cs: 43295ac1709a058ba3ec01d8585e170c -> 2b1006b9be47307c73378eaafc98b6fb
  custom:scripting/monoscript/fileName/VisualStudioIntegration.cs: f837b233b752d741f76e0990c5fad160 -> f9e623c49f9f20ea97a4519aa48d72d4
  custom:scripting/monoscript/fileName/FileIOProvider.cs: 081176a77b8b51898d4a1d6cfbab48ce -> 304525d180d2b661ce338fc8a3225752
  custom:scripting/monoscript/fileName/SdkStyleProjectGeneration.cs: 0d12ba8b4cce4103aedd4f5c89736364 -> bbd8a39d16aad1a0b8d5240b1f43f4a4
  custom:scripting/monoscript/fileName/Enemy.cs: 13cc614454c9ae28caa24456faa3d7cf -> 
  custom:video-encoder-webm-vp8: eb34c28f22e8b96e1ab97ce403110664 -> 
  custom:audio-decoder-ogg-vorbis: bf7c407c2cedff20999df2af8eb42d56 -> 
  custom:scripting/monoscript/fileName/SolutionProperties.cs: 0b7dbd9dc0e3af7f872e6112fa6f596e -> ab8751e49ae2f3d9994444a0a38619bd
  custom:scripting/monoscript/fileName/TestRunnerApiListener.cs: 9b7ed325f86e08c020c1bdc783d9bb51 -> cc17cec8825a8f933d6ecbd68d51f1de
  custom:scripting/monoscript/fileName/AssemblyNameProvider.cs: 06c09785a9ef49a49b329ed384758248 -> 170b0fd934f78f2e6a09342014bfa1fc
  custom:scripting/monoscript/fileName/Serializer.cs: 44df498e13906e45a2828923a7f89ac6 -> d7df1b97d0a3bd0bb98fd4d2d5bf5d29
  custom:scripting/monoscript/fileName/Message.cs: 3d319f70d9870482a245157c25577c4e -> 671a789acb2c7a93d0b620fe02979957
  custom:scripting/monoscript/fileName/Deserializer.cs: 7a4843246f0d5a1b063e9a6fef778397 -> 1cc72e9ed2428cc6d6ce2d4d2ad7b02b
  custom:scripting/monoscript/fileName/Test.cs: 8289d0398bd9a051035a87365428a0e7 -> 
  custom:audio-encoder-webm-vorbis: bf7c407c2cedff20999df2af8eb42d56 -> 
  custom:scripting/monoscript/fileName/TestRunnerCallbacks.cs: 901a1f98c6fdb76be420d56e91fe540d -> 5627cb9f4ed769fba607b0cab8e9e63d
  custom:scripting/monoscript/fileName/AsyncOperation.cs: 8f6297df34271fdb1ce2d9607ec6261d -> 90647cc400823b41df847a6cbfc29026
  custom:scripting/precompiled-assembly-types:Assembly-CSharp: 21ebfb0f5adf3ec10b439ac8102297a1 -> 
  custom:scripting/monoscript/fileName/UsageUtility.cs: 3f044a4563e8e23515be1e6c9e7e0fc7 -> 5ed3d13206b2b96245ce59a5c83beed1
========================================================================
Received Prepare
Caller must complete domain reload
Begin MonoManager ReloadAssembly
- Loaded All Assemblies, in  0.420 seconds
Native extension for WindowsStandalone target not found
Native extension for WebGL target not found
Mono: successfully reloaded assembly
- Finished resetting the current domain, in  0.994 seconds
Domain Reload Profiling: 1415ms
	BeginReloadAssembly (157ms)
		ExecutionOrderSort (0ms)
		DisableScriptedObjects (5ms)
		BackupInstance (0ms)
		ReleaseScriptingObjects (0ms)
		CreateAndSetChildDomain (27ms)
	RebuildCommonClasses (37ms)
	RebuildNativeTypeToScriptingClass (12ms)
	initialDomainReloadingComplete (28ms)
	LoadAllAssembliesAndSetupDomain (185ms)
		LoadAssemblies (268ms)
		RebuildTransferFunctionScriptingTraits (0ms)
		AnalyzeDomain (13ms)
			TypeCache.Refresh (5ms)
				TypeCache.ScanAssembly (0ms)
			ScanForSourceGeneratedMonoScriptInfo (0ms)
			ResolveRequiredComponents (6ms)
	FinalizeReload (995ms)
		ReleaseScriptCaches (0ms)
		RebuildScriptCaches (0ms)
		SetupLoadedEditorAssemblies (393ms)
			LogAssemblyErrors (0ms)
			InitializePlatformSupportModulesInManaged (7ms)
			SetLoadedEditorAssemblies (3ms)
			RefreshPlugins (0ms)
			BeforeProcessingInitializeOnLoad (57ms)
			ProcessInitializeOnLoadAttributes (302ms)
			ProcessInitializeOnLoadMethodAttributes (22ms)
			AfterProcessingInitializeOnLoad (3ms)
			EditorAssembliesLoaded (0ms)
		ExecutionOrderSort2 (0ms)
		AwakeInstancesAfterBackupRestoration (13ms)
Refreshing native plugins compatible for Editor in 4.54 ms, found 3 plugins.
Preloading 0 native plugins for Editor in 0.00 ms.
Unloading 3177 Unused Serialized files (Serialized files now loaded: 0)
Unloading 14 unused Assets / (28.6 KB). Loaded Objects now: 3713.
Memory consumption went from 119.1 MB to 119.1 MB.
Total: 2.639000 ms (FindLiveObjects: 0.236100 ms CreateObjectMapping: 0.174600 ms MarkObjects: 2.189200 ms  DeleteObjects: 0.038200 ms)

Prepare: number of updated asset objects reloaded= 0
AssetImportParameters requested are different than current active one (requested -> active):
  custom:scripting/monoscript/fileName/UdpSocket.cs: 5c2b80a042c65f789ef7f3c889fd101f -> 7555d065f81d23e6604acb91cf79ddd6
  custom:scripting/monoscript/fileName/Image.cs: 31ff8141403f4cb357eb7bf7e9ffdaeb -> f32195bbbc1ca9edcb6c8c6185597e40
  custom:scripting/monoscript/fileName/Cli.cs: 3c2ed0c881a657a6a8d1cec2a5d27e18 -> d287e08b50f2cb135aa4d7f8e01b7ef9
  custom:scripting/monoscript/fileName/KnownAssemblies.cs: 5a9878fa8cd33efc58225a4622d3c409 -> 286bea9f8fcee5e392f6fc0f0cd541c8
  custom:scripting/monoscript/fileName/SimpleJSON.cs: 2249b1d8736d53bdbb860984e9900714 -> 70c028a07c79c166db015acda1282d86
  custom:container-demuxer-ogg: 62fdf1f143b41e24485cea50d1cbac27 -> 
  custom:scripting/precompiled-assembly-types:Unity.PlasticSCM.Editor: 72a23a7a65cae48dae511b6579c293e4 -> 7e4e003063ee77e81fbf11080919f8e6
  custom:scripting/monoscript/fileName/SolutionProjectEntry.cs: 2cdbeb47f8763ac80d7836f6135300a9 -> 68cea09e9af09443edf61e18806ac1c2
  custom:scripting/monoscript/fileName/TcpListener.cs: 61afd6a8605bfd0084b595d2a15e8b2e -> 940bfdac0e91ad2884e6359468f2782a
  custom:scripting/monoscript/fileName/TcpClient.cs: 55a65447af3e4d6ecee8fd6d8f8731bd -> a949cfd4c46427829913ee0195fa0103
  custom:video-codec-MediaFoundation-h265: 746d11721c4dcdbdad8f713fa42b33f4 -> 
  custom:scripting/monoscript/fileName/LegacyStyleProjectGeneration.cs: 8aa3d3f0dc4d59c1ad013b88ff81a18d -> 4858a0ab74312ccaa3ff27a510a9d575
  custom:scripting/monoscript/fileName/FileUtility.cs: ce7e1c41f3666e04a20e8ab169333163 -> 2d70b80c72be1fb3b2b89ce0939e8cef
  custom:video-decoder-ogg-theora: a1e56fd34408186e4bbccfd4996cb3dc -> 
  custom:framework-win-MediaFoundation: 216162199b28c13a410421893ffa2e32 -> 
  custom:scripting/monoscript/fileName/VisualStudioCursorInstallation.cs: 95dc478876e6707a7e0d3e4422a08b22 -> 
  custom:scripting/monoscript/fileName/Messenger.cs: e1a29b4f8717764c5ff32215b741de2c -> f4ebc46d09b2b4de489946914db2aae0
  custom:scripting/monoscript/fileName/ProcessRunner.cs: 9913dac524d7fba7e53010bd3e109769 -> 932a2a80cb9a3539199f645deff3c585
  custom:scripting/monoscript/fileName/ExceptionEventArgs.cs: c1fb418063f3fe95153ce19939c50281 -> 27cb4c00a4137b184e01164606c88685
  custom:scripting/monoscript/fileName/ProjectGeneration.cs: 9ecb66398cf426136e1427db129d71bc -> 5d892aecaaa9b5c9f4162e2ae2b374ef
  custom:scripting/monoscript/fileName/GameOverUI.cs: 204dcc333de1c17b944f34fa4337dc40 -> 
  custom:scripting/monoscript/fileName/Symbols.cs: 37055ad381792899bea2e26647ce5ae9 -> 27613575e8bda8a6448f80ff27c488f9
  custom:scripting/monoscript/fileName/VersionPair.cs: 219dda7a75299c084fd265cf8d4d22ac -> 88b4a0b7e953537f26ded0a68cf4c238
  custom:scripting/precompiled-assembly-types:Unity.Timeline.Editor: b4313fba5652ee5a8449f3ec85f31ae4 -> 534d7c71c4dd9147ea00599cede121e1
  custom:CustomObjectIndexerAttribute: 9a22284fe3817be447336de3de66b15e -> 
  custom:scripting/monoscript/fileName/TestResultAdaptor.cs: 9b1d3d6bb50f08d85d0c8ba1d01b312d -> fb4db3971d5379750cda884e7e44e3e4
  custom:scripting/monoscript/fileName/VisualStudioEditor.cs: edffea2b56ff2fcda30202ca00e6de62 -> 21e59f688ad500ab61aca318850ec505
  custom:scripting/monoscript/fileName/VisualStudioInstallation.cs: d9bdf8280241f81cb63321a50b4ad2cb -> 41612f13db7783c8635801ab159c1079
  custom:scripting/monoscript/fileName/GameStartPanel.cs: f9029a7546d6d0a640aa647183643613 -> 
  custom:container-demuxer-webm: 4f35f7cbe854078d1ac9338744f61a02 -> 
  custom:scripting/monoscript/fileName/Solution.cs: 6f57345c5a9c03cd9de52e226d588ae1 -> 8bc97d0abd509f39b67b3a5bbac1b9a1
  custom:scripting/monoscript/fileName/VisualStudioCodiumInstallation.cs: 8ee758ce837648e8a493211c15ac775a -> 
  custom:scripting/precompiled-assembly-types:Unity.Cursor.Editor: c4135f52e7ee32dfaf93d3e70b9c4e0a -> 
  custom:scripting/monoscript/fileName/GUIDProvider.cs: cb8edf978faeabcee864dce1a906a291 -> cdd3f47e4fe593d2dfdf9915fa537e3f
  custom:container-muxer-webm: aa71ff27fc2769a1b78a27578f13a17b -> 
  custom:video-decoder-webm-vp8: 9c59270c3fd7afecdb556c50c9e8de78 -> 
  custom:scripting/monoscript/fileName/MessageEventArgs.cs: 1019688f506e4394820040d9795c0a7d -> 528473bbcee3623fe954627c6bfadd2e
  custom:SearchIndexIgnoredProperties: e643bd26f0fe6173181afceb89e7c659 -> 
  custom:scripting/monoscript/fileName/ProjectProperties.cs: 2d74649e53a223aa9cd860921346e9bd -> 407063898a13eaad2cd100e43551c6b5
  custom:AudioImporter_EditorPlatform: d09bf68614088b80899f8185d706f6e7 -> 
  custom:scripting/monoscript/fileName/UnityInstallation.cs: e77a4cd80130bf9635eda265c59fc585 -> 0ba30d4545f2c34a9323456723b5dbfe
  custom:scripting/precompiled-assembly-types:Unity.VisualScripting.Core.Editor: 1ac958119c4ad755d50390246b13522a -> 39597c0f3a76e24d87d64afa59c5f88d
  custom:scripting/monoscript/fileName/SolutionParser.cs: 28362f3ad5ff471d352dad937c4f46f0 -> 240a75b5fc2682997268aa77e6a1dd86
  custom:scripting/monoscript/fileName/TestAdaptor.cs: 5be3b7fc797cbdb67976ea5fdb904de5 -> 486cec8559bad7c56adc699f165feb67
  custom:scripting/precompiled-assembly-types:UnityEngine.TestRunner: 7a4d96a0696e29157328c6996c3b82c5 -> f5758234275f5346968d00e3b1a1c0e4
  custom:scripting/monoscript/fileName/Discovery.cs: 43295ac1709a058ba3ec01d8585e170c -> 2b1006b9be47307c73378eaafc98b6fb
  custom:scripting/monoscript/fileName/VisualStudioIntegration.cs: f837b233b752d741f76e0990c5fad160 -> f9e623c49f9f20ea97a4519aa48d72d4
  custom:scripting/monoscript/fileName/FileIOProvider.cs: 081176a77b8b51898d4a1d6cfbab48ce -> 304525d180d2b661ce338fc8a3225752
  custom:scripting/monoscript/fileName/SdkStyleProjectGeneration.cs: 0d12ba8b4cce4103aedd4f5c89736364 -> bbd8a39d16aad1a0b8d5240b1f43f4a4
  custom:scripting/monoscript/fileName/Enemy.cs: 13cc614454c9ae28caa24456faa3d7cf -> 
  custom:video-encoder-webm-vp8: eb34c28f22e8b96e1ab97ce403110664 -> 
  custom:audio-decoder-ogg-vorbis: bf7c407c2cedff20999df2af8eb42d56 -> 
  custom:scripting/monoscript/fileName/SolutionProperties.cs: 0b7dbd9dc0e3af7f872e6112fa6f596e -> ab8751e49ae2f3d9994444a0a38619bd
  custom:scripting/monoscript/fileName/TestRunnerApiListener.cs: 9b7ed325f86e08c020c1bdc783d9bb51 -> cc17cec8825a8f933d6ecbd68d51f1de
  custom:scripting/monoscript/fileName/AssemblyNameProvider.cs: 06c09785a9ef49a49b329ed384758248 -> 170b0fd934f78f2e6a09342014bfa1fc
  custom:scripting/monoscript/fileName/Serializer.cs: 44df498e13906e45a2828923a7f89ac6 -> d7df1b97d0a3bd0bb98fd4d2d5bf5d29
  custom:scripting/monoscript/fileName/Message.cs: 3d319f70d9870482a245157c25577c4e -> 671a789acb2c7a93d0b620fe02979957
  custom:scripting/monoscript/fileName/Deserializer.cs: 7a4843246f0d5a1b063e9a6fef778397 -> 1cc72e9ed2428cc6d6ce2d4d2ad7b02b
  custom:scripting/monoscript/fileName/Test.cs: 8289d0398bd9a051035a87365428a0e7 -> 
  custom:audio-encoder-webm-vorbis: bf7c407c2cedff20999df2af8eb42d56 -> 
  custom:scripting/monoscript/fileName/TestRunnerCallbacks.cs: 901a1f98c6fdb76be420d56e91fe540d -> 5627cb9f4ed769fba607b0cab8e9e63d
  custom:scripting/monoscript/fileName/AsyncOperation.cs: 8f6297df34271fdb1ce2d9607ec6261d -> 90647cc400823b41df847a6cbfc29026
  custom:scripting/precompiled-assembly-types:Assembly-CSharp: 21ebfb0f5adf3ec10b439ac8102297a1 -> 
  custom:scripting/monoscript/fileName/UsageUtility.cs: 3f044a4563e8e23515be1e6c9e7e0fc7 -> 5ed3d13206b2b96245ce59a5c83beed1
========================================================================
Received Prepare
Caller must complete domain reload
Begin MonoManager ReloadAssembly
- Loaded All Assemblies, in  0.411 seconds
Native extension for WindowsStandalone target not found
Native extension for WebGL target not found
Mono: successfully reloaded assembly
- Finished resetting the current domain, in  0.957 seconds
Domain Reload Profiling: 1368ms
	BeginReloadAssembly (149ms)
		ExecutionOrderSort (0ms)
		DisableScriptedObjects (5ms)
		BackupInstance (0ms)
		ReleaseScriptingObjects (0ms)
		CreateAndSetChildDomain (26ms)
	RebuildCommonClasses (33ms)
	RebuildNativeTypeToScriptingClass (12ms)
	initialDomainReloadingComplete (24ms)
	LoadAllAssembliesAndSetupDomain (193ms)
		LoadAssemblies (267ms)
		RebuildTransferFunctionScriptingTraits (0ms)
		AnalyzeDomain (15ms)
			TypeCache.Refresh (7ms)
				TypeCache.ScanAssembly (0ms)
			ScanForSourceGeneratedMonoScriptInfo (0ms)
			ResolveRequiredComponents (7ms)
	FinalizeReload (957ms)
		ReleaseScriptCaches (0ms)
		RebuildScriptCaches (0ms)
		SetupLoadedEditorAssemblies (393ms)
			LogAssemblyErrors (0ms)
			InitializePlatformSupportModulesInManaged (6ms)
			SetLoadedEditorAssemblies (4ms)
			RefreshPlugins (0ms)
			BeforeProcessingInitializeOnLoad (54ms)
			ProcessInitializeOnLoadAttributes (301ms)
			ProcessInitializeOnLoadMethodAttributes (24ms)
			AfterProcessingInitializeOnLoad (4ms)
			EditorAssembliesLoaded (0ms)
		ExecutionOrderSort2 (0ms)
		AwakeInstancesAfterBackupRestoration (12ms)
Refreshing native plugins compatible for Editor in 4.16 ms, found 3 plugins.
Preloading 0 native plugins for Editor in 0.00 ms.
Unloading 3177 Unused Serialized files (Serialized files now loaded: 0)
Unloading 14 unused Assets / (28.6 KB). Loaded Objects now: 3716.
Memory consumption went from 119.1 MB to 119.1 MB.
Total: 3.103700 ms (FindLiveObjects: 0.256400 ms CreateObjectMapping: 0.249200 ms MarkObjects: 2.547300 ms  DeleteObjects: 0.049700 ms)

Prepare: number of updated asset objects reloaded= 0
AssetImportParameters requested are different than current active one (requested -> active):
  custom:scripting/monoscript/fileName/UdpSocket.cs: 5c2b80a042c65f789ef7f3c889fd101f -> 7555d065f81d23e6604acb91cf79ddd6
  custom:scripting/monoscript/fileName/Image.cs: 31ff8141403f4cb357eb7bf7e9ffdaeb -> f32195bbbc1ca9edcb6c8c6185597e40
  custom:scripting/monoscript/fileName/Cli.cs: 3c2ed0c881a657a6a8d1cec2a5d27e18 -> d287e08b50f2cb135aa4d7f8e01b7ef9
  custom:scripting/monoscript/fileName/KnownAssemblies.cs: 5a9878fa8cd33efc58225a4622d3c409 -> 286bea9f8fcee5e392f6fc0f0cd541c8
  custom:scripting/monoscript/fileName/SimpleJSON.cs: 2249b1d8736d53bdbb860984e9900714 -> 70c028a07c79c166db015acda1282d86
  custom:container-demuxer-ogg: 62fdf1f143b41e24485cea50d1cbac27 -> 
  custom:scripting/precompiled-assembly-types:Unity.PlasticSCM.Editor: 72a23a7a65cae48dae511b6579c293e4 -> 7e4e003063ee77e81fbf11080919f8e6
  custom:scripting/monoscript/fileName/SolutionProjectEntry.cs: 2cdbeb47f8763ac80d7836f6135300a9 -> 68cea09e9af09443edf61e18806ac1c2
  custom:scripting/monoscript/fileName/TcpListener.cs: 61afd6a8605bfd0084b595d2a15e8b2e -> 940bfdac0e91ad2884e6359468f2782a
  custom:scripting/monoscript/fileName/TcpClient.cs: 55a65447af3e4d6ecee8fd6d8f8731bd -> a949cfd4c46427829913ee0195fa0103
  custom:video-codec-MediaFoundation-h265: 746d11721c4dcdbdad8f713fa42b33f4 -> 
  custom:scripting/monoscript/fileName/LegacyStyleProjectGeneration.cs: 8aa3d3f0dc4d59c1ad013b88ff81a18d -> 4858a0ab74312ccaa3ff27a510a9d575
  custom:scripting/monoscript/fileName/FileUtility.cs: ce7e1c41f3666e04a20e8ab169333163 -> 2d70b80c72be1fb3b2b89ce0939e8cef
  custom:video-decoder-ogg-theora: a1e56fd34408186e4bbccfd4996cb3dc -> 
  custom:framework-win-MediaFoundation: 216162199b28c13a410421893ffa2e32 -> 
  custom:scripting/monoscript/fileName/VisualStudioCursorInstallation.cs: 95dc478876e6707a7e0d3e4422a08b22 -> 
  custom:scripting/monoscript/fileName/Messenger.cs: e1a29b4f8717764c5ff32215b741de2c -> f4ebc46d09b2b4de489946914db2aae0
  custom:scripting/monoscript/fileName/ProcessRunner.cs: 9913dac524d7fba7e53010bd3e109769 -> 932a2a80cb9a3539199f645deff3c585
  custom:scripting/monoscript/fileName/ExceptionEventArgs.cs: c1fb418063f3fe95153ce19939c50281 -> 27cb4c00a4137b184e01164606c88685
  custom:scripting/monoscript/fileName/ProjectGeneration.cs: 9ecb66398cf426136e1427db129d71bc -> 5d892aecaaa9b5c9f4162e2ae2b374ef
  custom:scripting/monoscript/fileName/GameOverUI.cs: 204dcc333de1c17b944f34fa4337dc40 -> 
  custom:scripting/monoscript/fileName/Symbols.cs: 37055ad381792899bea2e26647ce5ae9 -> 27613575e8bda8a6448f80ff27c488f9
  custom:scripting/monoscript/fileName/VersionPair.cs: 219dda7a75299c084fd265cf8d4d22ac -> 88b4a0b7e953537f26ded0a68cf4c238
  custom:scripting/precompiled-assembly-types:Unity.Timeline.Editor: b4313fba5652ee5a8449f3ec85f31ae4 -> 534d7c71c4dd9147ea00599cede121e1
  custom:CustomObjectIndexerAttribute: 9a22284fe3817be447336de3de66b15e -> 
  custom:scripting/monoscript/fileName/TestResultAdaptor.cs: 9b1d3d6bb50f08d85d0c8ba1d01b312d -> fb4db3971d5379750cda884e7e44e3e4
  custom:scripting/monoscript/fileName/VisualStudioEditor.cs: edffea2b56ff2fcda30202ca00e6de62 -> 21e59f688ad500ab61aca318850ec505
  custom:scripting/monoscript/fileName/VisualStudioInstallation.cs: d9bdf8280241f81cb63321a50b4ad2cb -> 41612f13db7783c8635801ab159c1079
  custom:scripting/monoscript/fileName/GameStartPanel.cs: f9029a7546d6d0a640aa647183643613 -> 
  custom:container-demuxer-webm: 4f35f7cbe854078d1ac9338744f61a02 -> 
  custom:scripting/monoscript/fileName/Solution.cs: 6f57345c5a9c03cd9de52e226d588ae1 -> 8bc97d0abd509f39b67b3a5bbac1b9a1
  custom:scripting/monoscript/fileName/VisualStudioCodiumInstallation.cs: 8ee758ce837648e8a493211c15ac775a -> 
  custom:scripting/precompiled-assembly-types:Unity.Cursor.Editor: c4135f52e7ee32dfaf93d3e70b9c4e0a -> 
  custom:scripting/monoscript/fileName/GUIDProvider.cs: cb8edf978faeabcee864dce1a906a291 -> cdd3f47e4fe593d2dfdf9915fa537e3f
  custom:container-muxer-webm: aa71ff27fc2769a1b78a27578f13a17b -> 
  custom:video-decoder-webm-vp8: 9c59270c3fd7afecdb556c50c9e8de78 -> 
  custom:scripting/monoscript/fileName/MessageEventArgs.cs: 1019688f506e4394820040d9795c0a7d -> 528473bbcee3623fe954627c6bfadd2e
  custom:SearchIndexIgnoredProperties: e643bd26f0fe6173181afceb89e7c659 -> 
  custom:scripting/monoscript/fileName/ProjectProperties.cs: 2d74649e53a223aa9cd860921346e9bd -> 407063898a13eaad2cd100e43551c6b5
  custom:AudioImporter_EditorPlatform: d09bf68614088b80899f8185d706f6e7 -> 
  custom:scripting/monoscript/fileName/UnityInstallation.cs: e77a4cd80130bf9635eda265c59fc585 -> 0ba30d4545f2c34a9323456723b5dbfe
  custom:scripting/precompiled-assembly-types:Unity.VisualScripting.Core.Editor: 1ac958119c4ad755d50390246b13522a -> 39597c0f3a76e24d87d64afa59c5f88d
  custom:scripting/monoscript/fileName/SolutionParser.cs: 28362f3ad5ff471d352dad937c4f46f0 -> 240a75b5fc2682997268aa77e6a1dd86
  custom:scripting/monoscript/fileName/TestAdaptor.cs: 5be3b7fc797cbdb67976ea5fdb904de5 -> 486cec8559bad7c56adc699f165feb67
  custom:scripting/precompiled-assembly-types:UnityEngine.TestRunner: 7a4d96a0696e29157328c6996c3b82c5 -> f5758234275f5346968d00e3b1a1c0e4
  custom:scripting/monoscript/fileName/Discovery.cs: 43295ac1709a058ba3ec01d8585e170c -> 2b1006b9be47307c73378eaafc98b6fb
  custom:scripting/monoscript/fileName/VisualStudioIntegration.cs: f837b233b752d741f76e0990c5fad160 -> f9e623c49f9f20ea97a4519aa48d72d4
  custom:scripting/monoscript/fileName/FileIOProvider.cs: 081176a77b8b51898d4a1d6cfbab48ce -> 304525d180d2b661ce338fc8a3225752
  custom:scripting/monoscript/fileName/SdkStyleProjectGeneration.cs: 0d12ba8b4cce4103aedd4f5c89736364 -> bbd8a39d16aad1a0b8d5240b1f43f4a4
  custom:scripting/monoscript/fileName/Enemy.cs: 13cc614454c9ae28caa24456faa3d7cf -> 
  custom:video-encoder-webm-vp8: eb34c28f22e8b96e1ab97ce403110664 -> 
  custom:audio-decoder-ogg-vorbis: bf7c407c2cedff20999df2af8eb42d56 -> 
  custom:scripting/monoscript/fileName/SolutionProperties.cs: 0b7dbd9dc0e3af7f872e6112fa6f596e -> ab8751e49ae2f3d9994444a0a38619bd
  custom:scripting/monoscript/fileName/TestRunnerApiListener.cs: 9b7ed325f86e08c020c1bdc783d9bb51 -> cc17cec8825a8f933d6ecbd68d51f1de
  custom:scripting/monoscript/fileName/AssemblyNameProvider.cs: 06c09785a9ef49a49b329ed384758248 -> 170b0fd934f78f2e6a09342014bfa1fc
  custom:scripting/monoscript/fileName/Serializer.cs: 44df498e13906e45a2828923a7f89ac6 -> d7df1b97d0a3bd0bb98fd4d2d5bf5d29
  custom:scripting/monoscript/fileName/Message.cs: 3d319f70d9870482a245157c25577c4e -> 671a789acb2c7a93d0b620fe02979957
  custom:scripting/monoscript/fileName/Deserializer.cs: 7a4843246f0d5a1b063e9a6fef778397 -> 1cc72e9ed2428cc6d6ce2d4d2ad7b02b
  custom:scripting/monoscript/fileName/Test.cs: 8289d0398bd9a051035a87365428a0e7 -> 
  custom:audio-encoder-webm-vorbis: bf7c407c2cedff20999df2af8eb42d56 -> 
  custom:scripting/monoscript/fileName/TestRunnerCallbacks.cs: 901a1f98c6fdb76be420d56e91fe540d -> 5627cb9f4ed769fba607b0cab8e9e63d
  custom:scripting/monoscript/fileName/AsyncOperation.cs: 8f6297df34271fdb1ce2d9607ec6261d -> 90647cc400823b41df847a6cbfc29026
  custom:scripting/precompiled-assembly-types:Assembly-CSharp: 21ebfb0f5adf3ec10b439ac8102297a1 -> 
  custom:scripting/monoscript/fileName/UsageUtility.cs: 3f044a4563e8e23515be1e6c9e7e0fc7 -> 5ed3d13206b2b96245ce59a5c83beed1
========================================================================
Received Prepare
Caller must complete domain reload
Begin MonoManager ReloadAssembly
- Loaded All Assemblies, in  0.426 seconds
Native extension for WindowsStandalone target not found
Native extension for WebGL target not found
Mono: successfully reloaded assembly
- Finished resetting the current domain, in  0.958 seconds
Domain Reload Profiling: 1383ms
	BeginReloadAssembly (149ms)
		ExecutionOrderSort (0ms)
		DisableScriptedObjects (5ms)
		BackupInstance (0ms)
		ReleaseScriptingObjects (0ms)
		CreateAndSetChildDomain (26ms)
	RebuildCommonClasses (37ms)
	RebuildNativeTypeToScriptingClass (11ms)
	initialDomainReloadingComplete (25ms)
	LoadAllAssembliesAndSetupDomain (202ms)
		LoadAssemblies (278ms)
		RebuildTransferFunctionScriptingTraits (0ms)
		AnalyzeDomain (13ms)
			TypeCache.Refresh (6ms)
				TypeCache.ScanAssembly (0ms)
			ScanForSourceGeneratedMonoScriptInfo (0ms)
			ResolveRequiredComponents (6ms)
	FinalizeReload (959ms)
		ReleaseScriptCaches (0ms)
		RebuildScriptCaches (0ms)
		SetupLoadedEditorAssemblies (390ms)
			LogAssemblyErrors (0ms)
			InitializePlatformSupportModulesInManaged (6ms)
			SetLoadedEditorAssemblies (3ms)
			RefreshPlugins (0ms)
			BeforeProcessingInitializeOnLoad (55ms)
			ProcessInitializeOnLoadAttributes (301ms)
			ProcessInitializeOnLoadMethodAttributes (22ms)
			AfterProcessingInitializeOnLoad (2ms)
			EditorAssembliesLoaded (0ms)
		ExecutionOrderSort2 (0ms)
		AwakeInstancesAfterBackupRestoration (11ms)
Refreshing native plugins compatible for Editor in 4.14 ms, found 3 plugins.
Preloading 0 native plugins for Editor in 0.00 ms.
Unloading 3177 Unused Serialized files (Serialized files now loaded: 0)
Unloading 14 unused Assets / (28.5 KB). Loaded Objects now: 3719.
Memory consumption went from 119.1 MB to 119.1 MB.
Total: 2.690100 ms (FindLiveObjects: 0.273100 ms CreateObjectMapping: 0.203600 ms MarkObjects: 2.173700 ms  DeleteObjects: 0.038600 ms)

Prepare: number of updated asset objects reloaded= 0
AssetImportParameters requested are different than current active one (requested -> active):
  custom:scripting/monoscript/fileName/UdpSocket.cs: 5c2b80a042c65f789ef7f3c889fd101f -> 7555d065f81d23e6604acb91cf79ddd6
  custom:scripting/monoscript/fileName/Image.cs: 31ff8141403f4cb357eb7bf7e9ffdaeb -> f32195bbbc1ca9edcb6c8c6185597e40
  custom:scripting/monoscript/fileName/Cli.cs: 3c2ed0c881a657a6a8d1cec2a5d27e18 -> d287e08b50f2cb135aa4d7f8e01b7ef9
  custom:scripting/monoscript/fileName/KnownAssemblies.cs: 5a9878fa8cd33efc58225a4622d3c409 -> 286bea9f8fcee5e392f6fc0f0cd541c8
  custom:scripting/monoscript/fileName/SimpleJSON.cs: 2249b1d8736d53bdbb860984e9900714 -> 70c028a07c79c166db015acda1282d86
  custom:container-demuxer-ogg: 62fdf1f143b41e24485cea50d1cbac27 -> 
  custom:scripting/precompiled-assembly-types:Unity.PlasticSCM.Editor: 72a23a7a65cae48dae511b6579c293e4 -> 7e4e003063ee77e81fbf11080919f8e6
  custom:scripting/monoscript/fileName/SolutionProjectEntry.cs: 2cdbeb47f8763ac80d7836f6135300a9 -> 68cea09e9af09443edf61e18806ac1c2
  custom:scripting/monoscript/fileName/TcpListener.cs: 61afd6a8605bfd0084b595d2a15e8b2e -> 940bfdac0e91ad2884e6359468f2782a
  custom:scripting/monoscript/fileName/TcpClient.cs: 55a65447af3e4d6ecee8fd6d8f8731bd -> a949cfd4c46427829913ee0195fa0103
  custom:video-codec-MediaFoundation-h265: 746d11721c4dcdbdad8f713fa42b33f4 -> 
  custom:scripting/monoscript/fileName/LegacyStyleProjectGeneration.cs: 8aa3d3f0dc4d59c1ad013b88ff81a18d -> 4858a0ab74312ccaa3ff27a510a9d575
  custom:scripting/monoscript/fileName/FileUtility.cs: ce7e1c41f3666e04a20e8ab169333163 -> 2d70b80c72be1fb3b2b89ce0939e8cef
  custom:video-decoder-ogg-theora: a1e56fd34408186e4bbccfd4996cb3dc -> 
  custom:framework-win-MediaFoundation: 216162199b28c13a410421893ffa2e32 -> 
  custom:scripting/monoscript/fileName/VisualStudioCursorInstallation.cs: 95dc478876e6707a7e0d3e4422a08b22 -> 
  custom:scripting/monoscript/fileName/Messenger.cs: e1a29b4f8717764c5ff32215b741de2c -> f4ebc46d09b2b4de489946914db2aae0
  custom:scripting/monoscript/fileName/ProcessRunner.cs: 9913dac524d7fba7e53010bd3e109769 -> 932a2a80cb9a3539199f645deff3c585
  custom:scripting/monoscript/fileName/ExceptionEventArgs.cs: c1fb418063f3fe95153ce19939c50281 -> 27cb4c00a4137b184e01164606c88685
  custom:scripting/monoscript/fileName/ProjectGeneration.cs: 9ecb66398cf426136e1427db129d71bc -> 5d892aecaaa9b5c9f4162e2ae2b374ef
  custom:scripting/monoscript/fileName/GameOverUI.cs: 204dcc333de1c17b944f34fa4337dc40 -> 
  custom:scripting/monoscript/fileName/Symbols.cs: 37055ad381792899bea2e26647ce5ae9 -> 27613575e8bda8a6448f80ff27c488f9
  custom:scripting/monoscript/fileName/VersionPair.cs: 219dda7a75299c084fd265cf8d4d22ac -> 88b4a0b7e953537f26ded0a68cf4c238
  custom:scripting/precompiled-assembly-types:Unity.Timeline.Editor: b4313fba5652ee5a8449f3ec85f31ae4 -> 534d7c71c4dd9147ea00599cede121e1
  custom:CustomObjectIndexerAttribute: 9a22284fe3817be447336de3de66b15e -> 
  custom:scripting/monoscript/fileName/TestResultAdaptor.cs: 9b1d3d6bb50f08d85d0c8ba1d01b312d -> fb4db3971d5379750cda884e7e44e3e4
  custom:scripting/monoscript/fileName/VisualStudioEditor.cs: edffea2b56ff2fcda30202ca00e6de62 -> 21e59f688ad500ab61aca318850ec505
  custom:scripting/monoscript/fileName/VisualStudioInstallation.cs: d9bdf8280241f81cb63321a50b4ad2cb -> 41612f13db7783c8635801ab159c1079
  custom:scripting/monoscript/fileName/GameStartPanel.cs: f9029a7546d6d0a640aa647183643613 -> 
  custom:container-demuxer-webm: 4f35f7cbe854078d1ac9338744f61a02 -> 
  custom:scripting/monoscript/fileName/Solution.cs: 6f57345c5a9c03cd9de52e226d588ae1 -> 8bc97d0abd509f39b67b3a5bbac1b9a1
  custom:scripting/monoscript/fileName/VisualStudioCodiumInstallation.cs: 8ee758ce837648e8a493211c15ac775a -> 
  custom:scripting/precompiled-assembly-types:Unity.Cursor.Editor: c4135f52e7ee32dfaf93d3e70b9c4e0a -> 
  custom:scripting/monoscript/fileName/GUIDProvider.cs: cb8edf978faeabcee864dce1a906a291 -> cdd3f47e4fe593d2dfdf9915fa537e3f
  custom:container-muxer-webm: aa71ff27fc2769a1b78a27578f13a17b -> 
  custom:video-decoder-webm-vp8: 9c59270c3fd7afecdb556c50c9e8de78 -> 
  custom:scripting/monoscript/fileName/MessageEventArgs.cs: 1019688f506e4394820040d9795c0a7d -> 528473bbcee3623fe954627c6bfadd2e
  custom:SearchIndexIgnoredProperties: e643bd26f0fe6173181afceb89e7c659 -> 
  custom:scripting/monoscript/fileName/ProjectProperties.cs: 2d74649e53a223aa9cd860921346e9bd -> 407063898a13eaad2cd100e43551c6b5
  custom:AudioImporter_EditorPlatform: d09bf68614088b80899f8185d706f6e7 -> 
  custom:scripting/monoscript/fileName/UnityInstallation.cs: e77a4cd80130bf9635eda265c59fc585 -> 0ba30d4545f2c34a9323456723b5dbfe
  custom:scripting/precompiled-assembly-types:Unity.VisualScripting.Core.Editor: 1ac958119c4ad755d50390246b13522a -> 39597c0f3a76e24d87d64afa59c5f88d
  custom:scripting/monoscript/fileName/SolutionParser.cs: 28362f3ad5ff471d352dad937c4f46f0 -> 240a75b5fc2682997268aa77e6a1dd86
  custom:scripting/monoscript/fileName/TestAdaptor.cs: 5be3b7fc797cbdb67976ea5fdb904de5 -> 486cec8559bad7c56adc699f165feb67
  custom:scripting/precompiled-assembly-types:UnityEngine.TestRunner: 7a4d96a0696e29157328c6996c3b82c5 -> f5758234275f5346968d00e3b1a1c0e4
  custom:scripting/monoscript/fileName/Discovery.cs: 43295ac1709a058ba3ec01d8585e170c -> 2b1006b9be47307c73378eaafc98b6fb
  custom:scripting/monoscript/fileName/VisualStudioIntegration.cs: f837b233b752d741f76e0990c5fad160 -> f9e623c49f9f20ea97a4519aa48d72d4
  custom:scripting/monoscript/fileName/FileIOProvider.cs: 081176a77b8b51898d4a1d6cfbab48ce -> 304525d180d2b661ce338fc8a3225752
  custom:scripting/monoscript/fileName/SdkStyleProjectGeneration.cs: 0d12ba8b4cce4103aedd4f5c89736364 -> bbd8a39d16aad1a0b8d5240b1f43f4a4
  custom:scripting/monoscript/fileName/Enemy.cs: 13cc614454c9ae28caa24456faa3d7cf -> 
  custom:video-encoder-webm-vp8: eb34c28f22e8b96e1ab97ce403110664 -> 
  custom:audio-decoder-ogg-vorbis: bf7c407c2cedff20999df2af8eb42d56 -> 
  custom:scripting/monoscript/fileName/SolutionProperties.cs: 0b7dbd9dc0e3af7f872e6112fa6f596e -> ab8751e49ae2f3d9994444a0a38619bd
  custom:scripting/monoscript/fileName/TestRunnerApiListener.cs: 9b7ed325f86e08c020c1bdc783d9bb51 -> cc17cec8825a8f933d6ecbd68d51f1de
  custom:scripting/monoscript/fileName/AssemblyNameProvider.cs: 06c09785a9ef49a49b329ed384758248 -> 170b0fd934f78f2e6a09342014bfa1fc
  custom:scripting/monoscript/fileName/Serializer.cs: 44df498e13906e45a2828923a7f89ac6 -> d7df1b97d0a3bd0bb98fd4d2d5bf5d29
  custom:scripting/monoscript/fileName/Message.cs: 3d319f70d9870482a245157c25577c4e -> 671a789acb2c7a93d0b620fe02979957
  custom:scripting/monoscript/fileName/Deserializer.cs: 7a4843246f0d5a1b063e9a6fef778397 -> 1cc72e9ed2428cc6d6ce2d4d2ad7b02b
  custom:scripting/monoscript/fileName/Test.cs: 8289d0398bd9a051035a87365428a0e7 -> 
  custom:audio-encoder-webm-vorbis: bf7c407c2cedff20999df2af8eb42d56 -> 
  custom:scripting/monoscript/fileName/TestRunnerCallbacks.cs: 901a1f98c6fdb76be420d56e91fe540d -> 5627cb9f4ed769fba607b0cab8e9e63d
  custom:scripting/monoscript/fileName/AsyncOperation.cs: 8f6297df34271fdb1ce2d9607ec6261d -> 90647cc400823b41df847a6cbfc29026
  custom:scripting/precompiled-assembly-types:Assembly-CSharp: 21ebfb0f5adf3ec10b439ac8102297a1 -> 
  custom:scripting/monoscript/fileName/UsageUtility.cs: 3f044a4563e8e23515be1e6c9e7e0fc7 -> 5ed3d13206b2b96245ce59a5c83beed1
========================================================================
Received Prepare
Caller must complete domain reload
Begin MonoManager ReloadAssembly
- Loaded All Assemblies, in  0.417 seconds
Native extension for WindowsStandalone target not found
Native extension for WebGL target not found
Mono: successfully reloaded assembly
- Finished resetting the current domain, in  1.008 seconds
Domain Reload Profiling: 1425ms
	BeginReloadAssembly (157ms)
		ExecutionOrderSort (0ms)
		DisableScriptedObjects (6ms)
		BackupInstance (0ms)
		ReleaseScriptingObjects (0ms)
		CreateAndSetChildDomain (27ms)
	RebuildCommonClasses (33ms)
	RebuildNativeTypeToScriptingClass (11ms)
	initialDomainReloadingComplete (25ms)
	LoadAllAssembliesAndSetupDomain (191ms)
		LoadAssemblies (273ms)
		RebuildTransferFunctionScriptingTraits (0ms)
		AnalyzeDomain (14ms)
			TypeCache.Refresh (5ms)
				TypeCache.ScanAssembly (0ms)
			ScanForSourceGeneratedMonoScriptInfo (0ms)
			ResolveRequiredComponents (7ms)
	FinalizeReload (1009ms)
		ReleaseScriptCaches (0ms)
		RebuildScriptCaches (0ms)
		SetupLoadedEditorAssemblies (412ms)
			LogAssemblyErrors (0ms)
			InitializePlatformSupportModulesInManaged (7ms)
			SetLoadedEditorAssemblies (3ms)
			RefreshPlugins (0ms)
			BeforeProcessingInitializeOnLoad (64ms)
			ProcessInitializeOnLoadAttributes (313ms)
			ProcessInitializeOnLoadMethodAttributes (23ms)
			AfterProcessingInitializeOnLoad (3ms)
			EditorAssembliesLoaded (0ms)
		ExecutionOrderSort2 (0ms)
		AwakeInstancesAfterBackupRestoration (12ms)
Refreshing native plugins compatible for Editor in 3.94 ms, found 3 plugins.
Preloading 0 native plugins for Editor in 0.00 ms.
Unloading 3177 Unused Serialized files (Serialized files now loaded: 0)
Unloading 14 unused Assets / (28.6 KB). Loaded Objects now: 3722.
Memory consumption went from 119.1 MB to 119.1 MB.
Total: 2.680300 ms (FindLiveObjects: 0.269800 ms CreateObjectMapping: 0.169000 ms MarkObjects: 2.200400 ms  DeleteObjects: 0.039800 ms)

Prepare: number of updated asset objects reloaded= 0
AssetImportParameters requested are different than current active one (requested -> active):
  custom:scripting/monoscript/fileName/UdpSocket.cs: 5c2b80a042c65f789ef7f3c889fd101f -> 7555d065f81d23e6604acb91cf79ddd6
  custom:scripting/monoscript/fileName/Image.cs: 31ff8141403f4cb357eb7bf7e9ffdaeb -> f32195bbbc1ca9edcb6c8c6185597e40
  custom:scripting/monoscript/fileName/Cli.cs: 3c2ed0c881a657a6a8d1cec2a5d27e18 -> d287e08b50f2cb135aa4d7f8e01b7ef9
  custom:scripting/monoscript/fileName/KnownAssemblies.cs: 5a9878fa8cd33efc58225a4622d3c409 -> 286bea9f8fcee5e392f6fc0f0cd541c8
  custom:scripting/monoscript/fileName/SimpleJSON.cs: 2249b1d8736d53bdbb860984e9900714 -> 70c028a07c79c166db015acda1282d86
  custom:container-demuxer-ogg: 62fdf1f143b41e24485cea50d1cbac27 -> 
  custom:scripting/precompiled-assembly-types:Unity.PlasticSCM.Editor: 72a23a7a65cae48dae511b6579c293e4 -> 7e4e003063ee77e81fbf11080919f8e6
  custom:scripting/monoscript/fileName/SolutionProjectEntry.cs: 2cdbeb47f8763ac80d7836f6135300a9 -> 68cea09e9af09443edf61e18806ac1c2
  custom:scripting/monoscript/fileName/TcpListener.cs: 61afd6a8605bfd0084b595d2a15e8b2e -> 940bfdac0e91ad2884e6359468f2782a
  custom:scripting/monoscript/fileName/TcpClient.cs: 55a65447af3e4d6ecee8fd6d8f8731bd -> a949cfd4c46427829913ee0195fa0103
  custom:video-codec-MediaFoundation-h265: 746d11721c4dcdbdad8f713fa42b33f4 -> 
  custom:scripting/monoscript/fileName/LegacyStyleProjectGeneration.cs: 8aa3d3f0dc4d59c1ad013b88ff81a18d -> 4858a0ab74312ccaa3ff27a510a9d575
  custom:scripting/monoscript/fileName/FileUtility.cs: ce7e1c41f3666e04a20e8ab169333163 -> 2d70b80c72be1fb3b2b89ce0939e8cef
  custom:video-decoder-ogg-theora: a1e56fd34408186e4bbccfd4996cb3dc -> 
  custom:framework-win-MediaFoundation: 216162199b28c13a410421893ffa2e32 -> 
  custom:scripting/monoscript/fileName/VisualStudioCursorInstallation.cs: 95dc478876e6707a7e0d3e4422a08b22 -> 
  custom:scripting/monoscript/fileName/Messenger.cs: e1a29b4f8717764c5ff32215b741de2c -> f4ebc46d09b2b4de489946914db2aae0
  custom:scripting/monoscript/fileName/ProcessRunner.cs: 9913dac524d7fba7e53010bd3e109769 -> 932a2a80cb9a3539199f645deff3c585
  custom:scripting/monoscript/fileName/ExceptionEventArgs.cs: c1fb418063f3fe95153ce19939c50281 -> 27cb4c00a4137b184e01164606c88685
  custom:scripting/monoscript/fileName/ProjectGeneration.cs: 9ecb66398cf426136e1427db129d71bc -> 5d892aecaaa9b5c9f4162e2ae2b374ef
  custom:scripting/monoscript/fileName/GameOverUI.cs: 204dcc333de1c17b944f34fa4337dc40 -> 
  custom:scripting/monoscript/fileName/Symbols.cs: 37055ad381792899bea2e26647ce5ae9 -> 27613575e8bda8a6448f80ff27c488f9
  custom:scripting/monoscript/fileName/VersionPair.cs: 219dda7a75299c084fd265cf8d4d22ac -> 88b4a0b7e953537f26ded0a68cf4c238
  custom:scripting/precompiled-assembly-types:Unity.Timeline.Editor: b4313fba5652ee5a8449f3ec85f31ae4 -> 534d7c71c4dd9147ea00599cede121e1
  custom:CustomObjectIndexerAttribute: 9a22284fe3817be447336de3de66b15e -> 
  custom:scripting/monoscript/fileName/TestResultAdaptor.cs: 9b1d3d6bb50f08d85d0c8ba1d01b312d -> fb4db3971d5379750cda884e7e44e3e4
  custom:scripting/monoscript/fileName/VisualStudioEditor.cs: edffea2b56ff2fcda30202ca00e6de62 -> 21e59f688ad500ab61aca318850ec505
  custom:scripting/monoscript/fileName/VisualStudioInstallation.cs: d9bdf8280241f81cb63321a50b4ad2cb -> 41612f13db7783c8635801ab159c1079
  custom:scripting/monoscript/fileName/GameStartPanel.cs: f9029a7546d6d0a640aa647183643613 -> 
  custom:container-demuxer-webm: 4f35f7cbe854078d1ac9338744f61a02 -> 
  custom:scripting/monoscript/fileName/Solution.cs: 6f57345c5a9c03cd9de52e226d588ae1 -> 8bc97d0abd509f39b67b3a5bbac1b9a1
  custom:scripting/monoscript/fileName/VisualStudioCodiumInstallation.cs: 8ee758ce837648e8a493211c15ac775a -> 
  custom:scripting/precompiled-assembly-types:Unity.Cursor.Editor: c4135f52e7ee32dfaf93d3e70b9c4e0a -> 
  custom:scripting/monoscript/fileName/GUIDProvider.cs: cb8edf978faeabcee864dce1a906a291 -> cdd3f47e4fe593d2dfdf9915fa537e3f
  custom:container-muxer-webm: aa71ff27fc2769a1b78a27578f13a17b -> 
  custom:video-decoder-webm-vp8: 9c59270c3fd7afecdb556c50c9e8de78 -> 
  custom:scripting/monoscript/fileName/MessageEventArgs.cs: 1019688f506e4394820040d9795c0a7d -> 528473bbcee3623fe954627c6bfadd2e
  custom:SearchIndexIgnoredProperties: e643bd26f0fe6173181afceb89e7c659 -> 
  custom:scripting/monoscript/fileName/ProjectProperties.cs: 2d74649e53a223aa9cd860921346e9bd -> 407063898a13eaad2cd100e43551c6b5
  custom:AudioImporter_EditorPlatform: d09bf68614088b80899f8185d706f6e7 -> 
  custom:scripting/monoscript/fileName/UnityInstallation.cs: e77a4cd80130bf9635eda265c59fc585 -> 0ba30d4545f2c34a9323456723b5dbfe
  custom:scripting/precompiled-assembly-types:Unity.VisualScripting.Core.Editor: 1ac958119c4ad755d50390246b13522a -> 39597c0f3a76e24d87d64afa59c5f88d
  custom:scripting/monoscript/fileName/SolutionParser.cs: 28362f3ad5ff471d352dad937c4f46f0 -> 240a75b5fc2682997268aa77e6a1dd86
  custom:scripting/monoscript/fileName/TestAdaptor.cs: 5be3b7fc797cbdb67976ea5fdb904de5 -> 486cec8559bad7c56adc699f165feb67
  custom:scripting/precompiled-assembly-types:UnityEngine.TestRunner: 7a4d96a0696e29157328c6996c3b82c5 -> f5758234275f5346968d00e3b1a1c0e4
  custom:scripting/monoscript/fileName/Discovery.cs: 43295ac1709a058ba3ec01d8585e170c -> 2b1006b9be47307c73378eaafc98b6fb
  custom:scripting/monoscript/fileName/VisualStudioIntegration.cs: f837b233b752d741f76e0990c5fad160 -> f9e623c49f9f20ea97a4519aa48d72d4
  custom:scripting/monoscript/fileName/FileIOProvider.cs: 081176a77b8b51898d4a1d6cfbab48ce -> 304525d180d2b661ce338fc8a3225752
  custom:scripting/monoscript/fileName/SdkStyleProjectGeneration.cs: 0d12ba8b4cce4103aedd4f5c89736364 -> bbd8a39d16aad1a0b8d5240b1f43f4a4
  custom:scripting/monoscript/fileName/Enemy.cs: 13cc614454c9ae28caa24456faa3d7cf -> 
  custom:video-encoder-webm-vp8: eb34c28f22e8b96e1ab97ce403110664 -> 
  custom:audio-decoder-ogg-vorbis: bf7c407c2cedff20999df2af8eb42d56 -> 
  custom:scripting/monoscript/fileName/SolutionProperties.cs: 0b7dbd9dc0e3af7f872e6112fa6f596e -> ab8751e49ae2f3d9994444a0a38619bd
  custom:scripting/monoscript/fileName/TestRunnerApiListener.cs: 9b7ed325f86e08c020c1bdc783d9bb51 -> cc17cec8825a8f933d6ecbd68d51f1de
  custom:scripting/monoscript/fileName/AssemblyNameProvider.cs: 06c09785a9ef49a49b329ed384758248 -> 170b0fd934f78f2e6a09342014bfa1fc
  custom:scripting/monoscript/fileName/Serializer.cs: 44df498e13906e45a2828923a7f89ac6 -> d7df1b97d0a3bd0bb98fd4d2d5bf5d29
  custom:scripting/monoscript/fileName/Message.cs: 3d319f70d9870482a245157c25577c4e -> 671a789acb2c7a93d0b620fe02979957
  custom:scripting/monoscript/fileName/Deserializer.cs: 7a4843246f0d5a1b063e9a6fef778397 -> 1cc72e9ed2428cc6d6ce2d4d2ad7b02b
  custom:scripting/monoscript/fileName/Test.cs: 8289d0398bd9a051035a87365428a0e7 -> 
  custom:audio-encoder-webm-vorbis: bf7c407c2cedff20999df2af8eb42d56 -> 
  custom:scripting/monoscript/fileName/TestRunnerCallbacks.cs: 901a1f98c6fdb76be420d56e91fe540d -> 5627cb9f4ed769fba607b0cab8e9e63d
  custom:scripting/monoscript/fileName/AsyncOperation.cs: 8f6297df34271fdb1ce2d9607ec6261d -> 90647cc400823b41df847a6cbfc29026
  custom:scripting/precompiled-assembly-types:Assembly-CSharp: 21ebfb0f5adf3ec10b439ac8102297a1 -> 
  custom:scripting/monoscript/fileName/UsageUtility.cs: 3f044a4563e8e23515be1e6c9e7e0fc7 -> 5ed3d13206b2b96245ce59a5c83beed1
========================================================================
Received Prepare
Caller must complete domain reload
Begin MonoManager ReloadAssembly
- Loaded All Assemblies, in  0.409 seconds
Native extension for WindowsStandalone target not found
Native extension for WebGL target not found
Mono: successfully reloaded assembly
- Finished resetting the current domain, in  0.972 seconds
Domain Reload Profiling: 1382ms
	BeginReloadAssembly (151ms)
		ExecutionOrderSort (0ms)
		DisableScriptedObjects (5ms)
		BackupInstance (0ms)
		ReleaseScriptingObjects (0ms)
		CreateAndSetChildDomain (26ms)
	RebuildCommonClasses (34ms)
	RebuildNativeTypeToScriptingClass (11ms)
	initialDomainReloadingComplete (26ms)
	LoadAllAssembliesAndSetupDomain (186ms)
		LoadAssemblies (266ms)
		RebuildTransferFunctionScriptingTraits (0ms)
		AnalyzeDomain (12ms)
			TypeCache.Refresh (6ms)
				TypeCache.ScanAssembly (0ms)
			ScanForSourceGeneratedMonoScriptInfo (0ms)
			ResolveRequiredComponents (5ms)
	FinalizeReload (973ms)
		ReleaseScriptCaches (0ms)
		RebuildScriptCaches (0ms)
		SetupLoadedEditorAssemblies (398ms)
			LogAssemblyErrors (0ms)
			InitializePlatformSupportModulesInManaged (7ms)
			SetLoadedEditorAssemblies (4ms)
			RefreshPlugins (0ms)
			BeforeProcessingInitializeOnLoad (60ms)
			ProcessInitializeOnLoadAttributes (301ms)
			ProcessInitializeOnLoadMethodAttributes (23ms)
			AfterProcessingInitializeOnLoad (3ms)
			EditorAssembliesLoaded (0ms)
		ExecutionOrderSort2 (0ms)
		AwakeInstancesAfterBackupRestoration (11ms)
Refreshing native plugins compatible for Editor in 4.18 ms, found 3 plugins.
Preloading 0 native plugins for Editor in 0.00 ms.
Unloading 3177 Unused Serialized files (Serialized files now loaded: 0)
Unloading 14 unused Assets / (28.6 KB). Loaded Objects now: 3725.
Memory consumption went from 119.1 MB to 119.1 MB.
Total: 2.681500 ms (FindLiveObjects: 0.243300 ms CreateObjectMapping: 0.208700 ms MarkObjects: 2.191400 ms  DeleteObjects: 0.037100 ms)

Prepare: number of updated asset objects reloaded= 0
AssetImportParameters requested are different than current active one (requested -> active):
  custom:scripting/monoscript/fileName/UdpSocket.cs: 5c2b80a042c65f789ef7f3c889fd101f -> 7555d065f81d23e6604acb91cf79ddd6
  custom:scripting/monoscript/fileName/Image.cs: 31ff8141403f4cb357eb7bf7e9ffdaeb -> f32195bbbc1ca9edcb6c8c6185597e40
  custom:scripting/monoscript/fileName/Cli.cs: 3c2ed0c881a657a6a8d1cec2a5d27e18 -> d287e08b50f2cb135aa4d7f8e01b7ef9
  custom:scripting/monoscript/fileName/KnownAssemblies.cs: 5a9878fa8cd33efc58225a4622d3c409 -> 286bea9f8fcee5e392f6fc0f0cd541c8
  custom:scripting/monoscript/fileName/SimpleJSON.cs: 2249b1d8736d53bdbb860984e9900714 -> 70c028a07c79c166db015acda1282d86
  custom:container-demuxer-ogg: 62fdf1f143b41e24485cea50d1cbac27 -> 
  custom:scripting/precompiled-assembly-types:Unity.PlasticSCM.Editor: 72a23a7a65cae48dae511b6579c293e4 -> 7e4e003063ee77e81fbf11080919f8e6
  custom:scripting/monoscript/fileName/SolutionProjectEntry.cs: 2cdbeb47f8763ac80d7836f6135300a9 -> 68cea09e9af09443edf61e18806ac1c2
  custom:scripting/monoscript/fileName/TcpListener.cs: 61afd6a8605bfd0084b595d2a15e8b2e -> 940bfdac0e91ad2884e6359468f2782a
  custom:scripting/monoscript/fileName/TcpClient.cs: 55a65447af3e4d6ecee8fd6d8f8731bd -> a949cfd4c46427829913ee0195fa0103
  custom:video-codec-MediaFoundation-h265: 746d11721c4dcdbdad8f713fa42b33f4 -> 
  custom:scripting/monoscript/fileName/LegacyStyleProjectGeneration.cs: 8aa3d3f0dc4d59c1ad013b88ff81a18d -> 4858a0ab74312ccaa3ff27a510a9d575
  custom:scripting/monoscript/fileName/FileUtility.cs: ce7e1c41f3666e04a20e8ab169333163 -> 2d70b80c72be1fb3b2b89ce0939e8cef
  custom:video-decoder-ogg-theora: a1e56fd34408186e4bbccfd4996cb3dc -> 
  custom:framework-win-MediaFoundation: 216162199b28c13a410421893ffa2e32 -> 
  custom:scripting/monoscript/fileName/VisualStudioCursorInstallation.cs: 95dc478876e6707a7e0d3e4422a08b22 -> 
  custom:scripting/monoscript/fileName/Messenger.cs: e1a29b4f8717764c5ff32215b741de2c -> f4ebc46d09b2b4de489946914db2aae0
  custom:scripting/monoscript/fileName/ProcessRunner.cs: 9913dac524d7fba7e53010bd3e109769 -> 932a2a80cb9a3539199f645deff3c585
  custom:scripting/monoscript/fileName/ExceptionEventArgs.cs: c1fb418063f3fe95153ce19939c50281 -> 27cb4c00a4137b184e01164606c88685
  custom:scripting/monoscript/fileName/ProjectGeneration.cs: 9ecb66398cf426136e1427db129d71bc -> 5d892aecaaa9b5c9f4162e2ae2b374ef
  custom:scripting/monoscript/fileName/GameOverUI.cs: 204dcc333de1c17b944f34fa4337dc40 -> 
  custom:scripting/monoscript/fileName/Symbols.cs: 37055ad381792899bea2e26647ce5ae9 -> 27613575e8bda8a6448f80ff27c488f9
  custom:scripting/monoscript/fileName/VersionPair.cs: 219dda7a75299c084fd265cf8d4d22ac -> 88b4a0b7e953537f26ded0a68cf4c238
  custom:scripting/precompiled-assembly-types:Unity.Timeline.Editor: b4313fba5652ee5a8449f3ec85f31ae4 -> 534d7c71c4dd9147ea00599cede121e1
  custom:CustomObjectIndexerAttribute: 9a22284fe3817be447336de3de66b15e -> 
  custom:scripting/monoscript/fileName/TestResultAdaptor.cs: 9b1d3d6bb50f08d85d0c8ba1d01b312d -> fb4db3971d5379750cda884e7e44e3e4
  custom:scripting/monoscript/fileName/VisualStudioEditor.cs: edffea2b56ff2fcda30202ca00e6de62 -> 21e59f688ad500ab61aca318850ec505
  custom:scripting/monoscript/fileName/VisualStudioInstallation.cs: d9bdf8280241f81cb63321a50b4ad2cb -> 41612f13db7783c8635801ab159c1079
  custom:scripting/monoscript/fileName/GameStartPanel.cs: f9029a7546d6d0a640aa647183643613 -> 
  custom:container-demuxer-webm: 4f35f7cbe854078d1ac9338744f61a02 -> 
  custom:scripting/monoscript/fileName/Solution.cs: 6f57345c5a9c03cd9de52e226d588ae1 -> 8bc97d0abd509f39b67b3a5bbac1b9a1
  custom:scripting/monoscript/fileName/VisualStudioCodiumInstallation.cs: 8ee758ce837648e8a493211c15ac775a -> 
  custom:scripting/precompiled-assembly-types:Unity.Cursor.Editor: c4135f52e7ee32dfaf93d3e70b9c4e0a -> 
  custom:scripting/monoscript/fileName/GUIDProvider.cs: cb8edf978faeabcee864dce1a906a291 -> cdd3f47e4fe593d2dfdf9915fa537e3f
  custom:container-muxer-webm: aa71ff27fc2769a1b78a27578f13a17b -> 
  custom:video-decoder-webm-vp8: 9c59270c3fd7afecdb556c50c9e8de78 -> 
  custom:scripting/monoscript/fileName/MessageEventArgs.cs: 1019688f506e4394820040d9795c0a7d -> 528473bbcee3623fe954627c6bfadd2e
  custom:SearchIndexIgnoredProperties: e643bd26f0fe6173181afceb89e7c659 -> 
  custom:scripting/monoscript/fileName/ProjectProperties.cs: 2d74649e53a223aa9cd860921346e9bd -> 407063898a13eaad2cd100e43551c6b5
  custom:AudioImporter_EditorPlatform: d09bf68614088b80899f8185d706f6e7 -> 
  custom:scripting/monoscript/fileName/UnityInstallation.cs: e77a4cd80130bf9635eda265c59fc585 -> 0ba30d4545f2c34a9323456723b5dbfe
  custom:scripting/precompiled-assembly-types:Unity.VisualScripting.Core.Editor: 1ac958119c4ad755d50390246b13522a -> 39597c0f3a76e24d87d64afa59c5f88d
  custom:scripting/monoscript/fileName/SolutionParser.cs: 28362f3ad5ff471d352dad937c4f46f0 -> 240a75b5fc2682997268aa77e6a1dd86
  custom:scripting/monoscript/fileName/TestAdaptor.cs: 5be3b7fc797cbdb67976ea5fdb904de5 -> 486cec8559bad7c56adc699f165feb67
  custom:scripting/precompiled-assembly-types:UnityEngine.TestRunner: 7a4d96a0696e29157328c6996c3b82c5 -> f5758234275f5346968d00e3b1a1c0e4
  custom:scripting/monoscript/fileName/Discovery.cs: 43295ac1709a058ba3ec01d8585e170c -> 2b1006b9be47307c73378eaafc98b6fb
  custom:scripting/monoscript/fileName/VisualStudioIntegration.cs: f837b233b752d741f76e0990c5fad160 -> f9e623c49f9f20ea97a4519aa48d72d4
  custom:scripting/monoscript/fileName/FileIOProvider.cs: 081176a77b8b51898d4a1d6cfbab48ce -> 304525d180d2b661ce338fc8a3225752
  custom:scripting/monoscript/fileName/SdkStyleProjectGeneration.cs: 0d12ba8b4cce4103aedd4f5c89736364 -> bbd8a39d16aad1a0b8d5240b1f43f4a4
  custom:scripting/monoscript/fileName/Enemy.cs: 13cc614454c9ae28caa24456faa3d7cf -> 
  custom:video-encoder-webm-vp8: eb34c28f22e8b96e1ab97ce403110664 -> 
  custom:audio-decoder-ogg-vorbis: bf7c407c2cedff20999df2af8eb42d56 -> 
  custom:scripting/monoscript/fileName/SolutionProperties.cs: 0b7dbd9dc0e3af7f872e6112fa6f596e -> ab8751e49ae2f3d9994444a0a38619bd
  custom:scripting/monoscript/fileName/TestRunnerApiListener.cs: 9b7ed325f86e08c020c1bdc783d9bb51 -> cc17cec8825a8f933d6ecbd68d51f1de
  custom:scripting/monoscript/fileName/AssemblyNameProvider.cs: 06c09785a9ef49a49b329ed384758248 -> 170b0fd934f78f2e6a09342014bfa1fc
  custom:scripting/monoscript/fileName/Serializer.cs: 44df498e13906e45a2828923a7f89ac6 -> d7df1b97d0a3bd0bb98fd4d2d5bf5d29
  custom:scripting/monoscript/fileName/Message.cs: 3d319f70d9870482a245157c25577c4e -> 671a789acb2c7a93d0b620fe02979957
  custom:scripting/monoscript/fileName/Deserializer.cs: 7a4843246f0d5a1b063e9a6fef778397 -> 1cc72e9ed2428cc6d6ce2d4d2ad7b02b
  custom:scripting/monoscript/fileName/Test.cs: 8289d0398bd9a051035a87365428a0e7 -> 
  custom:audio-encoder-webm-vorbis: bf7c407c2cedff20999df2af8eb42d56 -> 
  custom:scripting/monoscript/fileName/TestRunnerCallbacks.cs: 901a1f98c6fdb76be420d56e91fe540d -> 5627cb9f4ed769fba607b0cab8e9e63d
  custom:scripting/monoscript/fileName/AsyncOperation.cs: 8f6297df34271fdb1ce2d9607ec6261d -> 90647cc400823b41df847a6cbfc29026
  custom:scripting/precompiled-assembly-types:Assembly-CSharp: 21ebfb0f5adf3ec10b439ac8102297a1 -> 
  custom:scripting/monoscript/fileName/UsageUtility.cs: 3f044a4563e8e23515be1e6c9e7e0fc7 -> 5ed3d13206b2b96245ce59a5c83beed1
========================================================================
Received Prepare
Caller must complete domain reload
Begin MonoManager ReloadAssembly
- Loaded All Assemblies, in  0.416 seconds
Native extension for WindowsStandalone target not found
Native extension for WebGL target not found
Mono: successfully reloaded assembly
- Finished resetting the current domain, in  0.961 seconds
Domain Reload Profiling: 1376ms
	BeginReloadAssembly (155ms)
		ExecutionOrderSort (0ms)
		DisableScriptedObjects (7ms)
		BackupInstance (0ms)
		ReleaseScriptingObjects (0ms)
		CreateAndSetChildDomain (29ms)
	RebuildCommonClasses (33ms)
	RebuildNativeTypeToScriptingClass (12ms)
	initialDomainReloadingComplete (26ms)
	LoadAllAssembliesAndSetupDomain (189ms)
		LoadAssemblies (267ms)
		RebuildTransferFunctionScriptingTraits (0ms)
		AnalyzeDomain (12ms)
			TypeCache.Refresh (6ms)
				TypeCache.ScanAssembly (0ms)
			ScanForSourceGeneratedMonoScriptInfo (0ms)
			ResolveRequiredComponents (5ms)
	FinalizeReload (962ms)
		ReleaseScriptCaches (0ms)
		RebuildScriptCaches (0ms)
		SetupLoadedEditorAssemblies (388ms)
			LogAssemblyErrors (0ms)
			InitializePlatformSupportModulesInManaged (7ms)
			SetLoadedEditorAssemblies (3ms)
			RefreshPlugins (0ms)
			BeforeProcessingInitializeOnLoad (56ms)
			ProcessInitializeOnLoadAttributes (296ms)
			ProcessInitializeOnLoadMethodAttributes (22ms)
			AfterProcessingInitializeOnLoad (3ms)
			EditorAssembliesLoaded (0ms)
		ExecutionOrderSort2 (0ms)
		AwakeInstancesAfterBackupRestoration (13ms)
Refreshing native plugins compatible for Editor in 4.53 ms, found 3 plugins.
Preloading 0 native plugins for Editor in 0.00 ms.
Unloading 3177 Unused Serialized files (Serialized files now loaded: 0)
Unloading 14 unused Assets / (28.6 KB). Loaded Objects now: 3728.
Memory consumption went from 119.1 MB to 119.1 MB.
Total: 2.637500 ms (FindLiveObjects: 0.254700 ms CreateObjectMapping: 0.224100 ms MarkObjects: 2.116700 ms  DeleteObjects: 0.040800 ms)

Prepare: number of updated asset objects reloaded= 0
AssetImportParameters requested are different than current active one (requested -> active):
  custom:scripting/monoscript/fileName/UdpSocket.cs: 5c2b80a042c65f789ef7f3c889fd101f -> 7555d065f81d23e6604acb91cf79ddd6
  custom:scripting/monoscript/fileName/Image.cs: 31ff8141403f4cb357eb7bf7e9ffdaeb -> f32195bbbc1ca9edcb6c8c6185597e40
  custom:scripting/monoscript/fileName/Cli.cs: 3c2ed0c881a657a6a8d1cec2a5d27e18 -> d287e08b50f2cb135aa4d7f8e01b7ef9
  custom:scripting/monoscript/fileName/KnownAssemblies.cs: 5a9878fa8cd33efc58225a4622d3c409 -> 286bea9f8fcee5e392f6fc0f0cd541c8
  custom:scripting/monoscript/fileName/SimpleJSON.cs: 2249b1d8736d53bdbb860984e9900714 -> 70c028a07c79c166db015acda1282d86
  custom:container-demuxer-ogg: 62fdf1f143b41e24485cea50d1cbac27 -> 
  custom:scripting/precompiled-assembly-types:Unity.PlasticSCM.Editor: 72a23a7a65cae48dae511b6579c293e4 -> 7e4e003063ee77e81fbf11080919f8e6
  custom:scripting/monoscript/fileName/SolutionProjectEntry.cs: 2cdbeb47f8763ac80d7836f6135300a9 -> 68cea09e9af09443edf61e18806ac1c2
  custom:scripting/monoscript/fileName/TcpListener.cs: 61afd6a8605bfd0084b595d2a15e8b2e -> 940bfdac0e91ad2884e6359468f2782a
  custom:scripting/monoscript/fileName/TcpClient.cs: 55a65447af3e4d6ecee8fd6d8f8731bd -> a949cfd4c46427829913ee0195fa0103
  custom:video-codec-MediaFoundation-h265: 746d11721c4dcdbdad8f713fa42b33f4 -> 
  custom:scripting/monoscript/fileName/LegacyStyleProjectGeneration.cs: 8aa3d3f0dc4d59c1ad013b88ff81a18d -> 4858a0ab74312ccaa3ff27a510a9d575
  custom:scripting/monoscript/fileName/FileUtility.cs: ce7e1c41f3666e04a20e8ab169333163 -> 2d70b80c72be1fb3b2b89ce0939e8cef
  custom:video-decoder-ogg-theora: a1e56fd34408186e4bbccfd4996cb3dc -> 
  custom:framework-win-MediaFoundation: 216162199b28c13a410421893ffa2e32 -> 
  custom:scripting/monoscript/fileName/VisualStudioCursorInstallation.cs: 95dc478876e6707a7e0d3e4422a08b22 -> 
  custom:scripting/monoscript/fileName/Messenger.cs: e1a29b4f8717764c5ff32215b741de2c -> f4ebc46d09b2b4de489946914db2aae0
  custom:scripting/monoscript/fileName/ProcessRunner.cs: 9913dac524d7fba7e53010bd3e109769 -> 932a2a80cb9a3539199f645deff3c585
  custom:scripting/monoscript/fileName/ExceptionEventArgs.cs: c1fb418063f3fe95153ce19939c50281 -> 27cb4c00a4137b184e01164606c88685
  custom:scripting/monoscript/fileName/ProjectGeneration.cs: 9ecb66398cf426136e1427db129d71bc -> 5d892aecaaa9b5c9f4162e2ae2b374ef
  custom:scripting/monoscript/fileName/GameOverUI.cs: 204dcc333de1c17b944f34fa4337dc40 -> 
  custom:scripting/monoscript/fileName/Symbols.cs: 37055ad381792899bea2e26647ce5ae9 -> 27613575e8bda8a6448f80ff27c488f9
  custom:scripting/monoscript/fileName/VersionPair.cs: 219dda7a75299c084fd265cf8d4d22ac -> 88b4a0b7e953537f26ded0a68cf4c238
  custom:scripting/precompiled-assembly-types:Unity.Timeline.Editor: b4313fba5652ee5a8449f3ec85f31ae4 -> 534d7c71c4dd9147ea00599cede121e1
  custom:CustomObjectIndexerAttribute: 9a22284fe3817be447336de3de66b15e -> 
  custom:scripting/monoscript/fileName/TestResultAdaptor.cs: 9b1d3d6bb50f08d85d0c8ba1d01b312d -> fb4db3971d5379750cda884e7e44e3e4
  custom:scripting/monoscript/fileName/VisualStudioEditor.cs: edffea2b56ff2fcda30202ca00e6de62 -> 21e59f688ad500ab61aca318850ec505
  custom:scripting/monoscript/fileName/VisualStudioInstallation.cs: d9bdf8280241f81cb63321a50b4ad2cb -> 41612f13db7783c8635801ab159c1079
  custom:scripting/monoscript/fileName/GameStartPanel.cs: f9029a7546d6d0a640aa647183643613 -> 
  custom:container-demuxer-webm: 4f35f7cbe854078d1ac9338744f61a02 -> 
  custom:scripting/monoscript/fileName/Solution.cs: 6f57345c5a9c03cd9de52e226d588ae1 -> 8bc97d0abd509f39b67b3a5bbac1b9a1
  custom:scripting/monoscript/fileName/VisualStudioCodiumInstallation.cs: 8ee758ce837648e8a493211c15ac775a -> 
  custom:scripting/precompiled-assembly-types:Unity.Cursor.Editor: c4135f52e7ee32dfaf93d3e70b9c4e0a -> 
  custom:scripting/monoscript/fileName/GUIDProvider.cs: cb8edf978faeabcee864dce1a906a291 -> cdd3f47e4fe593d2dfdf9915fa537e3f
  custom:container-muxer-webm: aa71ff27fc2769a1b78a27578f13a17b -> 
  custom:video-decoder-webm-vp8: 9c59270c3fd7afecdb556c50c9e8de78 -> 
  custom:scripting/monoscript/fileName/MessageEventArgs.cs: 1019688f506e4394820040d9795c0a7d -> 528473bbcee3623fe954627c6bfadd2e
  custom:SearchIndexIgnoredProperties: e643bd26f0fe6173181afceb89e7c659 -> 
  custom:scripting/monoscript/fileName/ProjectProperties.cs: 2d74649e53a223aa9cd860921346e9bd -> 407063898a13eaad2cd100e43551c6b5
  custom:AudioImporter_EditorPlatform: d09bf68614088b80899f8185d706f6e7 -> 
  custom:scripting/monoscript/fileName/UnityInstallation.cs: e77a4cd80130bf9635eda265c59fc585 -> 0ba30d4545f2c34a9323456723b5dbfe
  custom:scripting/precompiled-assembly-types:Unity.VisualScripting.Core.Editor: 1ac958119c4ad755d50390246b13522a -> 39597c0f3a76e24d87d64afa59c5f88d
  custom:scripting/monoscript/fileName/SolutionParser.cs: 28362f3ad5ff471d352dad937c4f46f0 -> 240a75b5fc2682997268aa77e6a1dd86
  custom:scripting/monoscript/fileName/TestAdaptor.cs: 5be3b7fc797cbdb67976ea5fdb904de5 -> 486cec8559bad7c56adc699f165feb67
  custom:scripting/precompiled-assembly-types:UnityEngine.TestRunner: 7a4d96a0696e29157328c6996c3b82c5 -> f5758234275f5346968d00e3b1a1c0e4
  custom:scripting/monoscript/fileName/Discovery.cs: 43295ac1709a058ba3ec01d8585e170c -> 2b1006b9be47307c73378eaafc98b6fb
  custom:scripting/monoscript/fileName/VisualStudioIntegration.cs: f837b233b752d741f76e0990c5fad160 -> f9e623c49f9f20ea97a4519aa48d72d4
  custom:scripting/monoscript/fileName/FileIOProvider.cs: 081176a77b8b51898d4a1d6cfbab48ce -> 304525d180d2b661ce338fc8a3225752
  custom:scripting/monoscript/fileName/SdkStyleProjectGeneration.cs: 0d12ba8b4cce4103aedd4f5c89736364 -> bbd8a39d16aad1a0b8d5240b1f43f4a4
  custom:scripting/monoscript/fileName/Enemy.cs: 13cc614454c9ae28caa24456faa3d7cf -> 
  custom:video-encoder-webm-vp8: eb34c28f22e8b96e1ab97ce403110664 -> 
  custom:audio-decoder-ogg-vorbis: bf7c407c2cedff20999df2af8eb42d56 -> 
  custom:scripting/monoscript/fileName/SolutionProperties.cs: 0b7dbd9dc0e3af7f872e6112fa6f596e -> ab8751e49ae2f3d9994444a0a38619bd
  custom:scripting/monoscript/fileName/TestRunnerApiListener.cs: 9b7ed325f86e08c020c1bdc783d9bb51 -> cc17cec8825a8f933d6ecbd68d51f1de
  custom:scripting/monoscript/fileName/AssemblyNameProvider.cs: 06c09785a9ef49a49b329ed384758248 -> 170b0fd934f78f2e6a09342014bfa1fc
  custom:scripting/monoscript/fileName/Serializer.cs: 44df498e13906e45a2828923a7f89ac6 -> d7df1b97d0a3bd0bb98fd4d2d5bf5d29
  custom:scripting/monoscript/fileName/Message.cs: 3d319f70d9870482a245157c25577c4e -> 671a789acb2c7a93d0b620fe02979957
  custom:scripting/monoscript/fileName/Deserializer.cs: 7a4843246f0d5a1b063e9a6fef778397 -> 1cc72e9ed2428cc6d6ce2d4d2ad7b02b
  custom:scripting/monoscript/fileName/Test.cs: 8289d0398bd9a051035a87365428a0e7 -> 
  custom:audio-encoder-webm-vorbis: bf7c407c2cedff20999df2af8eb42d56 -> 
  custom:scripting/monoscript/fileName/TestRunnerCallbacks.cs: 901a1f98c6fdb76be420d56e91fe540d -> 5627cb9f4ed769fba607b0cab8e9e63d
  custom:scripting/monoscript/fileName/AsyncOperation.cs: 8f6297df34271fdb1ce2d9607ec6261d -> 90647cc400823b41df847a6cbfc29026
  custom:scripting/precompiled-assembly-types:Assembly-CSharp: 21ebfb0f5adf3ec10b439ac8102297a1 -> 
  custom:scripting/monoscript/fileName/UsageUtility.cs: 3f044a4563e8e23515be1e6c9e7e0fc7 -> 5ed3d13206b2b96245ce59a5c83beed1
========================================================================
Received Prepare
Caller must complete domain reload
Begin MonoManager ReloadAssembly
- Loaded All Assemblies, in  0.414 seconds
Native extension for WindowsStandalone target not found
Native extension for WebGL target not found
Mono: successfully reloaded assembly
- Finished resetting the current domain, in  0.969 seconds
Domain Reload Profiling: 1384ms
	BeginReloadAssembly (152ms)
		ExecutionOrderSort (0ms)
		DisableScriptedObjects (5ms)
		BackupInstance (0ms)
		ReleaseScriptingObjects (0ms)
		CreateAndSetChildDomain (27ms)
	RebuildCommonClasses (32ms)
	RebuildNativeTypeToScriptingClass (11ms)
	initialDomainReloadingComplete (25ms)
	LoadAllAssembliesAndSetupDomain (193ms)
		LoadAssemblies (272ms)
		RebuildTransferFunctionScriptingTraits (0ms)
		AnalyzeDomain (12ms)
			TypeCache.Refresh (5ms)
				TypeCache.ScanAssembly (0ms)
			ScanForSourceGeneratedMonoScriptInfo (0ms)
			ResolveRequiredComponents (5ms)
	FinalizeReload (970ms)
		ReleaseScriptCaches (0ms)
		RebuildScriptCaches (0ms)
		SetupLoadedEditorAssemblies (402ms)
			LogAssemblyErrors (0ms)
			InitializePlatformSupportModulesInManaged (6ms)
			SetLoadedEditorAssemblies (3ms)
			RefreshPlugins (0ms)
			BeforeProcessingInitializeOnLoad (57ms)
			ProcessInitializeOnLoadAttributes (310ms)
			ProcessInitializeOnLoadMethodAttributes (22ms)
			AfterProcessingInitializeOnLoad (3ms)
			EditorAssembliesLoaded (0ms)
		ExecutionOrderSort2 (0ms)
		AwakeInstancesAfterBackupRestoration (12ms)
Refreshing native plugins compatible for Editor in 3.96 ms, found 3 plugins.
Preloading 0 native plugins for Editor in 0.00 ms.
Unloading 3177 Unused Serialized files (Serialized files now loaded: 0)
Unloading 14 unused Assets / (28.6 KB). Loaded Objects now: 3731.
Memory consumption went from 119.1 MB to 119.1 MB.
Total: 2.881200 ms (FindLiveObjects: 0.261000 ms CreateObjectMapping: 0.203000 ms MarkObjects: 2.377100 ms  DeleteObjects: 0.039000 ms)

Prepare: number of updated asset objects reloaded= 0
AssetImportParameters requested are different than current active one (requested -> active):
  custom:scripting/monoscript/fileName/UdpSocket.cs: 5c2b80a042c65f789ef7f3c889fd101f -> 7555d065f81d23e6604acb91cf79ddd6
  custom:scripting/monoscript/fileName/Image.cs: 31ff8141403f4cb357eb7bf7e9ffdaeb -> f32195bbbc1ca9edcb6c8c6185597e40
  custom:scripting/monoscript/fileName/Cli.cs: 3c2ed0c881a657a6a8d1cec2a5d27e18 -> d287e08b50f2cb135aa4d7f8e01b7ef9
  custom:scripting/monoscript/fileName/KnownAssemblies.cs: 5a9878fa8cd33efc58225a4622d3c409 -> 286bea9f8fcee5e392f6fc0f0cd541c8
  custom:scripting/monoscript/fileName/SimpleJSON.cs: 2249b1d8736d53bdbb860984e9900714 -> 70c028a07c79c166db015acda1282d86
  custom:container-demuxer-ogg: 62fdf1f143b41e24485cea50d1cbac27 -> 
  custom:scripting/precompiled-assembly-types:Unity.PlasticSCM.Editor: 72a23a7a65cae48dae511b6579c293e4 -> 7e4e003063ee77e81fbf11080919f8e6
  custom:scripting/monoscript/fileName/SolutionProjectEntry.cs: 2cdbeb47f8763ac80d7836f6135300a9 -> 68cea09e9af09443edf61e18806ac1c2
  custom:scripting/monoscript/fileName/TcpListener.cs: 61afd6a8605bfd0084b595d2a15e8b2e -> 940bfdac0e91ad2884e6359468f2782a
  custom:scripting/monoscript/fileName/TcpClient.cs: 55a65447af3e4d6ecee8fd6d8f8731bd -> a949cfd4c46427829913ee0195fa0103
  custom:video-codec-MediaFoundation-h265: 746d11721c4dcdbdad8f713fa42b33f4 -> 
  custom:scripting/monoscript/fileName/LegacyStyleProjectGeneration.cs: 8aa3d3f0dc4d59c1ad013b88ff81a18d -> 4858a0ab74312ccaa3ff27a510a9d575
  custom:scripting/monoscript/fileName/FileUtility.cs: ce7e1c41f3666e04a20e8ab169333163 -> 2d70b80c72be1fb3b2b89ce0939e8cef
  custom:video-decoder-ogg-theora: a1e56fd34408186e4bbccfd4996cb3dc -> 
  custom:framework-win-MediaFoundation: 216162199b28c13a410421893ffa2e32 -> 
  custom:scripting/monoscript/fileName/VisualStudioCursorInstallation.cs: 95dc478876e6707a7e0d3e4422a08b22 -> 
  custom:scripting/monoscript/fileName/Messenger.cs: e1a29b4f8717764c5ff32215b741de2c -> f4ebc46d09b2b4de489946914db2aae0
  custom:scripting/monoscript/fileName/ProcessRunner.cs: 9913dac524d7fba7e53010bd3e109769 -> 932a2a80cb9a3539199f645deff3c585
  custom:scripting/monoscript/fileName/ExceptionEventArgs.cs: c1fb418063f3fe95153ce19939c50281 -> 27cb4c00a4137b184e01164606c88685
  custom:scripting/monoscript/fileName/ProjectGeneration.cs: 9ecb66398cf426136e1427db129d71bc -> 5d892aecaaa9b5c9f4162e2ae2b374ef
  custom:scripting/monoscript/fileName/GameOverUI.cs: 204dcc333de1c17b944f34fa4337dc40 -> 
  custom:scripting/monoscript/fileName/Symbols.cs: 37055ad381792899bea2e26647ce5ae9 -> 27613575e8bda8a6448f80ff27c488f9
  custom:scripting/monoscript/fileName/VersionPair.cs: 219dda7a75299c084fd265cf8d4d22ac -> 88b4a0b7e953537f26ded0a68cf4c238
  custom:scripting/precompiled-assembly-types:Unity.Timeline.Editor: b4313fba5652ee5a8449f3ec85f31ae4 -> 534d7c71c4dd9147ea00599cede121e1
  custom:CustomObjectIndexerAttribute: 9a22284fe3817be447336de3de66b15e -> 
  custom:scripting/monoscript/fileName/TestResultAdaptor.cs: 9b1d3d6bb50f08d85d0c8ba1d01b312d -> fb4db3971d5379750cda884e7e44e3e4
  custom:scripting/monoscript/fileName/VisualStudioEditor.cs: edffea2b56ff2fcda30202ca00e6de62 -> 21e59f688ad500ab61aca318850ec505
  custom:scripting/monoscript/fileName/VisualStudioInstallation.cs: d9bdf8280241f81cb63321a50b4ad2cb -> 41612f13db7783c8635801ab159c1079
  custom:scripting/monoscript/fileName/GameStartPanel.cs: f9029a7546d6d0a640aa647183643613 -> 
  custom:container-demuxer-webm: 4f35f7cbe854078d1ac9338744f61a02 -> 
  custom:scripting/monoscript/fileName/Solution.cs: 6f57345c5a9c03cd9de52e226d588ae1 -> 8bc97d0abd509f39b67b3a5bbac1b9a1
  custom:scripting/monoscript/fileName/VisualStudioCodiumInstallation.cs: 8ee758ce837648e8a493211c15ac775a -> 
  custom:scripting/precompiled-assembly-types:Unity.Cursor.Editor: c4135f52e7ee32dfaf93d3e70b9c4e0a -> 
  custom:scripting/monoscript/fileName/GUIDProvider.cs: cb8edf978faeabcee864dce1a906a291 -> cdd3f47e4fe593d2dfdf9915fa537e3f
  custom:container-muxer-webm: aa71ff27fc2769a1b78a27578f13a17b -> 
  custom:video-decoder-webm-vp8: 9c59270c3fd7afecdb556c50c9e8de78 -> 
  custom:scripting/monoscript/fileName/MessageEventArgs.cs: 1019688f506e4394820040d9795c0a7d -> 528473bbcee3623fe954627c6bfadd2e
  custom:SearchIndexIgnoredProperties: e643bd26f0fe6173181afceb89e7c659 -> 
  custom:scripting/monoscript/fileName/ProjectProperties.cs: 2d74649e53a223aa9cd860921346e9bd -> 407063898a13eaad2cd100e43551c6b5
  custom:AudioImporter_EditorPlatform: d09bf68614088b80899f8185d706f6e7 -> 
  custom:scripting/monoscript/fileName/UnityInstallation.cs: e77a4cd80130bf9635eda265c59fc585 -> 0ba30d4545f2c34a9323456723b5dbfe
  custom:scripting/precompiled-assembly-types:Unity.VisualScripting.Core.Editor: 1ac958119c4ad755d50390246b13522a -> 39597c0f3a76e24d87d64afa59c5f88d
  custom:scripting/monoscript/fileName/SolutionParser.cs: 28362f3ad5ff471d352dad937c4f46f0 -> 240a75b5fc2682997268aa77e6a1dd86
  custom:scripting/monoscript/fileName/TestAdaptor.cs: 5be3b7fc797cbdb67976ea5fdb904de5 -> 486cec8559bad7c56adc699f165feb67
  custom:scripting/precompiled-assembly-types:UnityEngine.TestRunner: 7a4d96a0696e29157328c6996c3b82c5 -> f5758234275f5346968d00e3b1a1c0e4
  custom:scripting/monoscript/fileName/Discovery.cs: 43295ac1709a058ba3ec01d8585e170c -> 2b1006b9be47307c73378eaafc98b6fb
  custom:scripting/monoscript/fileName/VisualStudioIntegration.cs: f837b233b752d741f76e0990c5fad160 -> f9e623c49f9f20ea97a4519aa48d72d4
  custom:scripting/monoscript/fileName/FileIOProvider.cs: 081176a77b8b51898d4a1d6cfbab48ce -> 304525d180d2b661ce338fc8a3225752
  custom:scripting/monoscript/fileName/SdkStyleProjectGeneration.cs: 0d12ba8b4cce4103aedd4f5c89736364 -> bbd8a39d16aad1a0b8d5240b1f43f4a4
  custom:scripting/monoscript/fileName/Enemy.cs: 13cc614454c9ae28caa24456faa3d7cf -> 
  custom:video-encoder-webm-vp8: eb34c28f22e8b96e1ab97ce403110664 -> 
  custom:audio-decoder-ogg-vorbis: bf7c407c2cedff20999df2af8eb42d56 -> 
  custom:scripting/monoscript/fileName/SolutionProperties.cs: 0b7dbd9dc0e3af7f872e6112fa6f596e -> ab8751e49ae2f3d9994444a0a38619bd
  custom:scripting/monoscript/fileName/TestRunnerApiListener.cs: 9b7ed325f86e08c020c1bdc783d9bb51 -> cc17cec8825a8f933d6ecbd68d51f1de
  custom:scripting/monoscript/fileName/AssemblyNameProvider.cs: 06c09785a9ef49a49b329ed384758248 -> 170b0fd934f78f2e6a09342014bfa1fc
  custom:scripting/monoscript/fileName/Serializer.cs: 44df498e13906e45a2828923a7f89ac6 -> d7df1b97d0a3bd0bb98fd4d2d5bf5d29
  custom:scripting/monoscript/fileName/Message.cs: 3d319f70d9870482a245157c25577c4e -> 671a789acb2c7a93d0b620fe02979957
  custom:scripting/monoscript/fileName/Deserializer.cs: 7a4843246f0d5a1b063e9a6fef778397 -> 1cc72e9ed2428cc6d6ce2d4d2ad7b02b
  custom:scripting/monoscript/fileName/Test.cs: 8289d0398bd9a051035a87365428a0e7 -> 
  custom:audio-encoder-webm-vorbis: bf7c407c2cedff20999df2af8eb42d56 -> 
  custom:scripting/monoscript/fileName/TestRunnerCallbacks.cs: 901a1f98c6fdb76be420d56e91fe540d -> 5627cb9f4ed769fba607b0cab8e9e63d
  custom:scripting/monoscript/fileName/AsyncOperation.cs: 8f6297df34271fdb1ce2d9607ec6261d -> 90647cc400823b41df847a6cbfc29026
  custom:scripting/precompiled-assembly-types:Assembly-CSharp: 21ebfb0f5adf3ec10b439ac8102297a1 -> 
  custom:scripting/monoscript/fileName/UsageUtility.cs: 3f044a4563e8e23515be1e6c9e7e0fc7 -> 5ed3d13206b2b96245ce59a5c83beed1
========================================================================
Received Prepare
Caller must complete domain reload
Begin MonoManager ReloadAssembly
- Loaded All Assemblies, in  0.414 seconds
Native extension for WindowsStandalone target not found
Native extension for WebGL target not found
Mono: successfully reloaded assembly
- Finished resetting the current domain, in  0.971 seconds
Domain Reload Profiling: 1384ms
	BeginReloadAssembly (153ms)
		ExecutionOrderSort (0ms)
		DisableScriptedObjects (5ms)
		BackupInstance (0ms)
		ReleaseScriptingObjects (0ms)
		CreateAndSetChildDomain (27ms)
	RebuildCommonClasses (36ms)
	RebuildNativeTypeToScriptingClass (11ms)
	initialDomainReloadingComplete (25ms)
	LoadAllAssembliesAndSetupDomain (188ms)
		LoadAssemblies (267ms)
		RebuildTransferFunctionScriptingTraits (0ms)
		AnalyzeDomain (14ms)
			TypeCache.Refresh (5ms)
				TypeCache.ScanAssembly (0ms)
			ScanForSourceGeneratedMonoScriptInfo (0ms)
			ResolveRequiredComponents (7ms)
	FinalizeReload (971ms)
		ReleaseScriptCaches (0ms)
		RebuildScriptCaches (0ms)
		SetupLoadedEditorAssemblies (392ms)
			LogAssemblyErrors (0ms)
			InitializePlatformSupportModulesInManaged (6ms)
			SetLoadedEditorAssemblies (4ms)
			RefreshPlugins (0ms)
			BeforeProcessingInitializeOnLoad (56ms)
			ProcessInitializeOnLoadAttributes (299ms)
			ProcessInitializeOnLoadMethodAttributes (23ms)
			AfterProcessingInitializeOnLoad (3ms)
			EditorAssembliesLoaded (0ms)
		ExecutionOrderSort2 (0ms)
		AwakeInstancesAfterBackupRestoration (11ms)
Refreshing native plugins compatible for Editor in 3.99 ms, found 3 plugins.
Preloading 0 native plugins for Editor in 0.00 ms.
Unloading 3177 Unused Serialized files (Serialized files now loaded: 0)
Unloading 14 unused Assets / (28.6 KB). Loaded Objects now: 3734.
Memory consumption went from 119.1 MB to 119.1 MB.
Total: 2.707300 ms (FindLiveObjects: 0.253600 ms CreateObjectMapping: 0.217400 ms MarkObjects: 2.196500 ms  DeleteObjects: 0.038800 ms)

Prepare: number of updated asset objects reloaded= 0
AssetImportParameters requested are different than current active one (requested -> active):
  custom:scripting/monoscript/fileName/UdpSocket.cs: 5c2b80a042c65f789ef7f3c889fd101f -> 7555d065f81d23e6604acb91cf79ddd6
  custom:scripting/monoscript/fileName/Image.cs: 31ff8141403f4cb357eb7bf7e9ffdaeb -> f32195bbbc1ca9edcb6c8c6185597e40
  custom:scripting/monoscript/fileName/Cli.cs: 3c2ed0c881a657a6a8d1cec2a5d27e18 -> d287e08b50f2cb135aa4d7f8e01b7ef9
  custom:scripting/monoscript/fileName/KnownAssemblies.cs: 5a9878fa8cd33efc58225a4622d3c409 -> 286bea9f8fcee5e392f6fc0f0cd541c8
  custom:scripting/monoscript/fileName/SimpleJSON.cs: 2249b1d8736d53bdbb860984e9900714 -> 70c028a07c79c166db015acda1282d86
  custom:container-demuxer-ogg: 62fdf1f143b41e24485cea50d1cbac27 -> 
  custom:scripting/precompiled-assembly-types:Unity.PlasticSCM.Editor: 72a23a7a65cae48dae511b6579c293e4 -> 7e4e003063ee77e81fbf11080919f8e6
  custom:scripting/monoscript/fileName/SolutionProjectEntry.cs: 2cdbeb47f8763ac80d7836f6135300a9 -> 68cea09e9af09443edf61e18806ac1c2
  custom:scripting/monoscript/fileName/TcpListener.cs: 61afd6a8605bfd0084b595d2a15e8b2e -> 940bfdac0e91ad2884e6359468f2782a
  custom:scripting/monoscript/fileName/TcpClient.cs: 55a65447af3e4d6ecee8fd6d8f8731bd -> a949cfd4c46427829913ee0195fa0103
  custom:video-codec-MediaFoundation-h265: 746d11721c4dcdbdad8f713fa42b33f4 -> 
  custom:scripting/monoscript/fileName/LegacyStyleProjectGeneration.cs: 8aa3d3f0dc4d59c1ad013b88ff81a18d -> 4858a0ab74312ccaa3ff27a510a9d575
  custom:scripting/monoscript/fileName/FileUtility.cs: ce7e1c41f3666e04a20e8ab169333163 -> 2d70b80c72be1fb3b2b89ce0939e8cef
  custom:video-decoder-ogg-theora: a1e56fd34408186e4bbccfd4996cb3dc -> 
  custom:framework-win-MediaFoundation: 216162199b28c13a410421893ffa2e32 -> 
  custom:scripting/monoscript/fileName/VisualStudioCursorInstallation.cs: 95dc478876e6707a7e0d3e4422a08b22 -> 
  custom:scripting/monoscript/fileName/Messenger.cs: e1a29b4f8717764c5ff32215b741de2c -> f4ebc46d09b2b4de489946914db2aae0
  custom:scripting/monoscript/fileName/ProcessRunner.cs: 9913dac524d7fba7e53010bd3e109769 -> 932a2a80cb9a3539199f645deff3c585
  custom:scripting/monoscript/fileName/ExceptionEventArgs.cs: c1fb418063f3fe95153ce19939c50281 -> 27cb4c00a4137b184e01164606c88685
  custom:scripting/monoscript/fileName/ProjectGeneration.cs: 9ecb66398cf426136e1427db129d71bc -> 5d892aecaaa9b5c9f4162e2ae2b374ef
  custom:scripting/monoscript/fileName/GameOverUI.cs: 204dcc333de1c17b944f34fa4337dc40 -> 
  custom:scripting/monoscript/fileName/Symbols.cs: 37055ad381792899bea2e26647ce5ae9 -> 27613575e8bda8a6448f80ff27c488f9
  custom:scripting/monoscript/fileName/VersionPair.cs: 219dda7a75299c084fd265cf8d4d22ac -> 88b4a0b7e953537f26ded0a68cf4c238
  custom:scripting/precompiled-assembly-types:Unity.Timeline.Editor: b4313fba5652ee5a8449f3ec85f31ae4 -> 534d7c71c4dd9147ea00599cede121e1
  custom:CustomObjectIndexerAttribute: 9a22284fe3817be447336de3de66b15e -> 
  custom:scripting/monoscript/fileName/TestResultAdaptor.cs: 9b1d3d6bb50f08d85d0c8ba1d01b312d -> fb4db3971d5379750cda884e7e44e3e4
  custom:scripting/monoscript/fileName/VisualStudioEditor.cs: edffea2b56ff2fcda30202ca00e6de62 -> 21e59f688ad500ab61aca318850ec505
  custom:scripting/monoscript/fileName/VisualStudioInstallation.cs: d9bdf8280241f81cb63321a50b4ad2cb -> 41612f13db7783c8635801ab159c1079
  custom:scripting/monoscript/fileName/GameStartPanel.cs: f9029a7546d6d0a640aa647183643613 -> 
  custom:container-demuxer-webm: 4f35f7cbe854078d1ac9338744f61a02 -> 
  custom:scripting/monoscript/fileName/Solution.cs: 6f57345c5a9c03cd9de52e226d588ae1 -> 8bc97d0abd509f39b67b3a5bbac1b9a1
  custom:scripting/monoscript/fileName/VisualStudioCodiumInstallation.cs: 8ee758ce837648e8a493211c15ac775a -> 
  custom:scripting/precompiled-assembly-types:Unity.Cursor.Editor: c4135f52e7ee32dfaf93d3e70b9c4e0a -> 
  custom:scripting/monoscript/fileName/GUIDProvider.cs: cb8edf978faeabcee864dce1a906a291 -> cdd3f47e4fe593d2dfdf9915fa537e3f
  custom:container-muxer-webm: aa71ff27fc2769a1b78a27578f13a17b -> 
  custom:video-decoder-webm-vp8: 9c59270c3fd7afecdb556c50c9e8de78 -> 
  custom:scripting/monoscript/fileName/MessageEventArgs.cs: 1019688f506e4394820040d9795c0a7d -> 528473bbcee3623fe954627c6bfadd2e
  custom:SearchIndexIgnoredProperties: e643bd26f0fe6173181afceb89e7c659 -> 
  custom:scripting/monoscript/fileName/ProjectProperties.cs: 2d74649e53a223aa9cd860921346e9bd -> 407063898a13eaad2cd100e43551c6b5
  custom:AudioImporter_EditorPlatform: d09bf68614088b80899f8185d706f6e7 -> 
  custom:scripting/monoscript/fileName/UnityInstallation.cs: e77a4cd80130bf9635eda265c59fc585 -> 0ba30d4545f2c34a9323456723b5dbfe
  custom:scripting/precompiled-assembly-types:Unity.VisualScripting.Core.Editor: 1ac958119c4ad755d50390246b13522a -> 39597c0f3a76e24d87d64afa59c5f88d
  custom:scripting/monoscript/fileName/SolutionParser.cs: 28362f3ad5ff471d352dad937c4f46f0 -> 240a75b5fc2682997268aa77e6a1dd86
  custom:scripting/monoscript/fileName/TestAdaptor.cs: 5be3b7fc797cbdb67976ea5fdb904de5 -> 486cec8559bad7c56adc699f165feb67
  custom:scripting/precompiled-assembly-types:UnityEngine.TestRunner: 7a4d96a0696e29157328c6996c3b82c5 -> f5758234275f5346968d00e3b1a1c0e4
  custom:scripting/monoscript/fileName/Discovery.cs: 43295ac1709a058ba3ec01d8585e170c -> 2b1006b9be47307c73378eaafc98b6fb
  custom:scripting/monoscript/fileName/VisualStudioIntegration.cs: f837b233b752d741f76e0990c5fad160 -> f9e623c49f9f20ea97a4519aa48d72d4
  custom:scripting/monoscript/fileName/FileIOProvider.cs: 081176a77b8b51898d4a1d6cfbab48ce -> 304525d180d2b661ce338fc8a3225752
  custom:scripting/monoscript/fileName/SdkStyleProjectGeneration.cs: 0d12ba8b4cce4103aedd4f5c89736364 -> bbd8a39d16aad1a0b8d5240b1f43f4a4
  custom:scripting/monoscript/fileName/Enemy.cs: 13cc614454c9ae28caa24456faa3d7cf -> 
  custom:video-encoder-webm-vp8: eb34c28f22e8b96e1ab97ce403110664 -> 
  custom:audio-decoder-ogg-vorbis: bf7c407c2cedff20999df2af8eb42d56 -> 
  custom:scripting/monoscript/fileName/SolutionProperties.cs: 0b7dbd9dc0e3af7f872e6112fa6f596e -> ab8751e49ae2f3d9994444a0a38619bd
  custom:scripting/monoscript/fileName/TestRunnerApiListener.cs: 9b7ed325f86e08c020c1bdc783d9bb51 -> cc17cec8825a8f933d6ecbd68d51f1de
  custom:scripting/monoscript/fileName/AssemblyNameProvider.cs: 06c09785a9ef49a49b329ed384758248 -> 170b0fd934f78f2e6a09342014bfa1fc
  custom:scripting/monoscript/fileName/Serializer.cs: 44df498e13906e45a2828923a7f89ac6 -> d7df1b97d0a3bd0bb98fd4d2d5bf5d29
  custom:scripting/monoscript/fileName/Message.cs: 3d319f70d9870482a245157c25577c4e -> 671a789acb2c7a93d0b620fe02979957
  custom:scripting/monoscript/fileName/Deserializer.cs: 7a4843246f0d5a1b063e9a6fef778397 -> 1cc72e9ed2428cc6d6ce2d4d2ad7b02b
  custom:scripting/monoscript/fileName/Test.cs: 8289d0398bd9a051035a87365428a0e7 -> 
  custom:audio-encoder-webm-vorbis: bf7c407c2cedff20999df2af8eb42d56 -> 
  custom:scripting/monoscript/fileName/TestRunnerCallbacks.cs: 901a1f98c6fdb76be420d56e91fe540d -> 5627cb9f4ed769fba607b0cab8e9e63d
  custom:scripting/monoscript/fileName/AsyncOperation.cs: 8f6297df34271fdb1ce2d9607ec6261d -> 90647cc400823b41df847a6cbfc29026
  custom:scripting/precompiled-assembly-types:Assembly-CSharp: 21ebfb0f5adf3ec10b439ac8102297a1 -> 
  custom:scripting/monoscript/fileName/UsageUtility.cs: 3f044a4563e8e23515be1e6c9e7e0fc7 -> 5ed3d13206b2b96245ce59a5c83beed1
========================================================================
Received Prepare
Caller must complete domain reload
Begin MonoManager ReloadAssembly
- Loaded All Assemblies, in  0.404 seconds
Native extension for WindowsStandalone target not found
Native extension for WebGL target not found
Mono: successfully reloaded assembly
- Finished resetting the current domain, in  0.983 seconds
Domain Reload Profiling: 1386ms
	BeginReloadAssembly (151ms)
		ExecutionOrderSort (0ms)
		DisableScriptedObjects (5ms)
		BackupInstance (0ms)
		ReleaseScriptingObjects (0ms)
		CreateAndSetChildDomain (26ms)
	RebuildCommonClasses (34ms)
	RebuildNativeTypeToScriptingClass (11ms)
	initialDomainReloadingComplete (25ms)
	LoadAllAssembliesAndSetupDomain (184ms)
		LoadAssemblies (262ms)
		RebuildTransferFunctionScriptingTraits (0ms)
		AnalyzeDomain (13ms)
			TypeCache.Refresh (6ms)
				TypeCache.ScanAssembly (0ms)
			ScanForSourceGeneratedMonoScriptInfo (0ms)
			ResolveRequiredComponents (6ms)
	FinalizeReload (983ms)
		ReleaseScriptCaches (0ms)
		RebuildScriptCaches (0ms)
		SetupLoadedEditorAssemblies (396ms)
			LogAssemblyErrors (0ms)
			InitializePlatformSupportModulesInManaged (14ms)
			SetLoadedEditorAssemblies (3ms)
			RefreshPlugins (0ms)
			BeforeProcessingInitializeOnLoad (55ms)
			ProcessInitializeOnLoadAttributes (298ms)
			ProcessInitializeOnLoadMethodAttributes (21ms)
			AfterProcessingInitializeOnLoad (4ms)
			EditorAssembliesLoaded (0ms)
		ExecutionOrderSort2 (0ms)
		AwakeInstancesAfterBackupRestoration (13ms)
Refreshing native plugins compatible for Editor in 5.73 ms, found 3 plugins.
Preloading 0 native plugins for Editor in 0.00 ms.
Unloading 3177 Unused Serialized files (Serialized files now loaded: 0)
Unloading 14 unused Assets / (28.6 KB). Loaded Objects now: 3737.
Memory consumption went from 119.1 MB to 119.1 MB.
Total: 2.609200 ms (FindLiveObjects: 0.255700 ms CreateObjectMapping: 0.207800 ms MarkObjects: 2.109800 ms  DeleteObjects: 0.034600 ms)

Prepare: number of updated asset objects reloaded= 0
AssetImportParameters requested are different than current active one (requested -> active):
  custom:scripting/monoscript/fileName/UdpSocket.cs: 5c2b80a042c65f789ef7f3c889fd101f -> 7555d065f81d23e6604acb91cf79ddd6
  custom:scripting/monoscript/fileName/Image.cs: 31ff8141403f4cb357eb7bf7e9ffdaeb -> f32195bbbc1ca9edcb6c8c6185597e40
  custom:scripting/monoscript/fileName/Cli.cs: 3c2ed0c881a657a6a8d1cec2a5d27e18 -> d287e08b50f2cb135aa4d7f8e01b7ef9
  custom:scripting/monoscript/fileName/KnownAssemblies.cs: 5a9878fa8cd33efc58225a4622d3c409 -> 286bea9f8fcee5e392f6fc0f0cd541c8
  custom:scripting/monoscript/fileName/SimpleJSON.cs: 2249b1d8736d53bdbb860984e9900714 -> 70c028a07c79c166db015acda1282d86
  custom:container-demuxer-ogg: 62fdf1f143b41e24485cea50d1cbac27 -> 
  custom:scripting/precompiled-assembly-types:Unity.PlasticSCM.Editor: 72a23a7a65cae48dae511b6579c293e4 -> 7e4e003063ee77e81fbf11080919f8e6
  custom:scripting/monoscript/fileName/SolutionProjectEntry.cs: 2cdbeb47f8763ac80d7836f6135300a9 -> 68cea09e9af09443edf61e18806ac1c2
  custom:scripting/monoscript/fileName/TcpListener.cs: 61afd6a8605bfd0084b595d2a15e8b2e -> 940bfdac0e91ad2884e6359468f2782a
  custom:scripting/monoscript/fileName/TcpClient.cs: 55a65447af3e4d6ecee8fd6d8f8731bd -> a949cfd4c46427829913ee0195fa0103
  custom:video-codec-MediaFoundation-h265: 746d11721c4dcdbdad8f713fa42b33f4 -> 
  custom:scripting/monoscript/fileName/LegacyStyleProjectGeneration.cs: 8aa3d3f0dc4d59c1ad013b88ff81a18d -> 4858a0ab74312ccaa3ff27a510a9d575
  custom:scripting/monoscript/fileName/FileUtility.cs: ce7e1c41f3666e04a20e8ab169333163 -> 2d70b80c72be1fb3b2b89ce0939e8cef
  custom:video-decoder-ogg-theora: a1e56fd34408186e4bbccfd4996cb3dc -> 
  custom:framework-win-MediaFoundation: 216162199b28c13a410421893ffa2e32 -> 
  custom:scripting/monoscript/fileName/VisualStudioCursorInstallation.cs: 95dc478876e6707a7e0d3e4422a08b22 -> 
  custom:scripting/monoscript/fileName/Messenger.cs: e1a29b4f8717764c5ff32215b741de2c -> f4ebc46d09b2b4de489946914db2aae0
  custom:scripting/monoscript/fileName/ProcessRunner.cs: 9913dac524d7fba7e53010bd3e109769 -> 932a2a80cb9a3539199f645deff3c585
  custom:scripting/monoscript/fileName/ExceptionEventArgs.cs: c1fb418063f3fe95153ce19939c50281 -> 27cb4c00a4137b184e01164606c88685
  custom:scripting/monoscript/fileName/ProjectGeneration.cs: 9ecb66398cf426136e1427db129d71bc -> 5d892aecaaa9b5c9f4162e2ae2b374ef
  custom:scripting/monoscript/fileName/GameOverUI.cs: 204dcc333de1c17b944f34fa4337dc40 -> 
  custom:scripting/monoscript/fileName/Symbols.cs: 37055ad381792899bea2e26647ce5ae9 -> 27613575e8bda8a6448f80ff27c488f9
  custom:scripting/monoscript/fileName/VersionPair.cs: 219dda7a75299c084fd265cf8d4d22ac -> 88b4a0b7e953537f26ded0a68cf4c238
  custom:scripting/precompiled-assembly-types:Unity.Timeline.Editor: b4313fba5652ee5a8449f3ec85f31ae4 -> 534d7c71c4dd9147ea00599cede121e1
  custom:CustomObjectIndexerAttribute: 9a22284fe3817be447336de3de66b15e -> 
  custom:scripting/monoscript/fileName/TestResultAdaptor.cs: 9b1d3d6bb50f08d85d0c8ba1d01b312d -> fb4db3971d5379750cda884e7e44e3e4
  custom:scripting/monoscript/fileName/VisualStudioEditor.cs: edffea2b56ff2fcda30202ca00e6de62 -> 21e59f688ad500ab61aca318850ec505
  custom:scripting/monoscript/fileName/VisualStudioInstallation.cs: d9bdf8280241f81cb63321a50b4ad2cb -> 41612f13db7783c8635801ab159c1079
  custom:scripting/monoscript/fileName/GameStartPanel.cs: f9029a7546d6d0a640aa647183643613 -> 
  custom:container-demuxer-webm: 4f35f7cbe854078d1ac9338744f61a02 -> 
  custom:scripting/monoscript/fileName/Solution.cs: 6f57345c5a9c03cd9de52e226d588ae1 -> 8bc97d0abd509f39b67b3a5bbac1b9a1
  custom:scripting/monoscript/fileName/VisualStudioCodiumInstallation.cs: 8ee758ce837648e8a493211c15ac775a -> 
  custom:scripting/precompiled-assembly-types:Unity.Cursor.Editor: c4135f52e7ee32dfaf93d3e70b9c4e0a -> 
  custom:scripting/monoscript/fileName/GUIDProvider.cs: cb8edf978faeabcee864dce1a906a291 -> cdd3f47e4fe593d2dfdf9915fa537e3f
  custom:container-muxer-webm: aa71ff27fc2769a1b78a27578f13a17b -> 
  custom:video-decoder-webm-vp8: 9c59270c3fd7afecdb556c50c9e8de78 -> 
  custom:scripting/monoscript/fileName/MessageEventArgs.cs: 1019688f506e4394820040d9795c0a7d -> 528473bbcee3623fe954627c6bfadd2e
  custom:SearchIndexIgnoredProperties: e643bd26f0fe6173181afceb89e7c659 -> 
  custom:scripting/monoscript/fileName/ProjectProperties.cs: 2d74649e53a223aa9cd860921346e9bd -> 407063898a13eaad2cd100e43551c6b5
  custom:AudioImporter_EditorPlatform: d09bf68614088b80899f8185d706f6e7 -> 
  custom:scripting/monoscript/fileName/UnityInstallation.cs: e77a4cd80130bf9635eda265c59fc585 -> 0ba30d4545f2c34a9323456723b5dbfe
  custom:scripting/precompiled-assembly-types:Unity.VisualScripting.Core.Editor: 1ac958119c4ad755d50390246b13522a -> 39597c0f3a76e24d87d64afa59c5f88d
  custom:scripting/monoscript/fileName/SolutionParser.cs: 28362f3ad5ff471d352dad937c4f46f0 -> 240a75b5fc2682997268aa77e6a1dd86
  custom:scripting/monoscript/fileName/TestAdaptor.cs: 5be3b7fc797cbdb67976ea5fdb904de5 -> 486cec8559bad7c56adc699f165feb67
  custom:scripting/precompiled-assembly-types:UnityEngine.TestRunner: 7a4d96a0696e29157328c6996c3b82c5 -> f5758234275f5346968d00e3b1a1c0e4
  custom:scripting/monoscript/fileName/Discovery.cs: 43295ac1709a058ba3ec01d8585e170c -> 2b1006b9be47307c73378eaafc98b6fb
  custom:scripting/monoscript/fileName/VisualStudioIntegration.cs: f837b233b752d741f76e0990c5fad160 -> f9e623c49f9f20ea97a4519aa48d72d4
  custom:scripting/monoscript/fileName/FileIOProvider.cs: 081176a77b8b51898d4a1d6cfbab48ce -> 304525d180d2b661ce338fc8a3225752
  custom:scripting/monoscript/fileName/SdkStyleProjectGeneration.cs: 0d12ba8b4cce4103aedd4f5c89736364 -> bbd8a39d16aad1a0b8d5240b1f43f4a4
  custom:scripting/monoscript/fileName/Enemy.cs: 13cc614454c9ae28caa24456faa3d7cf -> 
  custom:video-encoder-webm-vp8: eb34c28f22e8b96e1ab97ce403110664 -> 
  custom:audio-decoder-ogg-vorbis: bf7c407c2cedff20999df2af8eb42d56 -> 
  custom:scripting/monoscript/fileName/SolutionProperties.cs: 0b7dbd9dc0e3af7f872e6112fa6f596e -> ab8751e49ae2f3d9994444a0a38619bd
  custom:scripting/monoscript/fileName/TestRunnerApiListener.cs: 9b7ed325f86e08c020c1bdc783d9bb51 -> cc17cec8825a8f933d6ecbd68d51f1de
  custom:scripting/monoscript/fileName/AssemblyNameProvider.cs: 06c09785a9ef49a49b329ed384758248 -> 170b0fd934f78f2e6a09342014bfa1fc
  custom:scripting/monoscript/fileName/Serializer.cs: 44df498e13906e45a2828923a7f89ac6 -> d7df1b97d0a3bd0bb98fd4d2d5bf5d29
  custom:scripting/monoscript/fileName/Message.cs: 3d319f70d9870482a245157c25577c4e -> 671a789acb2c7a93d0b620fe02979957
  custom:scripting/monoscript/fileName/Deserializer.cs: 7a4843246f0d5a1b063e9a6fef778397 -> 1cc72e9ed2428cc6d6ce2d4d2ad7b02b
  custom:scripting/monoscript/fileName/Test.cs: 8289d0398bd9a051035a87365428a0e7 -> 
  custom:audio-encoder-webm-vorbis: bf7c407c2cedff20999df2af8eb42d56 -> 
  custom:scripting/monoscript/fileName/TestRunnerCallbacks.cs: 901a1f98c6fdb76be420d56e91fe540d -> 5627cb9f4ed769fba607b0cab8e9e63d
  custom:scripting/monoscript/fileName/AsyncOperation.cs: 8f6297df34271fdb1ce2d9607ec6261d -> 90647cc400823b41df847a6cbfc29026
  custom:scripting/precompiled-assembly-types:Assembly-CSharp: 21ebfb0f5adf3ec10b439ac8102297a1 -> 
  custom:scripting/monoscript/fileName/UsageUtility.cs: 3f044a4563e8e23515be1e6c9e7e0fc7 -> 5ed3d13206b2b96245ce59a5c83beed1
========================================================================
Received Prepare
Caller must complete domain reload
Begin MonoManager ReloadAssembly
- Loaded All Assemblies, in  0.415 seconds
Native extension for WindowsStandalone target not found
Native extension for WebGL target not found
Mono: successfully reloaded assembly
- Finished resetting the current domain, in  1.000 seconds
Domain Reload Profiling: 1415ms
	BeginReloadAssembly (154ms)
		ExecutionOrderSort (0ms)
		DisableScriptedObjects (6ms)
		BackupInstance (0ms)
		ReleaseScriptingObjects (0ms)
		CreateAndSetChildDomain (28ms)
	RebuildCommonClasses (33ms)
	RebuildNativeTypeToScriptingClass (11ms)
	initialDomainReloadingComplete (24ms)
	LoadAllAssembliesAndSetupDomain (191ms)
		LoadAssemblies (270ms)
		RebuildTransferFunctionScriptingTraits (0ms)
		AnalyzeDomain (12ms)
			TypeCache.Refresh (5ms)
				TypeCache.ScanAssembly (0ms)
			ScanForSourceGeneratedMonoScriptInfo (0ms)
			ResolveRequiredComponents (5ms)
	FinalizeReload (1001ms)
		ReleaseScriptCaches (0ms)
		RebuildScriptCaches (0ms)
		SetupLoadedEditorAssemblies (412ms)
			LogAssemblyErrors (0ms)
			InitializePlatformSupportModulesInManaged (6ms)
			SetLoadedEditorAssemblies (4ms)
			RefreshPlugins (0ms)
			BeforeProcessingInitializeOnLoad (59ms)
			ProcessInitializeOnLoadAttributes (316ms)
			ProcessInitializeOnLoadMethodAttributes (23ms)
			AfterProcessingInitializeOnLoad (2ms)
			EditorAssembliesLoaded (0ms)
		ExecutionOrderSort2 (0ms)
		AwakeInstancesAfterBackupRestoration (11ms)
Refreshing native plugins compatible for Editor in 4.17 ms, found 3 plugins.
Preloading 0 native plugins for Editor in 0.00 ms.
Unloading 3177 Unused Serialized files (Serialized files now loaded: 0)
Unloading 14 unused Assets / (28.6 KB). Loaded Objects now: 3740.
Memory consumption went from 119.1 MB to 119.1 MB.
Total: 3.215700 ms (FindLiveObjects: 0.263900 ms CreateObjectMapping: 0.252700 ms MarkObjects: 2.646300 ms  DeleteObjects: 0.051600 ms)

Prepare: number of updated asset objects reloaded= 0
AssetImportParameters requested are different than current active one (requested -> active):
  custom:scripting/monoscript/fileName/UdpSocket.cs: 5c2b80a042c65f789ef7f3c889fd101f -> 7555d065f81d23e6604acb91cf79ddd6
  custom:scripting/monoscript/fileName/Image.cs: 31ff8141403f4cb357eb7bf7e9ffdaeb -> f32195bbbc1ca9edcb6c8c6185597e40
  custom:scripting/monoscript/fileName/Cli.cs: 3c2ed0c881a657a6a8d1cec2a5d27e18 -> d287e08b50f2cb135aa4d7f8e01b7ef9
  custom:scripting/monoscript/fileName/KnownAssemblies.cs: 5a9878fa8cd33efc58225a4622d3c409 -> 286bea9f8fcee5e392f6fc0f0cd541c8
  custom:scripting/monoscript/fileName/SimpleJSON.cs: 2249b1d8736d53bdbb860984e9900714 -> 70c028a07c79c166db015acda1282d86
  custom:container-demuxer-ogg: 62fdf1f143b41e24485cea50d1cbac27 -> 
  custom:scripting/precompiled-assembly-types:Unity.PlasticSCM.Editor: 72a23a7a65cae48dae511b6579c293e4 -> 7e4e003063ee77e81fbf11080919f8e6
  custom:scripting/monoscript/fileName/SolutionProjectEntry.cs: 2cdbeb47f8763ac80d7836f6135300a9 -> 68cea09e9af09443edf61e18806ac1c2
  custom:scripting/monoscript/fileName/TcpListener.cs: 61afd6a8605bfd0084b595d2a15e8b2e -> 940bfdac0e91ad2884e6359468f2782a
  custom:scripting/monoscript/fileName/TcpClient.cs: 55a65447af3e4d6ecee8fd6d8f8731bd -> a949cfd4c46427829913ee0195fa0103
  custom:video-codec-MediaFoundation-h265: 746d11721c4dcdbdad8f713fa42b33f4 -> 
  custom:scripting/monoscript/fileName/LegacyStyleProjectGeneration.cs: 8aa3d3f0dc4d59c1ad013b88ff81a18d -> 4858a0ab74312ccaa3ff27a510a9d575
  custom:scripting/monoscript/fileName/FileUtility.cs: ce7e1c41f3666e04a20e8ab169333163 -> 2d70b80c72be1fb3b2b89ce0939e8cef
  custom:video-decoder-ogg-theora: a1e56fd34408186e4bbccfd4996cb3dc -> 
  custom:framework-win-MediaFoundation: 216162199b28c13a410421893ffa2e32 -> 
  custom:scripting/monoscript/fileName/VisualStudioCursorInstallation.cs: 95dc478876e6707a7e0d3e4422a08b22 -> 
  custom:scripting/monoscript/fileName/Messenger.cs: e1a29b4f8717764c5ff32215b741de2c -> f4ebc46d09b2b4de489946914db2aae0
  custom:scripting/monoscript/fileName/ProcessRunner.cs: 9913dac524d7fba7e53010bd3e109769 -> 932a2a80cb9a3539199f645deff3c585
  custom:scripting/monoscript/fileName/ExceptionEventArgs.cs: c1fb418063f3fe95153ce19939c50281 -> 27cb4c00a4137b184e01164606c88685
  custom:scripting/monoscript/fileName/ProjectGeneration.cs: 9ecb66398cf426136e1427db129d71bc -> 5d892aecaaa9b5c9f4162e2ae2b374ef
  custom:scripting/monoscript/fileName/GameOverUI.cs: 204dcc333de1c17b944f34fa4337dc40 -> 
  custom:scripting/monoscript/fileName/Symbols.cs: 37055ad381792899bea2e26647ce5ae9 -> 27613575e8bda8a6448f80ff27c488f9
  custom:scripting/monoscript/fileName/VersionPair.cs: 219dda7a75299c084fd265cf8d4d22ac -> 88b4a0b7e953537f26ded0a68cf4c238
  custom:scripting/precompiled-assembly-types:Unity.Timeline.Editor: b4313fba5652ee5a8449f3ec85f31ae4 -> 534d7c71c4dd9147ea00599cede121e1
  custom:CustomObjectIndexerAttribute: 9a22284fe3817be447336de3de66b15e -> 
  custom:scripting/monoscript/fileName/TestResultAdaptor.cs: 9b1d3d6bb50f08d85d0c8ba1d01b312d -> fb4db3971d5379750cda884e7e44e3e4
  custom:scripting/monoscript/fileName/VisualStudioEditor.cs: edffea2b56ff2fcda30202ca00e6de62 -> 21e59f688ad500ab61aca318850ec505
  custom:scripting/monoscript/fileName/VisualStudioInstallation.cs: d9bdf8280241f81cb63321a50b4ad2cb -> 41612f13db7783c8635801ab159c1079
  custom:scripting/monoscript/fileName/GameStartPanel.cs: f9029a7546d6d0a640aa647183643613 -> 
  custom:container-demuxer-webm: 4f35f7cbe854078d1ac9338744f61a02 -> 
  custom:scripting/monoscript/fileName/Solution.cs: 6f57345c5a9c03cd9de52e226d588ae1 -> 8bc97d0abd509f39b67b3a5bbac1b9a1
  custom:scripting/monoscript/fileName/VisualStudioCodiumInstallation.cs: 8ee758ce837648e8a493211c15ac775a -> 
  custom:scripting/precompiled-assembly-types:Unity.Cursor.Editor: c4135f52e7ee32dfaf93d3e70b9c4e0a -> 
  custom:scripting/monoscript/fileName/GUIDProvider.cs: cb8edf978faeabcee864dce1a906a291 -> cdd3f47e4fe593d2dfdf9915fa537e3f
  custom:container-muxer-webm: aa71ff27fc2769a1b78a27578f13a17b -> 
  custom:video-decoder-webm-vp8: 9c59270c3fd7afecdb556c50c9e8de78 -> 
  custom:scripting/monoscript/fileName/MessageEventArgs.cs: 1019688f506e4394820040d9795c0a7d -> 528473bbcee3623fe954627c6bfadd2e
  custom:SearchIndexIgnoredProperties: e643bd26f0fe6173181afceb89e7c659 -> 
  custom:scripting/monoscript/fileName/ProjectProperties.cs: 2d74649e53a223aa9cd860921346e9bd -> 407063898a13eaad2cd100e43551c6b5
  custom:AudioImporter_EditorPlatform: d09bf68614088b80899f8185d706f6e7 -> 
  custom:scripting/monoscript/fileName/UnityInstallation.cs: e77a4cd80130bf9635eda265c59fc585 -> 0ba30d4545f2c34a9323456723b5dbfe
  custom:scripting/precompiled-assembly-types:Unity.VisualScripting.Core.Editor: 1ac958119c4ad755d50390246b13522a -> 39597c0f3a76e24d87d64afa59c5f88d
  custom:scripting/monoscript/fileName/SolutionParser.cs: 28362f3ad5ff471d352dad937c4f46f0 -> 240a75b5fc2682997268aa77e6a1dd86
  custom:scripting/monoscript/fileName/TestAdaptor.cs: 5be3b7fc797cbdb67976ea5fdb904de5 -> 486cec8559bad7c56adc699f165feb67
  custom:scripting/precompiled-assembly-types:UnityEngine.TestRunner: 7a4d96a0696e29157328c6996c3b82c5 -> f5758234275f5346968d00e3b1a1c0e4
  custom:scripting/monoscript/fileName/Discovery.cs: 43295ac1709a058ba3ec01d8585e170c -> 2b1006b9be47307c73378eaafc98b6fb
  custom:scripting/monoscript/fileName/VisualStudioIntegration.cs: f837b233b752d741f76e0990c5fad160 -> f9e623c49f9f20ea97a4519aa48d72d4
  custom:scripting/monoscript/fileName/FileIOProvider.cs: 081176a77b8b51898d4a1d6cfbab48ce -> 304525d180d2b661ce338fc8a3225752
  custom:scripting/monoscript/fileName/SdkStyleProjectGeneration.cs: 0d12ba8b4cce4103aedd4f5c89736364 -> bbd8a39d16aad1a0b8d5240b1f43f4a4
  custom:scripting/monoscript/fileName/Enemy.cs: 13cc614454c9ae28caa24456faa3d7cf -> 
  custom:video-encoder-webm-vp8: eb34c28f22e8b96e1ab97ce403110664 -> 
  custom:audio-decoder-ogg-vorbis: bf7c407c2cedff20999df2af8eb42d56 -> 
  custom:scripting/monoscript/fileName/SolutionProperties.cs: 0b7dbd9dc0e3af7f872e6112fa6f596e -> ab8751e49ae2f3d9994444a0a38619bd
  custom:scripting/monoscript/fileName/TestRunnerApiListener.cs: 9b7ed325f86e08c020c1bdc783d9bb51 -> cc17cec8825a8f933d6ecbd68d51f1de
  custom:scripting/monoscript/fileName/AssemblyNameProvider.cs: 06c09785a9ef49a49b329ed384758248 -> 170b0fd934f78f2e6a09342014bfa1fc
  custom:scripting/monoscript/fileName/Serializer.cs: 44df498e13906e45a2828923a7f89ac6 -> d7df1b97d0a3bd0bb98fd4d2d5bf5d29
  custom:scripting/monoscript/fileName/Message.cs: 3d319f70d9870482a245157c25577c4e -> 671a789acb2c7a93d0b620fe02979957
  custom:scripting/monoscript/fileName/Deserializer.cs: 7a4843246f0d5a1b063e9a6fef778397 -> 1cc72e9ed2428cc6d6ce2d4d2ad7b02b
  custom:scripting/monoscript/fileName/Test.cs: 8289d0398bd9a051035a87365428a0e7 -> 
  custom:audio-encoder-webm-vorbis: bf7c407c2cedff20999df2af8eb42d56 -> 
  custom:scripting/monoscript/fileName/TestRunnerCallbacks.cs: 901a1f98c6fdb76be420d56e91fe540d -> 5627cb9f4ed769fba607b0cab8e9e63d
  custom:scripting/monoscript/fileName/AsyncOperation.cs: 8f6297df34271fdb1ce2d9607ec6261d -> 90647cc400823b41df847a6cbfc29026
  custom:scripting/precompiled-assembly-types:Assembly-CSharp: 21ebfb0f5adf3ec10b439ac8102297a1 -> 
  custom:scripting/monoscript/fileName/UsageUtility.cs: 3f044a4563e8e23515be1e6c9e7e0fc7 -> 5ed3d13206b2b96245ce59a5c83beed1
========================================================================
Received Prepare
Caller must complete domain reload
Begin MonoManager ReloadAssembly
- Loaded All Assemblies, in  0.484 seconds
Native extension for WindowsStandalone target not found
Native extension for WebGL target not found
Mono: successfully reloaded assembly
- Finished resetting the current domain, in  1.079 seconds
Domain Reload Profiling: 1563ms
	BeginReloadAssembly (163ms)
		ExecutionOrderSort (0ms)
		DisableScriptedObjects (6ms)
		BackupInstance (0ms)
		ReleaseScriptingObjects (0ms)
		CreateAndSetChildDomain (29ms)
	RebuildCommonClasses (37ms)
	RebuildNativeTypeToScriptingClass (13ms)
	initialDomainReloadingComplete (27ms)
	LoadAllAssembliesAndSetupDomain (244ms)
		LoadAssemblies (312ms)
		RebuildTransferFunctionScriptingTraits (0ms)
		AnalyzeDomain (30ms)
			TypeCache.Refresh (13ms)
				TypeCache.ScanAssembly (0ms)
			ScanForSourceGeneratedMonoScriptInfo (9ms)
			ResolveRequiredComponents (6ms)
	FinalizeReload (1080ms)
		ReleaseScriptCaches (0ms)
		RebuildScriptCaches (0ms)
		SetupLoadedEditorAssemblies (380ms)
			LogAssemblyErrors (0ms)
			InitializePlatformSupportModulesInManaged (6ms)
			SetLoadedEditorAssemblies (3ms)
			RefreshPlugins (0ms)
			BeforeProcessingInitializeOnLoad (52ms)
			ProcessInitializeOnLoadAttributes (295ms)
			ProcessInitializeOnLoadMethodAttributes (22ms)
			AfterProcessingInitializeOnLoad (2ms)
			EditorAssembliesLoaded (0ms)
		ExecutionOrderSort2 (0ms)
		AwakeInstancesAfterBackupRestoration (10ms)
Refreshing native plugins compatible for Editor in 5.45 ms, found 3 plugins.
Preloading 0 native plugins for Editor in 0.00 ms.
Unloading 3177 Unused Serialized files (Serialized files now loaded: 0)
Unloading 14 unused Assets / (28.6 KB). Loaded Objects now: 3743.
Memory consumption went from 119.1 MB to 119.1 MB.
Total: 2.738000 ms (FindLiveObjects: 0.256000 ms CreateObjectMapping: 0.209700 ms MarkObjects: 2.234100 ms  DeleteObjects: 0.037400 ms)

Prepare: number of updated asset objects reloaded= 0
AssetImportParameters requested are different than current active one (requested -> active):
  custom:scripting/monoscript/fileName/UdpSocket.cs: 5c2b80a042c65f789ef7f3c889fd101f -> 7555d065f81d23e6604acb91cf79ddd6
  custom:scripting/monoscript/fileName/Image.cs: 31ff8141403f4cb357eb7bf7e9ffdaeb -> f32195bbbc1ca9edcb6c8c6185597e40
  custom:scripting/monoscript/fileName/Cli.cs: 3c2ed0c881a657a6a8d1cec2a5d27e18 -> d287e08b50f2cb135aa4d7f8e01b7ef9
  custom:scripting/monoscript/fileName/KnownAssemblies.cs: 5a9878fa8cd33efc58225a4622d3c409 -> 286bea9f8fcee5e392f6fc0f0cd541c8
  custom:scripting/monoscript/fileName/SimpleJSON.cs: 2249b1d8736d53bdbb860984e9900714 -> 70c028a07c79c166db015acda1282d86
  custom:container-demuxer-ogg: 62fdf1f143b41e24485cea50d1cbac27 -> 
  custom:scripting/precompiled-assembly-types:Unity.PlasticSCM.Editor: 72a23a7a65cae48dae511b6579c293e4 -> 7e4e003063ee77e81fbf11080919f8e6
  custom:scripting/monoscript/fileName/SolutionProjectEntry.cs: 2cdbeb47f8763ac80d7836f6135300a9 -> 68cea09e9af09443edf61e18806ac1c2
  custom:scripting/monoscript/fileName/TcpListener.cs: 61afd6a8605bfd0084b595d2a15e8b2e -> 940bfdac0e91ad2884e6359468f2782a
  custom:scripting/monoscript/fileName/TcpClient.cs: 55a65447af3e4d6ecee8fd6d8f8731bd -> a949cfd4c46427829913ee0195fa0103
  custom:video-codec-MediaFoundation-h265: 746d11721c4dcdbdad8f713fa42b33f4 -> 
  custom:scripting/monoscript/fileName/LegacyStyleProjectGeneration.cs: 8aa3d3f0dc4d59c1ad013b88ff81a18d -> 4858a0ab74312ccaa3ff27a510a9d575
  custom:scripting/monoscript/fileName/FileUtility.cs: ce7e1c41f3666e04a20e8ab169333163 -> 2d70b80c72be1fb3b2b89ce0939e8cef
  custom:video-decoder-ogg-theora: a1e56fd34408186e4bbccfd4996cb3dc -> 
  custom:framework-win-MediaFoundation: 216162199b28c13a410421893ffa2e32 -> 
  custom:scripting/monoscript/fileName/VisualStudioCursorInstallation.cs: 95dc478876e6707a7e0d3e4422a08b22 -> 
  custom:scripting/monoscript/fileName/Messenger.cs: e1a29b4f8717764c5ff32215b741de2c -> f4ebc46d09b2b4de489946914db2aae0
  custom:scripting/monoscript/fileName/ProcessRunner.cs: 9913dac524d7fba7e53010bd3e109769 -> 932a2a80cb9a3539199f645deff3c585
  custom:scripting/monoscript/fileName/ExceptionEventArgs.cs: c1fb418063f3fe95153ce19939c50281 -> 27cb4c00a4137b184e01164606c88685
  custom:scripting/monoscript/fileName/ProjectGeneration.cs: 9ecb66398cf426136e1427db129d71bc -> 5d892aecaaa9b5c9f4162e2ae2b374ef
  custom:scripting/monoscript/fileName/GameOverUI.cs: 204dcc333de1c17b944f34fa4337dc40 -> 
  custom:scripting/monoscript/fileName/Symbols.cs: 37055ad381792899bea2e26647ce5ae9 -> 27613575e8bda8a6448f80ff27c488f9
  custom:scripting/monoscript/fileName/VersionPair.cs: 219dda7a75299c084fd265cf8d4d22ac -> 88b4a0b7e953537f26ded0a68cf4c238
  custom:scripting/precompiled-assembly-types:Unity.Timeline.Editor: b4313fba5652ee5a8449f3ec85f31ae4 -> 534d7c71c4dd9147ea00599cede121e1
  custom:CustomObjectIndexerAttribute: 9a22284fe3817be447336de3de66b15e -> 
  custom:scripting/monoscript/fileName/TestResultAdaptor.cs: 9b1d3d6bb50f08d85d0c8ba1d01b312d -> fb4db3971d5379750cda884e7e44e3e4
  custom:scripting/monoscript/fileName/VisualStudioEditor.cs: edffea2b56ff2fcda30202ca00e6de62 -> 21e59f688ad500ab61aca318850ec505
  custom:scripting/monoscript/fileName/VisualStudioInstallation.cs: d9bdf8280241f81cb63321a50b4ad2cb -> 41612f13db7783c8635801ab159c1079
  custom:scripting/monoscript/fileName/GameStartPanel.cs: f9029a7546d6d0a640aa647183643613 -> 
  custom:container-demuxer-webm: 4f35f7cbe854078d1ac9338744f61a02 -> 
  custom:scripting/monoscript/fileName/Solution.cs: 6f57345c5a9c03cd9de52e226d588ae1 -> 8bc97d0abd509f39b67b3a5bbac1b9a1
  custom:scripting/monoscript/fileName/VisualStudioCodiumInstallation.cs: 8ee758ce837648e8a493211c15ac775a -> 
  custom:scripting/precompiled-assembly-types:Unity.Cursor.Editor: c4135f52e7ee32dfaf93d3e70b9c4e0a -> 
  custom:scripting/monoscript/fileName/GUIDProvider.cs: cb8edf978faeabcee864dce1a906a291 -> cdd3f47e4fe593d2dfdf9915fa537e3f
  custom:container-muxer-webm: aa71ff27fc2769a1b78a27578f13a17b -> 
  custom:video-decoder-webm-vp8: 9c59270c3fd7afecdb556c50c9e8de78 -> 
  custom:scripting/monoscript/fileName/MessageEventArgs.cs: 1019688f506e4394820040d9795c0a7d -> 528473bbcee3623fe954627c6bfadd2e
  custom:SearchIndexIgnoredProperties: e643bd26f0fe6173181afceb89e7c659 -> 
  custom:scripting/monoscript/fileName/ProjectProperties.cs: 2d74649e53a223aa9cd860921346e9bd -> 407063898a13eaad2cd100e43551c6b5
  custom:AudioImporter_EditorPlatform: d09bf68614088b80899f8185d706f6e7 -> 
  custom:scripting/monoscript/fileName/UnityInstallation.cs: e77a4cd80130bf9635eda265c59fc585 -> 0ba30d4545f2c34a9323456723b5dbfe
  custom:scripting/precompiled-assembly-types:Unity.VisualScripting.Core.Editor: 1ac958119c4ad755d50390246b13522a -> 39597c0f3a76e24d87d64afa59c5f88d
  custom:scripting/monoscript/fileName/SolutionParser.cs: 28362f3ad5ff471d352dad937c4f46f0 -> 240a75b5fc2682997268aa77e6a1dd86
  custom:scripting/monoscript/fileName/TestAdaptor.cs: 5be3b7fc797cbdb67976ea5fdb904de5 -> 486cec8559bad7c56adc699f165feb67
  custom:scripting/precompiled-assembly-types:UnityEngine.TestRunner: 7a4d96a0696e29157328c6996c3b82c5 -> f5758234275f5346968d00e3b1a1c0e4
  custom:scripting/monoscript/fileName/Discovery.cs: 43295ac1709a058ba3ec01d8585e170c -> 2b1006b9be47307c73378eaafc98b6fb
  custom:scripting/monoscript/fileName/VisualStudioIntegration.cs: f837b233b752d741f76e0990c5fad160 -> f9e623c49f9f20ea97a4519aa48d72d4
  custom:scripting/monoscript/fileName/FileIOProvider.cs: 081176a77b8b51898d4a1d6cfbab48ce -> 304525d180d2b661ce338fc8a3225752
  custom:scripting/monoscript/fileName/SdkStyleProjectGeneration.cs: 0d12ba8b4cce4103aedd4f5c89736364 -> bbd8a39d16aad1a0b8d5240b1f43f4a4
  custom:scripting/monoscript/fileName/Enemy.cs: 13cc614454c9ae28caa24456faa3d7cf -> 
  custom:video-encoder-webm-vp8: eb34c28f22e8b96e1ab97ce403110664 -> 
  custom:audio-decoder-ogg-vorbis: bf7c407c2cedff20999df2af8eb42d56 -> 
  custom:scripting/monoscript/fileName/SolutionProperties.cs: 0b7dbd9dc0e3af7f872e6112fa6f596e -> ab8751e49ae2f3d9994444a0a38619bd
  custom:scripting/monoscript/fileName/TestRunnerApiListener.cs: 9b7ed325f86e08c020c1bdc783d9bb51 -> cc17cec8825a8f933d6ecbd68d51f1de
  custom:scripting/monoscript/fileName/AssemblyNameProvider.cs: 06c09785a9ef49a49b329ed384758248 -> 170b0fd934f78f2e6a09342014bfa1fc
  custom:scripting/monoscript/fileName/Serializer.cs: 44df498e13906e45a2828923a7f89ac6 -> d7df1b97d0a3bd0bb98fd4d2d5bf5d29
  custom:scripting/monoscript/fileName/Message.cs: 3d319f70d9870482a245157c25577c4e -> 671a789acb2c7a93d0b620fe02979957
  custom:scripting/monoscript/fileName/Deserializer.cs: 7a4843246f0d5a1b063e9a6fef778397 -> 1cc72e9ed2428cc6d6ce2d4d2ad7b02b
  custom:scripting/monoscript/fileName/Test.cs: 8289d0398bd9a051035a87365428a0e7 -> 
  custom:audio-encoder-webm-vorbis: bf7c407c2cedff20999df2af8eb42d56 -> 
  custom:scripting/monoscript/fileName/TestRunnerCallbacks.cs: 901a1f98c6fdb76be420d56e91fe540d -> 5627cb9f4ed769fba607b0cab8e9e63d
  custom:scripting/monoscript/fileName/AsyncOperation.cs: 8f6297df34271fdb1ce2d9607ec6261d -> 90647cc400823b41df847a6cbfc29026
  custom:scripting/precompiled-assembly-types:Assembly-CSharp: 21ebfb0f5adf3ec10b439ac8102297a1 -> 
  custom:scripting/monoscript/fileName/UsageUtility.cs: 3f044a4563e8e23515be1e6c9e7e0fc7 -> 5ed3d13206b2b96245ce59a5c83beed1
